# 선배 단어 자료 오타·틀린 뜻 고침표 (2026-09-28 밤, 클로드가 낱말마다 확인)
# 칸: 틀린 낱말 | 바른 낱말(= 은 그대로, DROP 은 뺌) | 한국어 뜻(빈칸은 그대로) | 예문(빈칸은 틀린 글자만 바꿈) | 예문 뜻(빈칸은 그대로)
# 근거: 철자는 베트남어 사전 표제어, 뜻은 한국어기초사전(국립국어원) 베트남어 대역·위키낱말사전. 선배 자료의 뜻(ko)이 분명하면 그 뜻에 맞는 바른 낱말로 바꾼다.
Hoa,	DROP				문장 조각('Hoa, ...' 인사말)이 낱말로 잘못 들어감
ninh ninh	DROP				사람 이름 + 문장 조각이 낱말로 잘못 들어감
cá phê sữa đá	cà phê sữa đá	연유 아이스커피		나는 연유 아이스커피 마시는 것을 좋아한다.
Chùng ta	chúng ta	우리 (듣는 사람까지 포함)
may ảnh	máy ảnh	카메라
cái giương	cái giường	침대
Bến xu buýt	bến xe buýt	버스 정류장
bắt dầu	bắt đầu	시작하다
bạn gai	bạn gái	여자 친구
Cuối thần	cuối tuần	주말
sư thay đổi	sự thay đổi	변화
phong chờ	phòng chờ	대합실, 대기실
chuyến bay thắng	chuyến bay thẳng	직항편
thực đón	thực đơn	메뉴, 차림표
ngủ sai	ngủ say	깊이 잠들다	Tối qua tôi ngủ say.	어젯밤 나는 깊이 잠들었다.
phòng tục	phong tục	풍습
trình đô	trình độ	수준
tư hào	tự hào	자랑스럽다, 자부하다
thường thức	thưởng thức	맛보다, 즐기다
quân đùi	quần đùi	반바지
chu đào	chu đáo	세심한, 사려 깊은
đọng viên	động viên	격려하다
thương đế	thượng đế	하느님, 신
bán xỉ	bán sỉ	도매하다
cầu thả	cẩu thả	부주의한, 대충 하는
đời đô	dời đô	수도를 옮기다, 천도하다
giải tác	sáng tác	창작하다, 작곡하다
tiếp hiệp	hợp tác	협력하다, 협조하다
sở hạ tầng	cơ sở hạ tầng	인프라, 기반 시설
phải chị	phải chi	~했더라면 좋았을 텐데	Phải chi em nghe lời chị thì đã tốt hơn.	네가 내 말을 들었더라면 좋았을 텐데.
tâm chí	tâm trí	마음, 정신
hưu dụng	hữu dụng	유용한
trạm y thế	trạm y tế	보건소
cổng viên	công viên	공원	Có một quán nước ở công viên.	공원에 음료 가게가 하나 있다.
tác phẩm để đòi	tác phẩm để đời	불후의 명작
cân nhắn	cân nhắc	고려하다, 신중히 생각하다
Vòng xuyên	vòng xuyến	로터리
dốt lại	rốt lại	결국, 마침내
tinh năng	tính năng	기능, 성능
thận phận xã hội	thân phận xã hội	사회적 신분
Nhẹ nhành	nhẹ nhàng	가볍게, 사뿐사뿐
quầy bán vè	quầy bán vé	매표소
cổ vũ cuồng nghiệt	cổ vũ cuồng nhiệt	열광적으로 응원하다
Tiêu đè	đè nén	억누르다, 억제하다
thánh danh	thành danh	이름을 떨치다, 출세하다	Anh ấy thành danh ở tuổi ba mươi.	그는 서른 살에 이름을 떨쳤다.
người hương nội	người hướng nội	내향적인 사람
người hương ngoại	người hướng ngoại	외향적인 사람
hành vé	xuất vé	발권하다	Nhân viên xuất vé rất nhanh nhẹn.	발권 직원이 매우 민첩하다.
chim dần	chìm dần	점점 가라앉다
da số	đa số	다수, 대다수
mất mầu	mất màu	색이 바래다
dạy này	dạo này	요즘
ngâu phiếu	ngân phiếu	수표
gia thân thương	giá thân thương	친구 가격	Giá thân thương chỉ áp dụng cho bạn bè.
san vật	sản vật	특산물
sấu	sâu	벌레	Có một con sâu bò trên lá.
đần	dần	점차, 점점
chi phí bún đổi	chi phí biến đổi	변동비
gian	thời gian bảo hành	보증 기간	Sản phẩm có thời gian bảo hành một năm.	제품의 보증 기간은 1년이다.
đối chút	đôi chút	조금, 약간	Tôi cần nghỉ đôi chút.	나는 잠깐 쉬어야 한다.
sóng giờ	giờ cao điểm	러시아워, 붐비는 시간	Đường phố đông vào giờ cao điểm.
từ chỉnh sáng	tự chỉnh sáng	밝기를 자동으로 조절하다
tụ ti	tự ti	열등감을 느끼다, 자신감이 없다
mẫu giấy	mẩu giấy	종잇조각, 쪽지
trúng sổ số	trúng xổ số	복권에 당첨되다
đại	dài	길다
Trung	=	쭝 (사람 이름)
Giòn	=	바삭하다, 아삭하다		이 음식은 아주 바삭하다.
xếp hạng	=	순위를 매기다, 순위에 오르다
hôm kia	=	그저께
chuyện không may	=	불행한 일
phân cấp	=	등급을 나누다, 권한을 나누다
thể hình	=	보디빌딩, 몸매
chuyên biệt	=	전문화된, 특화된
xem xét	=	검토하다, 살펴보다
hậu quả	=	좋지 않은 결과
đồng cấp	=	동급, 같은 등급
đầu ngành	=	그 분야의 선두, 일인자
thông tầm	=	(점심시간에도 쉬지 않고) 쭉 계속
viên ngọc	=	보석, 구슬
vô sản	=	무산 계급의, 가진 것이 없는	Họ thuộc giai cấp vô sản.	그들은 무산 계급에 속한다.
nếp	=	습관, 생활 방식 · 주름 · 찹쌀
nát	=	으깨진, 부서진, 구겨진
tín dụng	=	신용 (thẻ tín dụng 신용카드)
tầng lầu	=	(건물의) 층, 위층
sên	=	민달팽이 · (오토바이) 체인		나뭇잎 위에 민달팽이가 한 마리 있다.
lợ	=	(맛이) 짜지도 달지도 않게 밍밍한 · (물이) 약간 짠 (nước lợ 기수)		이 국은 맛이 좀 밍밍하다.
phóng	=	쏘다, 발사하다 · (사진을) 확대하다 · 내달리다 · 석방하다 (phóng thích)
khắp thế giởi	khắp thế giới	온 세상에, 전 세계에
nhà riȇng	nhà riêng	개인 주택
rựou vào lời ra	rượu vào lời ra	술이 들어가면 말이 많아진다 (취중진담)
sưc khỏe thể chất	sức khỏe thể chất	신체 건강
tiếng Khme	tiếng Khmer	캄보디아어 (크메르어)
dủ	đủ	충분하다, 다 채우다
Mùa HạMùa Hè	Mùa Hè	여름
tột nghiệp	tốt nghiệp	졸업하다
tám ảnh bức ảnh	bức ảnh	사진 (tấm ảnh 과 같은 말)	Tôi chụp một bức ảnh ở biển.	나는 바다에서 사진 한 장을 찍었다.
Em Yu	DROP			
vợ sắp cưới	=	약혼녀			선배 뜻에 섞인 영어(fiancée) 걷어 냄 — 부호 있는 로마자라 clean_en.py 가 못 잡았다 (2026-09-29)
# 2026-09-29 분류사 cái + 명사 → 명사 (cái nóng 더위·cái gì/này/kia/đó 는 한 낱말이라 그대로)
Cái bàn	bàn		Cái bàn này rất chắc chắn.		분류사 cái 를 붙여 적은 것 — 표제어는 뒤의 명사(대표님 지시 2026-09-29: 'cái nhà 는 굳이 두 개를 하나로 합치지 않아도'), 예문은 그대로
Cái mũ	mũ		Cái mũ này rất đẹp.		분류사 cái 를 붙여 적은 것 — 표제어는 뒤의 명사(대표님 지시 2026-09-29: 'cái nhà 는 굳이 두 개를 하나로 합치지 않아도'), 예문은 그대로
Cái ví	ví		Tôi làm mất cái ví.		분류사 cái 를 붙여 적은 것 — 표제어는 뒤의 명사(대표님 지시 2026-09-29: 'cái nhà 는 굳이 두 개를 하나로 합치지 않아도'), 예문은 그대로
Cái ghế	ghế		Cái ghế này rất thoải mái.		분류사 cái 를 붙여 적은 것 — 표제어는 뒤의 명사(대표님 지시 2026-09-29: 'cái nhà 는 굳이 두 개를 하나로 합치지 않아도'), 예문은 그대로
Cái bảng	bảng		Thầy viết bài lên cái bảng.		분류사 cái 를 붙여 적은 것 — 표제어는 뒤의 명사(대표님 지시 2026-09-29: 'cái nhà 는 굳이 두 개를 하나로 합치지 않아도'), 예문은 그대로
Cái kính	kính		Tôi để quên cái kính ở nhà.		분류사 cái 를 붙여 적은 것 — 표제어는 뒤의 명사(대표님 지시 2026-09-29: 'cái nhà 는 굳이 두 개를 하나로 합치지 않아도'), 예문은 그대로
Cái bút bi	bút bi		Cho tôi mượn cái bút bi.		분류사 cái 를 붙여 적은 것 — 표제어는 뒤의 명사(대표님 지시 2026-09-29: 'cái nhà 는 굳이 두 개를 하나로 합치지 않아도'), 예문은 그대로
Cái cốc	cốc		Cái cốc này bị vỡ.		분류사 cái 를 붙여 적은 것 — 표제어는 뒤의 명사(대표님 지시 2026-09-29: 'cái nhà 는 굳이 두 개를 하나로 합치지 않아도'), 예문은 그대로
Cái đồng hồ	đồng hồ		Cái đồng hồ này rất đắt.		분류사 cái 를 붙여 적은 것 — 표제어는 뒤의 명사(대표님 지시 2026-09-29: 'cái nhà 는 굳이 두 개를 하나로 합치지 않아도'), 예문은 그대로
Cái xe đạp	xe đạp		Cái xe đạp của tôi bị hỏng.		분류사 cái 를 붙여 적은 것 — 표제어는 뒤의 명사(대표님 지시 2026-09-29: 'cái nhà 는 굳이 두 개를 하나로 합치지 않아도'), 예문은 그대로
cái kính râm	kính râm		Anh ấy đeo cái kính râm.		분류사 cái 를 붙여 적은 것 — 표제어는 뒤의 명사(대표님 지시 2026-09-29: 'cái nhà 는 굳이 두 개를 하나로 합치지 않아도'), 예문은 그대로
cái nhà	nhà		Cái nhà này khá cũ.		분류사 cái 를 붙여 적은 것 — 표제어는 뒤의 명사(대표님 지시 2026-09-29: 'cái nhà 는 굳이 두 개를 하나로 합치지 않아도'), 예문은 그대로
cái bút chì	bút chì		Tôi cần một cái bút chì.		분류사 cái 를 붙여 적은 것 — 표제어는 뒤의 명사(대표님 지시 2026-09-29: 'cái nhà 는 굳이 두 개를 하나로 합치지 않아도'), 예문은 그대로
cái xe máy	xe máy		Anh ấy mua một cái xe máy mới.		분류사 cái 를 붙여 적은 것 — 표제어는 뒤의 명사(대표님 지시 2026-09-29: 'cái nhà 는 굳이 두 개를 하나로 합치지 않아도'), 예문은 그대로
cái giường	giường		Cái giường này rất êm.		분류사 cái 를 붙여 적은 것 — 표제어는 뒤의 명사(대표님 지시 2026-09-29: 'cái nhà 는 굳이 두 개를 하나로 합치지 않아도'), 예문은 그대로
