mary	메리 (사람 이름)
eun	은지(Eun Ji)의 '은' — 사람 이름
ji	은지(Eun Ji)의 '지' — 사람 이름
kate	케이트 (사람 이름)
david	데이비드 (사람 이름)
brian	브라이언 (사람 이름)
john	존 (사람 이름)
reiko	레이코 (일본 사람 이름)
watanabe	와타나베 (일본 사람의 성)
taro	다로 (일본 사람 이름)
bum	김범(Kim Bum)의 '범' — 사람 이름
busan	부산 (한국 도시)
bangkok	방콕 (태국 수도)
samsung	삼성 (회사 이름)
ila	ILA (영어 학원 이름)
nvpv	종업원 (nhân viên phục vụ 의 줄임말)
hn	하노이 (Hà Nội 의 줄임말)
tp	시(市) (thành phố 의 줄임말)
hcm	호찌민 (Hồ Chí Minh 의 줄임말)
usd	미국 달러
ielts	아이엘츠 (영어 능력 시험)
kg	킬로그램
khmer	크메르 (캄보디아의 주된 민족)
noel	크리스마스 (cây thông Noel 크리스마스트리)
violon	바이올린
gatô	케이크 (bánh gatô)
complê	양복 정장 (bộ complê)
mililít	밀리리터
điốt	다이오드 (전기가 한쪽으로만 흐르게 하는 부품)
salad	샐러드
radio	라디오
vani	바닐라
opera	오페라
golf	골프
tour	여행 상품, 투어 (đặt tour 투어를 예약하다)
gym	헬스 운동, 헬스장 (tập gym 헬스하다)
tennis	테니스
americano	아메리카노
lotto	로또 (복권)
toà	건물 · 채 (tòa 와 같은 말, tòa nhà 건물)
rệt	뚜렷하다 (rõ rệt 로 씀)
uyên	깊다 (uyên bác 박식하다)
sum	한데 모이다 (sum họp 으로 씀)
ia	이중 모음 ia (이어)
ua	이중 모음 ua (우어)
đt	동사 (động từ 의 줄임말)
s	주어 자리 (S = 주어)
campuchia	캄보디아 (나라 이름)
