# 위키낱말사전 짝을 뜻별로 (2026-09-29) — 클로드가 낱말마다 읽고 판정. 칸: 낱말 ⇥ 짝=뜻 번호(data/_senses.json 차례, 1부터) …
# 0 = 우리 뜻 목록에 없는 뜻의 짝(화면에 안 보임) · x = 넣지 않음(파싱 찌꺼기, 또는 짝의 한국어 뜻에 그 뜻이 안 보여 헷갈리게 하는 지역어·비꼬는 말 — 앞선 사람 판정 bầm↔mẹ 와 같은 기준)
ai	trí tuệ nhân tạo=x
anh	người=x	tôi=3
anh em	huynh đệ=1
ao	đầm=1
ba	bác=x	cậu=x	áng=x
bay	chúng mày=0
biết	hay=x
biểu	nhủ=1
biểu diễn	phương trình hoá học=x
bo	tiền nước=2	tiền thưởng=2
buồn	mắc=x	thèm=2
buổi	lượt=2
bà nội	má=x	mẹ=x
bàn	ván=x
bác	ba=0	bá=x	chị=x	người=x
bát	tóc mai=0	đọi=1
bé	cái=x
bình	bình phương=0
bình dân	dân đen=1
bình thường	nguỵ đời=1
bí mật	bí hiểm=2
bò	ống bơ=0
bóng	bê đê=0
bóp	bốt=x
bôi	lau=2
bơ	lờ=x	ống bơ=0
bưu điện	bưu chính viễn thông=2	bưu cục=1
bảo	nhủ=1
bảo hộ	bảo vệ=1
bảo vệ	bảo hộ=1
bấm	bấm chuột=2	nhấn chuột=2	nhấp=x	ấn chuột=2
bẩn	bợn=1	hèn=2
bắc	nam=1
bắt buộc	ép buộc=2
bằng	bằng cấp=3	là=2	văn bằng=3
bệnh	trục trặc=2
bọ	cậu=x
bọc	bịch=x
bọn	sắp=x
bố	cậu=x	áng=x	ông nội=x	đay=x
bụng	nương long=2
canh	giờ=4
cao	thượng=1
cha	cậu=x	áng=x	ông nội=x
chia sẻ	chia sớt=1
chim	cần tăng dân số=2
chiên	cơ đốc nhân=3
chiếc	con=x
chiếm	xâm lăng=2
chiều	cưng=4	thứ nguyên=3
cho	gởi=x	nộp=x
chuyển	biến chuyển=3	biến đổi=3	chuyển biến=3	chuyển giao=2	chuyển khoản=2	chuyển nhượng=2	chuyển nhận=2	chuyển đổi=3	chuyển động=1	lay chuyển=0	ship=2	thay đổi=3
chà	chuôm=0	vờ=x
chào	bai=1
cháu	con=x
cháy	cơm cháy=0
chè	nước chè=2
chèo	mái=x
chén	đọi=1
chép	chẹp=3
chênh lệch	chếch lệch=1
chính	phải=3	trái=x
chính tả	ám tả=2
chói	choáng=1
chùa	thiền tự=1	thiền viện=1	tinh xá=1	tùng lâm=1
chú ý	coi chừng=1	lưu ý=1	to=x	để ý=2
chúa	chúa trời=1	thiên chúa=1	thượng đế=1	vi=x
chăm	hời=x
chương trình	ứng dụng=4
chạy	hoạt động=2	đi=x
chả	chẳng=2	cóc=x	không=2	nỏ=2	đéo=2	đếch=2	ứ=x
chảo	sơn chà=x
chất	khét=4	khệnh=x
chắc	mình=x	à=x
chẵn	lẻ=1
chặt chẽ	sít sao=2
chết	bay màu=1	băng hà=1	chết mẹ=3	chết đuối=1	hẹo=1	hết hồn=0	hồn phi phách tán=0	hồn xiêu phách lạc=0	khuất núi=1	lìa đời=1	ngã xuống=1	ngủm=1	nằm xuống=1	ra đi=1	teo=x	thác=x	thôi chết=3	tiêu=x	toi=1	tèo=1	tạ thế=1	tử vong=1	viên tịch=1	vong=x	xuống lỗ=1	yên nghỉ=1	đi=1	đi xa=1	đi đời nhà ma=1	đứt bóng=1	ấy chết=3
chỉ	chỉ ... thôi=1	có=x
chị	bác=x	em=x
chỗ	thửa=x
chớp	cướp=x
chủ quan	khách quan=1
chủ yếu	chính yếu=2
chủ yếu	tất yếu=x
chủ ý	chủ tâm=1	dụng ý=1
chứng kiến	mục sở thị=1
chừng	tầm=1
chữ	tự=x
co	dãn=1
con	chiếc=5	cháu=x	cái=x	em=x
con gái	cô gái=2
cua	cưa=3
cuối cùng	ngay lập tức=x
cày	cằn=x
cá nhân	cá thể=1
cái	bé=x	con=x	gái=3	mái=3	mắm=x	nhỏ=x	nữ=3	sự=2	điều=2
cái gì	sao=x
cân	bốc=x
cân bằng	ổn định=3
câu	bồ câu=4	cú=x	cắng=x
cây	ki-lô-mét=3	thanh=x
cây số	ki-lô-mét=1
cò	niêm=x
còi	tu huýt=1
có	chỉ=x
cô	o=1	trẫm=x
công	chim công=4
căn	căn thức=3
cơ	kìa=x
cưa	cua=3
cước	cú đá=2	đòn chân=2	đòn đá=2
cướp	chớp=x
cạn	nốc=x
cảnh	ông can=x
cảnh sát	cảnh quan=x
cấm	chặn=1
cấp	cấp tính=4
cầu	hi vọng=3
cẩn thận	cẩn tắc=2
cận	cận thị=2
cậu	ba=4	bọ=4	bố=4	cha=4	đằng này=x	đằng ấy=2
cắp	đánh cắp=1
cắt	bốc=x	cúp=3
cố	cụ bà=3	cụ ông=3	ráng=1
cốc	bồ cốc=2	cú=x	cồng cộc=2	kơ nia=x
cổ	cổ đại=2
cổng	lối vào=1
cộng đồng	khu dân cư=x
cờ	xê=x
cỡ	tầm=2
cục	hòn=1	nóng=3
của	chưng=x
cứ	căn cứ=x
da	bì phu=1	gan=x
dai	han=x	ma=x
diện	ăn diện=1
dân chủ	dân quyền=2	dân trị=2	vi=x
dâu	dâu ta=3	dâu trắng=3
dây	dính líu=4	vấy=3
dãy	trình tự=x
dê	biến thái=2	dờ=x	đê=x	đờ=x
dì	mẹ kế=2
dính	nối=x
dù	dẫu=1
dùng	khả dụng=x
dượng	trượng=x
dạ	nương long=2	ờ=1	ừ=1
dấu	ký hiệu=1	thanh=x	thanh điệu=2
dẹp	bẹt=4
dễ	dễ dầu=x
dịp	lượt=x
dở	vừa=x	điên=x
dứa	khóm=x
em	chị=x	con=x
ga	nhà ga=1
gan	da=x	sơn tra=x
ghi	quay=x
ghi tên	ghi danh=2
ghét	oán=1
ghê	dễ sợ=1
ghẹ	vọ=x
giao	ship=2
giao tiếp	giao tế=2
già	bá=x	có tuổi=1
giành	xâm lăng=x
giá	giá mà=4	nếu như=4
giác	giốc=x
giáng	phang=x
giáng sinh	giáng trần=2
giò	chân giò=1
giúp	giúp đỡ=1
giúp việc	trợ thủ=1
giả	giả tạo=1	thật=1
giọng	khẩu âm=2
giờ	canh=x
giữ	thủ=x	trấn=x	trực=x
gái	cái=x	gái bán hoa=0	gái đứng đường=0
gì	sao=x
gôn	khung thành=2
gõ	cú=x
gấu	bạn gái=3	bạn trai=3
gốc	căn tố=1
hay	biết=5
heo	cúi=x	lợn=1	ỉn=1
hi sinh	chết=2	hẹo=2	hẻo=2	ngã xuống=2
hiện tại	lúc này=1
hiệu	cửa hàng=1
hiệu quả	công hiệu=2	ép phê=1
hoa văn	hán ngữ=2	tiếng hán=2
hoạt động	chạy=3
hài	bốt=0	hia=0	ủng=0
hàn	cảm sương=x	hàn quốc=2	hàn tà=x
hành	hành lá=1	hành ta=1	hành tây=2	hẹ tây=x
hành trang	hành lí=1	hành lý=1
hè	mùa hè=1	nhỉ=x	nào=x
hình thức	vẻ ngoài=2
hóa	hoang hóa=x	sinh=x	đâm=x
hói	rào=x
hôn	ba ba=x	hun=x	hông=x
hơi	nhỏ=x
hư	thật=0
hạnh phúc	vui mừng=1
hạt	quận=0
hất	trật=x
hắt	hát=x
hằng	hằng số=x
hẹn hò	hò hẹn=1
hết sức	rất=2
họ	dòng tộc=3
hỏng	bương=x
hổ	rắn hổ=0
hội	can chi=x	hợp=x	vạn=x
hợp	hiệp=x	hội=x
hữu hạn	vô hạn=1
kem	cà lem=1
khiêm tốn	khiêm nhường=1
khoa	giáo khoa=x
khoa học	thuật ngữ=x
khoác	bá=x
khoảng	tầm=x
chừng	tầm=x
cỡ	tầm=x
khách	tàu=x
khóa	chìa khóa=x
khôn	đáo để=2
không	chả=1	phải=3	trống=5	zêrô=4	đéo=1	đếch=1
không có gì	không có chi=1
không thể	đâu thể=1
khăn	khăn vấn=3	khăn đóng=3
khả năng	chức năng=x
khỉ	khốn kiếp=2	khốn nạn=2
khối	hằng hà sa số=5
khởi đầu	sơ khai=x
kia	nớ=1
kinh	khế kinh=1	kinh nguyệt=4	việt=5
kiểu	thái độ=x	tính tình=x
kiểu cách	ra vẻ=1	điệu bộ=1
kí	cú=x	ki-lô=2	ki-lô-gam=2	kilôgam=2	kí lô=2	truyện=0
kích	bấm chuột=0	nhấn chuột=0	ấn chuột=0	nhấp=x
kế	kề=1
kệ	mặc kệ=2	mặc xác=2
kỳ	dị thường=3	lượt=2
la	hét=1	kình=1
lai	lai giống=1
lau	bôi=x
li	tách=1
lo	sá=1
ly	tách=1
là	bằng=1
làm	mần=1
lái	đuôi=x
lãnh đạo	trụ thạch=1
lí	vật lí=2
lí do	giải thích=x
lính	quân sĩ=1
lòng	nương long=1
lùi	trì hoãn=2
lăm	toan=x	tính=x
lũ	xốc=x
lưng	sống=x
lười	trây lười=1
lạ	phi thường=2
lạnh	mát=1
lạt	đoảng=1
lả	lử lả=1
lập	lập phương=x
lệ	lụy=x
lọ	nghẹ=3
lụa	tơ lụa=1	xoa=x
lừa	bịp=1
ma	dai=x
mai	mai vàng=2
may	xúi quẩy=1
miếng	mẫu=x
miền	tập xác định=0
mong	hi vọng=1
mong ước	ước mong=1
mà	mờ=x
màng	sá=2
má	bà nội=x	đẻ=x
mái	chèo=x	cái=x
mát	cuồng=0	hâm=0	khùng=0	lạnh=1	man=x
máy tính	máy tính bỏ túi=2	điện não=x
mèo	mẹo=x
mình	chắc=x	mỗ=x	đằng này=1
móc	đủng đỉnh=x
móng tay	nắc nẻ=x	ốc móng tay=2
mơ ước	ước mong=1
mươi	sương giá=x
mất	hẹo=3	hẻo=3	khuất núi=3	yên nghỉ=3	đi=3
mẫu	miếng=x	mẫu số=x
mẫu đơn	bông trang đỏ=0	đơn đỏ=0
mắc	buồn=x
mắm	bậm=x	bặm=x	cái=x	nhỏ=x
mặc	mặc xác=2	để=x
mặn	nhạt=x
mặt	phải=0	đăm=x
mẹ	bà nội=x	mệ=1	địt mẹ=x	đụ má=x
mệnh lệnh	mệnh=x
mọi người	ai ai=1	công chúng=x
mỏi	nhọc=2	nhọc nhằn=2
mốt	tương lai=x
một	điếu=x
mở	gỡ=x	mở rộng=4
mợ	mự=1	thím=1	u=2
mỹ	hoa kì=1	hoa kỳ=1
nam	bắc=1
ngay	ngay cạnh=2	ngay lập tức=1
nghiêm	uy nghiêm=1
nghiêng	chéo=1	xiên=x
nghỉ	nghỉ tay=1
ngoại	bà ngoại=1	ông ngoại=1
ngoại tình	đi linh tinh=2
ngàn	rừng=2
ngã	chụp ếch=1
ngôi	vì=x
ngưng	ngừng=1
người	anh=x	bác=x	ngài=4	xác=x
người việt	người kinh=2
ngấy	mâm xôi=x
ngốc	nga ngố=1	ngố=1	ngốc nghếch=1
ngứa	ngứa nghề=2
ngữ	tiếng=1
ngữ pháp	văn pháp=1	văn phạm=1
nhiệt tình	xăng xái=1
nhà ga	ga=1	sân ga=x
nhân văn	nhân ái=2
nhạt	mặn=x
nhấn	bấm chuột=1	nhấn chuột=1	ấn chuột=1	nhấp=x
nhất	tối thiểu=x	tối đa=x
nhất định	ắt=1
nhẹ nhàng	gắt gao=1
nhỏ	cái=x	hơi=x	mắm=x
nhớ	hồi tưởng=1
nhờ	thép=x
nhựa	chất dẻo=1	nhựa đường=3
niêm	cò=x
nuôi	mày=x
nào	chẳng=x	hè=x
này	nây=x
nóng	cục=x
nôn	ựa=1
nút	mút=x	phím=1
năng	răng=x
nơi	thửa=x
nước ngọt	nước muối=2	nước mặn=2
nạn	ách=x
nằm	toạ lạc=2
nối	dính=1
nổ	thổi phồng=2
nỗi	cơn=x
nội	ngoài nội=x	ông nội=1	đồng nội=0
nữ	cái=x
phim	chiếu bóng=1	rọi bóng=1
phiền	nhiễu sự=1
pháp	pháp quốc=1	phú lãng sa=1	phật lãng sa=1
phát	quả=4
phân	phân bón=3
phân tích	tổng hợp=1
phê	bê=x
phí	uổng=2
phòng	phòng cho thuê=1	phòng trọ=1
phương tiện	công cụ=2
phường	vạn=x
phượng	phượng vĩ=2
phải	chính=2	không=5	mặt=x	trước=x	trật=2	đăm=x
phần	chặng=1	tập=x
phẩm	phẩm hàm=0
phố	đường phố=1
phủ	tủ=x
pin	giẻ triêng=x
qua	ta=4	tôi=4
quan hệ	giao cấu=3
quang	xửng=x
quanh co	quanh quéo=1	vòng quanh=1	vòng vo=2
quay	ghi=3	vụ=x	xoắn=x
quy	bồi=x	cu=x	quờ=x	đầm=x
quá	quá đỗi=1
quê	nơi sinh=1	thảo dã=2
quê hương	du=x	tổ quốc=2	đất nước=2
quả	phát=x
ruột	nhơn=x
răng	năng=x	ra sao=2
rắc	vãi=1
rộng rãi	chật hẹp=1
rủi ro	nguy cơ=1
rừng	ngàn=x	rú=1
sai	phải=1	thật=1
sao	cái gì=x	gì=x	ru=x
sau	trái=x	tới=x	đằng sau=2
say	say mê=4
say nắng	cảm nắng=1
ship	chuyển=1	chèo thuyền=x	giao=1
sinh	hóa=x	sinh đẻ=2	đâm ra=3
sinh tố	vi-ta-min=2
so sánh	so đo=1
sả	chim sả=2	chim trả=2
sắp	bọn=x	tụi=x	xém=1
sắt	quánh=x	quắt=x
sẻ	se sẻ=1
số	số mệnh=3
sống	lưng=4	trống=x
sở	ti=x
sự	cái=1	quá trình=x	thửa=x
ta	mỗ=x	qua=x	trẫm=2
tang	trở=x
tay	cánh tay=2
thang	cầu thang=2
thanh	cây=2	dấu=1
thanh niên	trẻ=2
thay	ơi=x
thiếp	thấm=x
thiếu	bượp=x
thuyết	lý thuyết=1
thành	lâu đài=2
thái	thái lan=2
thái độ	kiểu=x
tháng một	tháng giêng=1
thánh	xanh=x
thân mến	thân yêu=1
thèm	buồn=x
thím	mợ=1	mự=1
thùng	thụng=x
thăm dò	dò la=1
thơm	hun=x	khóm=x
thương	thương số=x	thương xót=2
thường xuyên	thường hay=1
thượng đế	chúa=1
thảm	bi thảm=2
thấm	thiếp=x
thất bại	đổ bể=1
thần	thánh linh=1	thánh thần=1	thần linh=1
thật	hư=x
thằng	tên=x
thể	trạng thái=x
thị trường	chợ búa=1	trường nhìn=2
thời gian	thời kỳ=2
thủ	giữ=3
thứ	đệ=x
thức	thực=2
thử	mớm=x
thực	thức=2
thực tế	thực tiễn=1	thực tại=1
tin	tin học=x
tiêu	chết=0	hẹo=0	hẻo=0
tiêu hóa	tiêu hoá=2
tiếng	khẩu âm=2	phương ngôn=2	phương ngữ=2	thanh âm=1	vần=0	âm=1	âm thanh=1	âm tiết=0
tiếng trung	hán ngữ=1	tiếng hoa=1	tiếng hán=1
tiếng việt	tiếng kinh=1	tiếng phổ thông=1	tiếng việt nam=1	việt ngữ=1
tiết	tiết khí=1
tiện	nhân thể=x	tiện tay=2
to	chú ý=x	trọng đại=1	đáng=x	đáng kể=1
toàn	rành=x
toán	toán học=1
triệu chứng	mòi=x
trong	trong số=2	trong vòng=2
trong suốt	trong xanh=1
trong xanh	trong suốt=1
trung niên	người lớn=x
trung thực	lươn lẹo=1
trung ương	tuyến cuối=x	tuyến đầu=x
truyện	kí=x
trà xanh	lục trà=1
tràn	tràn cung mây=1
tràn ngập	ngập tràn=1	tràn đầy=1
trái	chiêu=x	chính=4	mìn=x	sau=x	trái cây=2	trước=x	tả=x	đậu mùa=0
trên	côi=x
trình	chiềng=1
trăm phần trăm	cạn chén=2
trưa	ban trưa=1
trước	phải=x	trái=x
trượt	trật=4
trại	pháo đài=x	trẹo=x
trả lại	hoàn lại=1	đáp lại=x
trần	đông a=x
trận	chặng=x	cơn=2	tập=x
trắng	trăng trắng=1
trẻ	thanh niên=1	thiếu nhi=2	ít tuổi=1
trốn	cúp=x
trống	không=1	sống=x
trộm	lén=3
trời	trời ơi=4
trở	giở=3	tang=0	đổ=x
trục trặc	bệnh=x
trừ	âm=x
tài chính	kinh tế học tài chính=x
tàm tạm	khấm khá=1	tiềm tiệm=1
tàu	khách=x	trung quốc=3
tách	li=1	ly=1	rã=x
tái hiện	tưởng tượng=x
tám	buôn=2	tán=x
tán	tám=x	tát=0	vả=0
táo	bom=x	bón=x	táo quân=2
tát	tán=x	té=2
tâm linh	linh tính=x
tâm sự	tâm tình=1
tây	tê giác=x
tên	gã=2	mũi tên=3	thằng=2
tính	lăm=3	rắp=3
tô	đọi=1
tôi	anh=x	mỗ=x	qua=x
tăm	bong bóng=2	tăm hơi=3
tăng	xe tăng=3
tạm biệt	bai=1
tả	trái=2
tất	sất=x
tầng	từng=x
tẩy	gôm=1
tập	khúc=x	phần=2	trận=x	tập tin=0	xấp=3
tết	chúc mừng năm mới=x	tết nguyên đán=1
tỉnh	ngủ dậy=2	tỉnh lị=1
tớ	mỗ=x	đằng này=1
tới	sau=x
tờ	tê=x
tục	thông tục=1	thề=x
tủ	phủ=x
tức	bực=1
từ	tự=x
từ từ	túc tắc=1
từng	tầng=x
tử	chết=1	hẹo=1	hẻo=1	tử số=x
tử tế	đàng hoàng=2
tự	chữ=2	từ=3
tự nhiên	không không=3	tự khắc=x	vô cớ=3
u	mợ=x
vi	chúa=x	do thái=x	dân chủ=x	dân quyền=x	dân trị=x	lợn=x	ác thú=x	đại thừa=x
viên	hòn=1
việc	sự kiện=x
việc gì	mắc mớ=3
vua	nữ vương=x	quân chủ=1	quân vương=1	quốc quân=1
vui lòng	hài lòng=2	vui mừng=2
vào	bắt đầu=0	tuân theo=x
vá	muôi=2
vì	ngôi=x	vị=x
ví dụ	tỉ dụ=1
vô	kỉ luật=x
vô cùng	cực kì=1	khôn cùng=2	rất=1	vô cực=2
vô tuyến	hữu tuyến=1	ti vi=2
vô tình	cố tình=1	cố ý=1	vô ý=1
văn	ngữ văn=2
vĩnh viễn	vĩnh hằng=2
vải	lệ chi=2
vần	tiếng=x
vẽ	lóc=x
về	đi=3
vị	vì=x
vụ	bông vụ=4	cù=x	ham chuộng=x	mưu cầu=x	quay=x
vừa	dở=x
xanh	thánh=x
xuyên	xoi=1
xác	người=x
xấu hổ	rầy=x
xỉ	hỉ=x
à	chắc=x
âm	thanh âm=1	tiếng=1	trừ=x	âm thanh=1
ôm	ấp ủ=2
ông	ông nội=1
ông nội	bố=x	cha=x	nội=1	ông=1
ý	ý đại lợi=2
ăn	chúc mừng năm mới=x
đen	mun=1
đeo	bám=3
đi	chạy=x	chết=5	hẹo=5	hẻo=5	mất=5	về=x
đi lại	giao hợp=0	vô lại=x
điên	cuồng=1	dở=x	khùng=1
điếu	một=x
điều	cái=1	thửa=x	điều lệ=2
điện	đền=4
điện trở	điện dẫn=1
đoạn	đẵn=0
đuôi	lái=x	tếch=x
đáng	to=x
đánh	chải=3
đánh nhau	thi đấu=x
đâu	chẳng=2	ru=x
đây	đằng này=3
đãi	vo=2
đòi hỏi	vòi vĩnh=1
đó	nớ=1	í=1
đóng thùng	bồng cốt=2
đút	đút lót=0
đăng ký	ghi danh=1
đăng xuất	đăng nhập=1
đơn	biểu mẫu=1	giản đơn=3	đơn chiếc=3
đường	nhường=x	sá=x
được	khả dụng=x
đại diện	thay mặt=2	đại biểu=1
đạo	thiên chúa giáo=1
đảo	gò=x
đấy	í=1
đập	bem=1
đặc biệt	đặc trưng=x
đề	giác ngộ=x
đền	điện=x
để	mặc=x
đỉnh	lư hương=0
địa bàn	la bàn=2
đối phó	lấy lệ=2	ứng phó=1
đối thoại	nói khó=1
đồ	y phục=2
đồng bằng	bình nguyên=1
đổ	trở=x
đổi	đổi tiền=2
độ	đi-ốp=1
đỡ	giúp đỡ=3
ơ	hơ=x
ơi	thay=x
ưu đãi	biệt đãi=2
ảnh hưởng	ép phê=x
ấm	choé=x
ấn	bấm chuột=1	nhấn chuột=1	nhấp=x	ấn chuột=1
ấy	nớ=1	í=1
ầm	rầm=x
ế	lỡ thời=2
ổn	ổn áp=1
ổn định	an định=1	cân bằng=x
ở	chưng=x
ủi	ổi=x
ứng dụng	chương trình=1
# ── 뜻이 하나로 적힌 낱말의 짝 중 영어 위키 둘째 뜻 이후에서 온 것 — 두 낱말의 한국어 뜻에 그 뜻이 보이면 두고, 안 보이면 x
ba que	bò vàng=x	bò đỏ=x	nguỵ=x	vện vàng=x
bang	tông=x
ben	bì=x
biến	xéo=x
biến thái	dê=x
nhủ	biểu=x
tiền nước	bo=x
bo bo	miến=x
bong bóng	bóng đái=x
bung	hầm=x
buôn	tám=x
bồng	buồm=x	phồng=x	vồng=x
bá	bác=x	quàng=x
bình phương	bình=x
bón	bón phân=x
nắc nẻ	bóng nước=x
sủi	bùng=x
lờ	bơ=x
bương	hỏng=x
ngầu	bảnh=x
hèn	bẩn=x	bẩn thỉu=x
bập	bẹ=x
chẽn	bẽn lẽn=x	thẹn=x
chôm chôm	bọt biển=x
bốc	cân=x	cắt=x
thổi phồng	bốc=x
bợ	cỏ bợ=x	tần=x
nương long	bụng=x	dạ=x
chi chiết	xao xuyến=x
chiêu	trái=x
choé	chĩnh=x	ấm=x
chuôm	chà=x	nè=x
chuồn	tép=x
tếch	chuồn=x
vờ	chà=x
xiên	chéo=x
chưng	của=x	ở=x
cũi	chạn=x
ram	chả giò=x
chải	đánh=x
khét	chất=x
chằn	nới=x
chẹt	xó=x
phịch	chịt=x
chọi	ném=x
thửa	chốn=x	chỗ=x
nhột	chột dạ=x
tầm	chừng=x	cỡ=x
thép	chực=x
rải	cuống=x
càn	kiền=x
cằn	cày=x	cầy=x
kè	cá mối=x
côi	trên=x
ghẻ	cùi bắp=x
cú	cốc=x	kí=x
cúp	cắt=x	ngắt=x	trốn=x
cương	nứng=x
nứng	cương=x
cấp 3	người lớn=x
gá	cầm đồ=x
cọc	đặt cọc=x
ráng	cố=x
cồn	nghĩa trang=x	nghĩa địa=x
dãi	dang=x
trạnh	diệp=x
dào	dào ôi=x
dám	khóc=x
tự sướng	dâm=x
dân quyền	vi=x
dúi	đẩy=x
dăm	lưỡi gà=x
lươn	dải phân cách=x
mòi	dấu hiệu=x
rải	dọc=x
dọi	lợp=x
ghẻ	dỏm=x	dởm=x	ruồi=x
khóm	dứa=x	thơm=x	xóm=x
vọ	ghẹ=x
giãy	rẫy=x
ngả	giết=x
lật	giở=x
gò	đảo=x
xông	gặm=x	nhấm=x
gờ	gờ đơn=x
han	hỏi=x
hỉ	he=x	hèo=x	hầy=x	hề=x	hửng=x	nhỉ=x	xì=x	xỉ=x
hàn quốc	hàn=x
vằng	hái=x	liềm=x
hông	hôn=x	hổng=x
hơ	ơ=x	ơ hay=x
trật	hất=x
hầu	sẽ=x
hố	hớ=x
vạn	hội=x	phường=x
xoáy	khoáy=x
tầm	khoảng=x
không không	tự nhiên=x
đẵn	khúc=x	đoạn=x
khủng long	thằn lằn=x
kiềng	rế=x
đĩ	kĩ=x	nghệ sĩ=x
liếp	luống=x
sá	màng=x
luống	uổng=x
lác	lé=x
lán	vựa=x
xị	lít=x
lói	nhói=x
xốc	lũ=x
lập phương	lập=x
lặt	thiến=x
xoa	lụa=x
muỗm	xoài hôi=x
mày	nuôi=x
máng	xối=x
mỗ	mình=x	ta=x	tao=x	tui=x	tôi=x	tớ=x
mòi	triệu chứng=x
nắc nẻ	móng tay=x
mệnh	mệnh lệnh=x
mớm	thử=x
ram	nem rán=x
xiên	nghiêng=x
nhuận	nguỵ=x
thiêu thân	ngài=x
rầy	ngượng=x	xấu hổ=x
ngứa nghề	ngứa=x
nhoè	tha hồ=x
nhá	nhá máy=x
nhơn	ruột=x
thốn	nhột=x
thép	nhờ=x
nây	ni=x	này=x	nầy=x
vờ	nè=x
nồi cơm điện	nón bảo hiểm=x
thửa	nơi=x	sự=x	điều=x
vắt	nắm=x	rì=x
phách	vía=x
phò	điếm=x
xửng	quang=x
đầm	quy=x
quốc ngữ	quốc âm=x
xù	quỵt=x
ru	sao=x	đâu=x	ư=x
rành	toàn=x
sảy	rôm=x
rầm	ầm=x
sanh	si=x
trích	sít=x
tòi	són=x
vĩnh điện	sông cái=x
thẩu	thuốc phiện=x
thái bình	thái bình dương=x
thông suốt	thấu đáo=x
đục	thụt=x
tin học	tin=x
tuyến đầu	trung ương=x
té	tát=x	vẩy=x
tấu	tâu=x
tê giác	tây=x
tếch	đuôi=x
ái	ui da=x	á=x	úi=x
vo	vò=x
xô	đẩy=x	ập=x
địu	đèo=x
đười ươi	ươi=x
# ── 뜻을 새로 쓴 낱말(뜻_새로.tsv)의 짝 중 뺄 것
bắc triều tiên	hàn quốc=x
các-bon	than đá=x
em-mờ	em=x
giê	rê=x
h'mông	mông=x	mẹo=x
kỷ luật	vô=x
phong nha - kẻ bàng	vườn quốc gia=x
quảng trị	thạch hãn=x
thạch hãn	quảng trị=x
thụy hiệu	tên cúng cơm=x	tên hèm=x
vạn tượng	lan xang=x
ị	xị=x
cát tường	thất lợi=x
thất lợi	cát tường=x
nghe	a-lô=x
chúa	dêu=1
cẩn thận	ghín=1
không	dê-rô=4
em	em-mờ=x
giáng sinh	nô-el=1	nô-en=1
mèo	h'mông=2
ý	i-ta-li-a=2
kinh	tu-đa-la=1
vô	kỷ luật=x
nước	nác=1
sử	sử ký=1
thích	đế thích=x
thắt lưng	xanh-tuya=1
đúng	phải=1
