21201	đã thâm còn đen	이미 검은 것이 더 검다 — 음흉함
21202	đã trót phải trét	이왕 저지른 일은 괴로워도 끝까지 해야 한다
21203	đòi cuộc đòi đàn	환자에게 먼저 내기 돈을 걸게 함
21204	đói cơm rách áo	굶주리고 헐벗음 — 궁핍하여 어찌할 바 모름
21205	đóng cửa bảo nhau	문 닫고 서로 타이름 — 집안일은 조용히 해결함
21206	đôi giòng nhường pha	두 줄기 눈물을 글썽임
21207	đôi quả một tay	-
21208	đôi đức sinh thành	낳아 준 부모님의 은혜
21209	đông Tấn tây Tần	동쪽 진나라 서쪽 진나라 — 서로 멀리 헤어짐
21210	đơn vị tiền tệ	화폐 단위
21211	đơn vị đo lường	측정 단위
21212	đười ươi làm người	오랑우탄이 사람 노릇 — 천한 자가 높은 자리에 오름
21213	đường triều thái bảo	당 조정의 태보 벼슬(옛 고사)
21214	đường đi ở miệng	길은 입에 있다 — 낯선 곳에서는 물어야 함
21215	đường đường chi trận	(옛) 규율 잘 선 군대는 공격하지 않음
21216	đại biểu quốc hội	국회의원
21217	đại cát đại lợi	크게 길하고 크게 이로움 — 행운과 성공을 비는 말
21218	đại công cáo thành	큰 공을 이룸 — 마침내 일을 성공함
21219	đại công vô tư	지극히 공정하고 사사로움이 없음
21220	đại hạ tương khuynh	집안이 망함 — 설상가상의 처지
21221	đại học công lập	국립 대학
21222	đại khí vãn thành	대기만성 — 큰 그릇은 늦게 이루어짐
21223	đại lượng biến thiên	변량
21224	đại lượng không đổi	상수
21225	đại quan lễ phục	고관이 입던 예복 차림
21226	đại triều nghi viện	대조회 전각 앞뜰(신하가 예를 올리는 곳)
21227	đại từ đại bi	대자대비
21228	đại đồng tiểu dị	대동소이
21229	đất sụt trời sập	천지가 무너지는 큰 재난
21230	đấu tranh giai cấp	계급투쟁
21231	đấu tranh tránh đâu	반항하면 화를 입음 — 싸워 봐야 피할 수 없음
21232	đấu tranh tư tưởng	사상투쟁
21233	đấu tranh vũ trang	무장투쟁
21234	đầu bẹt cá trê	메기 머리처럼 납작함 — 못생긴 외모
21235	đầu chày đít thớt	절굿공이 머리 도마 밑 — 가장 고생하는 낮은 처지
21236	đầu cây rắc phấn	나무 끝에 가루를 뿌린 듯 — 흰 매화가 핀 모습
21237	đầu cơ tích trữ	매점매석
21238	đầu gạc ốc bươu	우렁이 머리에 뿔 — 하찮은 이득
21239	đầu hai thứ tóc	머리에 두 가지 머리카락 — 흰머리 섞인 노숙함
21240	đầu môi chót lưỡi	입술에 침 바른 소리
21241	đầu trộm đuôi cướp	도둑질 강도질을 일삼는 무리
21242	đầu xuôi đuôi lọt	머리가 순조로우면 꼬리도 빠진다 — 시작이 순탄하면 끝도 쉬움
21243	đầu đường xó chợ	노숙자
21244	đẽo cày giữa đường	남의 장단에 춤춘다
21245	đến đầu đến đũa	철저하게 끝까지 함
21246	đệ nhất tiểu thư	첫째 아가씨 · 맏딸
21247	địa linh nhân kiệt	(옛) 땅이 신령하면 뛰어난 인물이 난다
21248	địa lí kinh tế	경제지리
21249	địa lí tự nhiên	자연지리
21250	địa phương chủ nghĩa	지방주의
21251	định luật bảo toàn	보존 법칙
21252	định mức sản xuất	생산 할당량
21253	định tỉnh thần hôn	아침저녁으로 부모님을 모심 · 부모 봉양
21254	định vị toàn cầu	위성 위치 확인을 하다
21255	đối tượng nghiên cứu	연구 대상
21256	đốt đuốc chơi đêm	(옛) 횃불 들고 밤에 놂 — 인생이 짧으니 즐기라는 뜻
21257	đồ thán sinh linh	도탄에 빠진 백성
21258	đồng bệnh tương lân	동병상련
21259	đồng hồ đeo tay	손목시계
21260	đồng khí tương cầu	기질이 같은 사람끼리 서로 찾음
21261	đồng phạm giản đơn	단순 공범
21262	đồng phạm phức tạp	복합 공범
21263	đồng quà tấm bánh	선물로 주는 과일과 떡
21264	đồng thanh tương ứng	같은 소리는 서로 응함 — 동성상응
21265	đồng tiền bát gạo	생활에 쓰는 돈과 재물(입말)
21266	đồng tính luyến ái	동성애
21267	đồng tịch đồng sàng	한 자리에서 자고 앉음 — 같은 잠자리
21268	độ lệch tiêu chuẩn	표준편차
21269	độ lớn mô men	모멘트 규모(지진 규모)
21270	độ muối nước biển	바닷물 염분 농도
21271	độc cô cầu bại	무술이 너무 높아 적수가 없어 외로운 사람
21272	đội quân thứ năm	제오열
21273	động cơ vĩnh cữu	영구기관
21274	động cơ ô tô	자동차 엔진
21275	động cơ đốt ngoài	외연기관
21276	động cơ đốt trong	내연기관
21277	động khoá nguồn phong	동굴 문을 잠그고 근원 길을 막음
21278	động phòng hoa chúc	동방화촉 — 신혼 첫날밤 방
21279	động địa kinh thiên	천지를 뒤흔듦
21280	đục nước béo cò	물이 흐려지면 왜가리가 살찐다 — 혼란을 틈타 이득 봄
21281	đức cao vọng trọng	덕이 높고 명망이 두터움
21282	đức rộng tài cao	덕이 넓고 재주가 뛰어남
21283	đứt ruột đứt gan	창자가 끊어지다
21284	ơn cả nghĩa dày	은혜와 의리가 크고 깊음
21285	ưu thắng liệt bại	나은 것이 이기고 못한 것이 짐 — 우승열패
21286	ưỡn a ưỡn ẹo	(몹시) 몸을 비비 꼬다
21287	ưỡn à ưỡn ẹo	몸을 비비 꼬다
21288	ấm a ấm ớ	흐리멍덩하다
21289	ấm a ấm ứ	-
21290	ấm a ấm ức	-
21291	ấm cật no lòng	등 따습고 배부름 — 넉넉한 생활
21292	ấm ớ hội tề	알 듯 말 듯 어정쩡한 태도
21293	ấp cây đợi thỏ	나무 옆에서 토끼를 기다림 — 헛된 기대(수주대토)
21294	ấp rắn vào ngực	뱀을 가슴에 품음 — 은혜를 원수로 갚을 자를 들임
21295	ậm à ậm ạch	(몹시) 끙끙대다
21296	ậm à ậm ừ	눈앞의 일에 무관심함
21297	ẽo à ẽo ẹt	-
21298	ẽo à ẽo ợt	지나치게 간드러져 보기 싫다
21299	ỏn a ỏn ẻn	몹시 아양 떨어 역겹다
21300	ỏn à ỏn ẻn	-
21301	ổ đĩa cứng ngoài	외장 하드디스크
21302	ở bể vào ngòi	바다에 있다가 도랑에 듦 — 넉넉하다가 궁색해짐
21303	ụt à ụt ịt	(몹시) 계속 끙끙거리다
21304	anh chị em họ chéo	교차 사촌
21305	anh hùng cứu mỹ nhân	영웅이 미인을 구함
21306	anh hùng xuất thiếu niên	영웅은 소년에서 나옴 — 후생가외
21307	biết đâu ma ăn cỗ	귀신이 제사음식 먹는지 누가 알랴
21308	bán trời không văn tự	하늘을 파는데 문서가 없다 — 허풍 떨며 무모하게 굼
21309	bè ai người ấy chống	제 일은 제가 알아서 한다 — 서로 돕지 않음
21310	bạch ốc xuất công khanh	가난한 집 출신이 고관이 됨
21311	bản kết luận điều tra	수사 결과 결론서
21312	bảo hiểm phi nhân thọ	손해보험
21313	bậc của số đại số	대수적 수의 차수
21314	bộ chuyển đổi xúc tác	촉매 변환기
21315	bộ quy tắc hiệp sĩ	기사도 규범
21316	cha chung không ai khóc	공동 아버지는 아무도 울지 않는다 — 공동의 일은 방치됨
21317	chim Việt đậu cành Nam	월나라 새가 남쪽 가지에 앉음 — 고국을 그리워함
21318	chim cánh cụt hoàng đế	황제펭귄
21319	chiếm hữu không ngay tình	악의적 점유
21320	chạy rông như chó dái	발정 난 개처럼 하루 종일 쏘다님
21321	chạy trời sao khỏi nắng	하늘로 달아나도 햇볕은 못 피한다 — 피할 수 없음
21322	chả nên cơm cháo gì	아무것도 이루지 못함
21323	chả ra ngô ra khoai	아무것도 못 하는 쓸모없는 사람
21324	chọc cứt ra mà ngửi	똥을 파서 냄새 맡기 — 남 흉 들추면 제 얼굴에 먹칠
21325	chữ tác đánh chữ tộ	글자를 헷갈리는 무식함
21326	con cháu hơn ông vải	자손이 조상보다 낫다는 척 — 어린것이 어른보다 아는 체함
21327	cái sảy nảy cái ung	작은 뾰루지가 큰 종기가 된다 — 작은 잘못도 방치하면 커짐
21328	cười không nhặt được mồm	입을 다물지 못하도록 웃음 — 지나치게 웃음
21329	gia thư để vạn kim	집에서 온 편지는 만금 같다 — 가서저만금
21330	gà chết vì tiếng gáy	닭은 울음소리 때문에 죽는다 — 자랑하다 화를 입음
21331	gậy ông đập lưng ông	제 꾀에 (제가) 넘어간다
21332	hai câu này ý nói	이 두 구절의 뜻은 고향에 돌아가면 강요당한다는 것
21333	huynh đệ như thủ túc	형제는 수족과 같다
21334	hầm bà lằng xán cấu	뒤죽박죽 잡탕
21335	hệ thần kinh ngoại biên	말초신경계
21336	hệ thần kinh trung ương	중추신경계
21337	hủ mộc bất khả điêu	썩은 나무는 조각할 수 없다 — 후비불가조
21338	khí dầu mỏ hóa lỏng	액화석유가스
21339	khí tượng học thủy văn	기상수문학
21340	không phải dạng vừa đâu	보통내기가 아니다
21341	kiên quan vi bác bất	-
21342	kẻ cắp gặp bà già	도둑이 더 센 도둑을 만남 — 뛰는 놈 위에 나는 놈
21343	la hán đẩy xe bò	성행위 체위의 은어
21344	luật tố tụng dân sự	민사소송법
21345	lắm mối tối nằm không	연인이 많아도 밤엔 혼자 잔다 — 여럿을 사귀면 얻는 것 없음
21346	lịch sử tính thủy vực	분쟁 중인 수역의 역사적 성격
21347	màn ảnh đại vĩ tuyến	극장 개봉용 영화 · 와이드 스크린
21348	máy truy tìm dữ liệu	검색 엔진
21349	mèo mù vớ cá rán	경영 모델화
21350	mô hình hoá quản lí	눈 먼 고양이 튀긴 생선 잡기 — 우연히 얻은 행운
21351	mặt trơ như mặt thớt	얼굴이 도마처럼 두꺼움 — 뻔뻔함
21352	nghe miết điếc con ráy	오래 들어 귀가 먹음
21353	ngôn ngữ của giới trẻ	청소년 언어
21354	nhổ cỏ nhổ cả rễ	풀을 뽑으면 뿌리째 뽑는다 — 화근을 없앰
21355	ném tiền qua cửa sổ	창문으로 돈을 던지다 — 돈을 마구 낭비함
21356	phép đẳng cấu đồ thị	그래프 동형사상
21357	phép đồng cấu đồ thị	그래프 준동형사상
21358	phú quí như phù vân	부귀는 뜬구름 같다 — 부귀부장구
21359	sàn giao dịch điện tử	전자 거래소
21360	thuốc bảo vệ thực vật	식물 보호제
21361	thấy ông bà ông vải	조상을 만난 듯 — 기진맥진함
21362	thực vật hai lá mầm	쌍떡잎식물
21363	thực vật một lá mầm	외떡잎식물
21364	tiếng Hoà Lan ở Kếp	-
21365	trúng gió một bên tai	한쪽 귀에 바람 맞음 — 안면 마비 · 남의 말을 집중 못 함
21366	tình như giấc mộng tan	사랑이 꿈처럼 깨짐 — 연인의 이별
21367	tọa sơn quan hổ đấu	산에 앉아 호랑이 싸움을 구경함 — 좌산관호투
21368	tốc độ căn quân phương	제곱평균제곱근 속력
21369	tốt tóc nhọc cột nhà	머리숱 많아 기둥이 고생한다 — 머리를 기둥에 털어 말림
21370	tổ chức phi chính phủ	비정부 기구
21371	tội ác chống hòa bình	평화에 대한 죄
21372	từ đồng âm dị nghĩa	동음이의어
21373	từ đồng âm khác nghĩa	동음이의어
21374	uy vũ bất năng khuất	권위에도 굴하지 않음 — 위무불능굴
21375	uống rượu luận anh hùng	술 마시며 영웅을 논함 — 조조의 오만함
21376	vận tốc căn quân phương	제곱평균제곱근 속도
21377	vắng như chùa Bà Banh	절간처럼 쓸쓸함 — 황폐하고 적막함
21378	vắt cổ chày ra nước	절굿공이를 쥐어짜 물을 냄 — 지독한 구두쇠
21379	vợ khôn dạy chồng dại	똑똑한 아내가 어리석은 남편을 가르침 — 부부의 부조화
21380	âu cũng là cái liễn	그것도 그거다 — 이미 벌어진 일은 받아들여야 함
21381	ô rê ô mi xin	오레오마이신
21382	ăn cướp còn la làng	도둑이 되레 소리침 — 적반하장
21383	đánh lô tô trong bụng	마음속으로 안절부절못함
21384	đầu to óc quả nho	머리만 크고 머리는 텅 빔 — 어리석음
21385	đứt đuôi con nòng nọc	-
21386	ủy nhiệm thư lãnh sự	영사 신임장
21387	bia mậu dịch kịch ti vi	술 · 장사 · 연극 · 텔레비전 — 놀고먹는 취미
21388	bách văn bất như nhất kiến	백문이 불여일견
21389	bạn bè như cái bẹn bà	친구 사이는 금방 식기도 한다(옛)
21390	bộ đội thông tin liên lạc	통신병 부대
21391	cha dỡ đó mẹ xó chùa	집이 몹시 가난함
21392	chém tre không dè đầu mặt	대나무 벨 때 눈 조심 안 함 — 막무가내로 굶
21393	chó ăn đá gà ăn sỏi	개는 돌 먹고 닭은 자갈 먹는 곳 — 메마른 척박한 땅
21394	chế độ chiếm hữu nô lệ	노예제 사회
21395	chế độ cộng sản nguyên thủy	원시 공산제 사회
21396	coi người bằng nửa con mắt	사람을 반눈으로 봄 — 업신여김
21397	coi người như rơm như rác	사람을 지푸라기처럼 여김 — 오만하게 경멸함
21398	công ty trách nhiệm hữu hạn	유한책임회사
21399	cộng hòa dân chủ nhân dân	인민민주공화국
21400	giao diện lập trình ứng dụng	응용 프로그램 인터페이스
21401	gà què ăn quẩn cối xay	절름발이 닭이 맷돌 주변을 맴돔 — 좁은 범위에서만 사는 무능함
21402	hoa đào cười với gió đông	복사꽃이 봄바람에 웃음 — 당나라 최호의 고사
21403	hoàn hôn ngự tứ nghênh thân	혼례를 위해 임금이 신부를 맞이하게 함
21404	hàm số sơ cấp cơ bản	기본 초등함수
21405	hải đường là ngọn đông lân	해당화 가지가 동쪽 이웃으로 기움
21406	hệ thống định vị toàn cầu	위성 위치 확인 시스템
21407	lanh chanh như hành không muối	소금 없이 다진 파처럼 경솔함 — 허둥대는 사람
21408	lạy ông tôi ở bụi này	어르신, 저 여기 숨었어요 — 숨은 곳을 자기도 모르게 알림
21409	mèo già thua gan chuột nhắt	늙은 고양이가 새끼 쥐보다 겁이 많음 — 늙은이의 겁
21410	mô hình cộng đồng quản lý	지역사회 관리 모델
21411	mũi vạy thì lái chịu đòn	배 앞머리가 휘면 키잡이가 매를 맞음 — 윗사람 잘못을 아랫사람이 짐
21412	mặt cắt không còn giọt máu	얼굴에서 핏기가 싹 가심
21413	nam tử hán đại trượng phu	대장부
21414	ngổn ngang gò đống kéo lên	무덤가로 혼란스레 오르는 무리
21415	nhà mặt phố bố làm to	큰길가 집에서 아버지가 큰소리 — 부유하고 권세 있음
21416	nhân viên kiểm soát không lưu	항공 관제사
21417	nhìn người bằng nửa con mắt	사람을 반눈으로 봄 — 업신여김
21418	nhí nhảnh như con cá cảnh	멍한 관상어처럼 어리둥절함
21419	qua sông thì phải lụy đò	강을 건너려면 사공에게 의지해야 한다
21420	tài sản cố định vô hình	무형 고정자산
21421	tốt gỗ hơn tốt nước sơn	나무 재질이 칠보다 낫다 — 겉보다 속이 중요함
21422	vay ha hả trả hi hi	빌릴 때는 웃고 갚을 때는 웃음 — 빌리긴 쉽고 갚기 어려움
21423	vô hữu bất như kỷ giả	자기만 못한 이와는 벗하지 말라
21424	án ba ni bát mê hồng	옴마니반메훔
21425	ăn trông nồi ngồi trông hướng	앉을 자리 봐 가면서 앉으라
21426	đánh đề ra đê mà ở	도박판에 빠져 제방에 삶 — 도박이 집안을 망침
21427	được vạ thì má đã sưng	보상받아도 뺨은 이미 부었다 — 손해는 피해자 몫
21428	ở đâu còn lâu mới nói	어디서 말하겠나 — 고문에도 입을 다묾
21429	chờ được mạ thì má đã sưng	어머니를 기다리다 뺨이 부음 — 남에게 기대다 낭패 봄
21430	cà cuống chết đến đít còn cay	죽어서도 맵다 — 실패 앞에도 고집부리는 사람
21431	cách mạng khoa học - kỹ thuật	과학기술 혁명
21432	hải âu cổ rụt Đại Tây Dương	대서양 바다오리
21433	kiếm củi ba năm thiêu một giờ	나무를 삼 년 모아 한 시간에 태움 — 한순간 실수로 공을 날림
21434	kiến nghĩa bất vi vô dũng dã	옳은 일을 보고 하지 않는 것은 용기 없음이다
21435	nhất tướng công thành vạn cốt khô	장수 하나의 공은 만 병사의 뼈 위에 선다
21436	thấy có thóc mới cho vay gạo	곡식 있어야 쌀을 빌려줌 — 자기 손해 볼까 계산하는 구두쇠
21437	tự cổ hồng nhan đa bạc mệnh	예로부터 미인은 박명하다
21438	vắng chủ nhà gà vọc niêu tôm	주인 없으면 닭이 새우 냄비를 뒤짐 — 감독 없으면 멋대로 함
21439	vỏ quít dày có móng tay nhọn	두꺼운 귤 껍질엔 뾰족한 손톱 — 뛰는 놈 위에 나는 놈
21440	một con ngựa đau cả tàu bỏ cỏ	말 한 마리가 아프면 배 전체가 풀을 끊음 — 단결과 연대
21441	tam nhân đồng hành tất hữu ngã sư	세 사람이 길을 가면 반드시 스승이 있다
21442	tam thập lục kế tẩu vi thượng sách	삼십육계 줄행랑이 상책
21443	trời xanh quen với má hồng đánh ghen	푸른 하늘이 미인을 시샘함 — 미인박명
21444	cái kim trong bọc sẽ có ngày lòi ra	주머니 속 송곳은 언젠가 튀어나온다
21445	giặc bên Ngô không bằng bà cô bên chồng	오나라 적도 시누이만 못하다 — 못된 시누이
21446	định luật bảo toàn và chuyển hoá năng lượng	에너지 보존 법칙
21447	trần gian còn sót lại con ma nhà họ Hứa	세상에 아직 남은 허씨네 귀신 — 약속을 잊지 말라는 말
