# 수업키	낱말	교재 기본 뜻(지금 따르는 것) ↔ 이 자료(선배·22기)에 적힌 뜻 — 대표님 지시대로 교재를 따랐으나 자료 뜻이 분명히 다른 것(바꿀지 여쭐 것)
B:senior3	cậu	교재 3) 소년 ↔ 선배 "(친숙한 관계) 너"
B:senior4	còn	교재 3) 그런데 ~는(요)? ↔ 선배 "남아 있다, 여전히 ~이다"
B:senior7	Cô	교재 3) 아가씨 ↔ 선배 "고모"
B:senior11	bánh	교재 1) 빵, 과자 ↔ 선배 "바퀴, 타이어"
B:senior12	bảng	교재 1) 칠판 ↔ 선배 "파운드"
B:senior12	nam	교재 1) 남쪽 ↔ 선배 "남성"
B:senior13	nước	교재 2) 나라 ↔ 선배 "물"
B:senior18	phải	교재 2) 옳다, 맞다 ↔ 선배 "오른쪽"
B:senior19	trái	교재 3) 개(과일 세는 말) ↔ 선배 "왼쪽"
B:senior21	không	교재 1) 안 ~하다(부정) ↔ 선배 "아니오"(3번 뜻)
B:senior27	vật	교재 1) 물건, 사물 ↔ 선배 "씨름, 레슬링"
B:senior29	cũ	교재 1) 낡다, 오래되다 ↔ 선배 "중고"(2번 뜻)
B:senior34	thấp	교재 1) (키가) 작다 ↔ 선배 "낮다, 짧다"(2번 뜻)
B:senior37	hư	교재 1) 고장 나다 ↔ 선배 "버릇없는"(2번 뜻)
B:senior39	nhạt	교재 1) 싱겁다 ↔ 선배 "재미없는"(3번 뜻)
B:senior40	rộng rãi	교재 1) 널찍하다 ↔ 선배 "화통한(밥 잘 사 주는)"(2번 뜻 너그럽다)
B:senior58	phần	교재 2) ~인분, 몫 ↔ 선배 "부분"(1번 뜻)
B:senior61	rồi	교재 1) 이미 — 선배 뜻 "2. 아무것도 하지 않는 3. 한가한"은 rồi 가 아니라 rỗi(한가하다)의 뜻으로 보임(자료 오기)
B:senior62	đóng	교재 3) (역을) 맡다 ↔ 선배 "닫다, 박다"(1·4번 뜻)
B:senior62	chuyển	교재 3) 바꾸다, 전환하다 ↔ 선배 "옮기다 / 건네주다"(1·2번 뜻)
B:senior65	yêu	교재 1) 사랑하다 — 선배 뜻 "애인"은 yêu 가 아니라 người yêu 의 뜻(자료 오기)
B:senior69	nhảy	교재 1) 뛰다, 점프하다 ↔ 선배 "춤추다"(2번 뜻)
B:senior72	lên	교재 2) (탈것에) 타다 ↔ 선배 "올라가다"(1번 뜻)
B:senior75	sang	교재 2) ~으로(전환) ↔ 선배 "지나다"(1번 뜻 건너가다)
B:senior77	nên	교재 1) 그래서 ↔ 선배 "~해야 한다"(2번 뜻)
B:senior77	khoảng	교재 1) 대략, 약 — 선배 뜻 "~에 대해"는 영어 about 을 잘못 옮긴 것으로 보임(자료 오기)
B:senior77	vừa	교재 2) (크기가) 딱 맞다 ↔ 선배 "알맞다, 적당하다"(3번 뜻)
B:senior72	gác	(교재에 없음) 선배 뜻 "계단"은 사전 뜻에 없음 — 예문대로 1) 다락, 위층 으로 둠
B:senior90	chật	교재 2) (옷이) 꽉 끼다 ↔ 선배 "(면적이) 좁다"(1번 뜻)
B:senior91	lớn	교재 1) 크다 ↔ 선배 "자라다"(2번 뜻)
B:senior92	vòng	교재 2) 바퀴, 둘레 ↔ 선배 "원, 둥근 모양"(1번 뜻 고리 쪽)
B:senior92	cây	교재 1) 나무 ↔ 선배 "킬로미터"(3번 뜻)
B:senior100	thôi	교재 2) ~뿐이에요 ↔ 선배 "그만두다, 멈추다"(1번 뜻)
B:senior103	hay	교재 1) 또는 ↔ 선배 "좋다, 훌륭하다"(2번 뜻)
B:senior105	mất	교재 2) (시간·돈이) 걸리다 ↔ 선배 "잃다, 소비하다"(1번 뜻이 먼저)
B:senior107	biển	교재 1) 바다 ↔ 선배 "표지판"(2번 뜻)
B:senior108	giờ	교재 1) ~시 ↔ 선배 "시간"(2번 뜻)
B:senior109	tiếng	교재 2) 언어 ↔ 선배 "시간"(3번 뜻)
B:senior111	sinh	교재 1) 태어나다 — 선배 뜻 "생일"은 sinh 단독의 뜻이 아님(sinh nhật, 자료 오기로 보임)
B:senior117	bài	교재 1) 과, 단원 ↔ 선배 "기사"(3번 뜻 글·편)
B:senior124	kêu	교재 4) 주문하다 ↔ 선배 "부르다, 외치다"(1번 뜻)
B:senior138	du lịch	교재 1) 여행하다 ↔ 선배 "관광"(2번 뜻)
B:senior148	cột	교재 2) 열, 칸(표) ↔ 선배 "기둥"(1번 뜻)
B:senior149	thuộc	교재 2) 외우다 ↔ 선배 "~에 속하다, 소속되다"(1번 뜻)
B:senior153	lá	교재 2) 장(세는 말) ↔ 선배 "잎"(1번 뜻)
B:senior155	bảo vệ	교재 2) 경비원 ↔ 선배 "보호하다, 지키다"(1번 뜻)
B:senior166	giữ	교재 2) 보관하다 ↔ 선배 "유지하다"(1번 뜻 지키다, 유지하다)
B:senior183	chín	교재 1) 아홉 ↔ 선배 "익은"(2번 뜻)
B:senior227	mẫu	교재 1) 견본, 샘플 ↔ 선배 "양식, 패턴"(3번 뜻 양식)
B:senior231	khẳng định	교재 1) 긍정(문법) ↔ 선배 "확립하다/강조하다"(2번 뜻 단언하다)
B:senior236	chỗ	교재 1) 곳, 장소 ↔ 선배 "자리"(2번 뜻)
B:senior241	thưởng	교재 2) 보너스 ↔ 선배 "상을 주다, 보상"(1번 뜻)
B:senior258	chính tả	교재 2) 받아쓰기 ↔ 선배 "맞춤법"(1번 뜻)
B:senior268	quản lý	교재 2) 매니저 ↔ 선배 "관리하다"(1번 뜻)
B:senior270	Kỷ niệm	교재 3) 추억 ↔ 선배 "기념하다"(2번 뜻)
B:senior282	Dù	교재 2) 우산 ↔ 선배 "비록 ~일지라도"(1번 뜻)
B:senior313	bán hàng	교재 2) 장사하다 ↔ 선배 "판매"(1번 뜻 물건을 팔다)
B:senior328	kế toán	교재 2) 회계사 ↔ 선배 "회계"(1번 뜻)
B:senior312	trật tự	(교재에 없음) 선배 뜻 "순서/서열"은 thứ tự 쪽 뜻 — 예문대로 1) 질서 로 둠
B:senior341	cảm xúc	교재 1) 감정 ↔ 선배 "감동하다/감성적인"(2번 뜻)
B:senior355	Ứng dụng	교재 1) 앱 ↔ 선배 "응용, 적용"(2번 뜻)
B:senior356	chấm	교재 1) (소스에) 찍다 ↔ 선배 "마침표"(4번 뜻)
B:senior357	reo	(교재에 없음) 선배 뜻 "파업하다"는 틀림(파업은 đình công) — 예문대로 1) 환호하다 로 둠
B:senior382	thư	교재 1) 편지 — 선배 뜻 "휴식을 취하다, 힐링하다"는 thư 가 아니라 thư giãn 의 뜻(자료 오기로 보임)
B:senior390	Vốn	교재 1) 원래, 본래 ↔ 선배 "자본"(2번 뜻)
B:senior395	Ký	교재 1) 킬로그램 ↔ 선배 "서명하다"(2번 뜻)
B:senior421	đá	교재 3) (발로) 차다 ↔ 선배 "돌"(1번 뜻)
B:senior424	đốt	교재 2) (벌레가) 물다 ↔ 선배 "태우다"(1번 뜻)
B:senior431	mốt	교재 1) (21의) -1 ↔ 선배 "유행하는, 패션"(2번 뜻)
B:senior444	đạo diễn	교재 1) 감독 ↔ 선배 "연출하다"(2번 뜻)
B:senior446	mở cửa	교재 2) 영업을 시작하다 ↔ 선배 "문을 열다"(1번 뜻)
B:senior447	năm	교재 1) 다섯 ↔ 선배 "해, 년"(2번 뜻)
B:senior447	chỉ	교재 2) 가리키다 ↔ 선배 "단지"(1번 뜻 오직, ~만)
B:c224	hay	교재 1) 또는 ↔ 22기 "좋다·재미있다·자주"(2·3번 뜻)
B:c224	nam	교재 1) 남쪽 ↔ 22기 "남자·남쪽"(남자가 먼저)
B:c225	con	교재 1) 아이, 자식 ↔ 22기 "(동물 분류사)·자식"(2번 뜻 마리가 먼저)
B:c225	cao	교재 1) 높다 ↔ 22기 "키가 크다·높다"(2번 뜻이 먼저)
B:c227	mà	교재 2) ~하는(관계사) ↔ 22기 "그런데, 그렇지만"(1번 뜻)
B:c228	nam	교재 1) 남쪽 ↔ 22기 "남자, 남성"(2번 뜻)
B:c229	gần đây	교재 1) 최근에 ↔ 22기 "근처·주변"(2번 뜻)
B:c229	chán	교재 2) 싫증 나다 ↔ 22기 "지루하다"(1번 뜻)
B:c2211	nam	교재 1) 남쪽 ↔ 22기 "남성·남쪽"(남성이 먼저)
B:c2212	mất	교재 2) (시간이) 걸리다 ↔ 22기 "잃다, 잃어버리다"(1번 뜻)
B:c2221	trừ	교재 2) ~을 제외하고 ↔ 22기 "빼다·마이너스"(1번 뜻)
B:c2227	nam	교재 1) 남쪽 ↔ 22기 "남자"(2번 뜻)
B:c2228	gần đây	교재 1) 최근에 ↔ 22기 "근처"(2번 뜻)
B:c2228	đóng	교재 3) (역을) 맡다 ↔ 22기 "닫다"(1번 뜻)
B:c2229	trời	교재 2) 날씨 ↔ 22기 "하늘"(1번 뜻)
B:c2230	từ	교재 2) 단어 ↔ 22기 "~부터"(1번 뜻)
B:c2233	cao	교재 1) 높다 ↔ 22기 "크다"(thấp '작다'와 짝 — 2번 뜻 키가 크다)
