# 수업키	낱말	무엇이 어긋나나 — 예문이 수업 뜻과 다른 뜻으로 쓰인 것(고칠지 대표님께 여쭐 것)
132	tiếng	수업뜻 "언어, 소리"인데 예문 "Tôi đợi bạn một tiếng rồi"는 "한 시간" 뜻
10	lẻ	수업뜻 "영, 홀수의"인데 예문 "Số tiền lẻ"는 "잔돈"
10	lá	수업뜻 "장(세는 말)"인데 예문 "Lá cây rụng đầy sân"은 "잎"
10	trái	수업뜻 "개(과일 세는 말)"인데 예문 "rẽ trái"는 "왼쪽"
13	buổi	수업뜻 "때, 시간대"인데 예문 "hai buổi học"은 "(수업) 두 번"
20	gần đây	수업뜻 "최근에"인데 예문 "Có một quán cà phê gần đây"는 "근처에"
23	theo dõi	인터넷과 SNS 장이라 기본을 "팔로우하다"로 했는데 수업뜻은 "따라가다", 예문은 "의사가 환자 상태를 지켜본다"(지켜보다 뜻) — 수업뜻을 "팔로우하다, 지켜보다"로 고치고 예문을 SNS 것으로 바꿀지
27	bên cạnh	수업뜻 "옆(의), 곁(의)"인데 예문 "Bên cạnh tiếng Anh, tôi còn học tiếng Việt"는 "~외에도"
47	trở	수업뜻 "돌아가다"인데 예문 "Anh ấy trở thành bác sĩ"는 "~이 되다"
51	biển	수업뜻 "바다"인데 예문 "Cửa hàng treo biển mới"은 "간판"
51	cây	수업뜻 "나무; ~그루"인데 예문 "Từ đây đến đó khoảng năm cây"는 "킬로미터"
57	bài	수업뜻 "과, 단원"인데 예문 "Tôi đọc một bài báo hay"는 "(기사) 한 편"
59	từ	수업뜻 "단어"인데 예문 "Từ từ em sẽ giỏi hơn"은 "từ từ(차차)"
59	thư	수업뜻 "편지"인데 예문 "Cuối tuần tôi thường thư giãn"은 "thư giãn(쉬다)"
62	phải	수업뜻 "옳다, 맞다"인데 예문 "Rẽ phải ở ngã tư tiếp theo"는 "오른쪽"
65	hay	수업뜻 "또는"인데 예문 "Bộ phim này rất hay"는 "재미있다"
65	nên	수업뜻 "그래서"인데 예문 "Bạn nên đi ngủ sớm"은 "~하는 게 좋다"
75	lớn	수업뜻 "큰"인데 예문 "Con tôi đã lớn rồi"는 "(아이가) 다 컸다(자라다)"
82	bánh	수업뜻 "빵, 과자"인데 예문 "Bánh xe bị xì hơi"는 "바퀴"
92	chuyển	수업뜻 "바꾸다, 전환하다"인데 예문 "Chúng tôi chuyển văn phòng"은 "(사무실을) 옮기다"
103	yêu	예문 "Anh ấy giới thiệu yêu của mình"은 베트남어로 어색함 — "người yêu(애인)"여야 맞음
123	bước	수업뜻 "걸음을 걷다, 내딛다"인데 예문 "Đây là bước đầu tiên"은 "첫 단계"
124	vật	수업뜻 "물건, 사물"인데 예문 "Hai đô vật thi đấu quyết liệt"은 "đô vật(씨름 선수)"
125	kỳ	수업뜻 "이상한"인데 예문 "Tháng này có kỳ nghỉ"는 "(휴가) 기간"
126	Nam	수업뜻 "남쪽"인데 예문 "học sinh nam"은 "남자(남학생)"
126	Trung	한자말 조각 장인데 수업뜻이 "쭝(사람 이름)", 예문도 이름 — 장의 취지대로 "가운데(中)"로 바꿀지
