# 갈래	수업키	낱말	새 예문(비우면 번역만)	번역	메모 — 일상·직무·선배·22기 예문이 기본 뜻(자료에 적힌 뜻)으로 쓰이지 않아 새로 씀 (2026-09-29, 대표님 "자료에 적힌 뜻이 들어가는 예문을 작성해야 한다. 매치되는지 체크해")
일상	132	tiếng	Chị ấy nói được ba thứ tiếng.	그녀는 세 가지 언어를 할 수 있어요.	옛 예문 'một tiếng'은 '한 시간'
일상	7	chỗ	Đây là chỗ tôi làm việc.	여기가 제가 일하는 곳이에요.	옛 예문 'chỗ trống'은 '빈자리'
일상	10	số	Bảy là số may mắn của tôi.	7은 제 행운의 숫자예요.	옛 예문 'số điện thoại'는 '번호'
일상	10	lẻ	Phòng của tôi là phòng một trăm lẻ năm.	제 방은 105호예요.	옛 예문 'Số tiền lẻ'는 '잔돈'이고 문장도 아님
일상	10	lá	Tôi viết cho mẹ một lá thư.	나는 엄마에게 편지 한 장을 썼다.	옛 예문은 '잎'
일상	10	trái	Cho tôi hai trái xoài.	망고 두 개 주세요.	옛 예문 'rẽ trái'는 '왼쪽'
일상	13	buổi	Buổi sáng tôi thường uống cà phê.	아침에는 보통 커피를 마셔요.	옛 예문 'hai buổi học'은 '(수업) 두 번'
일상	20	gần đây	Gần đây tôi hay bị mệt.	최근에 저는 자주 피곤해요.	옛 예문은 '근처에'
일상	23	theo dõi	Tôi theo dõi trang của cô ấy trên Facebook.	나는 페이스북에서 그녀의 페이지를 팔로우한다.	인터넷·SNS 장, 기본 뜻 '팔로우하다' — 옛 예문은 '지켜보다'에 번역도 '따라간다'로 틀림
일상	27	bên cạnh	Nhà tôi ở bên cạnh bưu điện.	우리 집은 우체국 옆에 있어요.	옛 예문은 '~외에도'
일상	47	trở	Anh ấy đã trở về quê.	그는 고향으로 돌아갔다.	옛 예문 'trở thành'은 '~이 되다'
일상	51	biển	Mùa hè chúng tôi hay đi biển.	여름에 우리는 자주 바다에 가요.	옛 예문은 '간판'
일상	51	cây	Trước nhà tôi có một cây xoài.	우리 집 앞에 망고나무가 한 그루 있어요.	옛 예문은 '킬로미터'
일상	57	bài	Hôm nay chúng ta học bài năm.	오늘 우리는 5과를 배워요.	옛 예문 'bài báo'는 '기사 한 편'
일상	59	từ	Mỗi ngày tôi học mười từ mới.	나는 매일 새 단어 열 개를 배운다.	옛 예문 'Từ từ'는 '차차'
일상	59	thư	Hôm qua tôi nhận được thư của mẹ.	어제 나는 엄마의 편지를 받았다.	옛 예문 'thư giãn'은 '쉬다'
일상	62	phải	Anh nói phải.	당신 말이 맞아요.	옛 예문 'Rẽ phải'는 '오른쪽'
일상	65	hay	Anh uống trà hay cà phê?	차 드실래요, 아니면 커피 드실래요?	옛 예문은 '재미있다'
일상	65	nên	Trời mưa nên tôi ở nhà.	비가 와서 저는 집에 있어요.	옛 예문은 '~하는 게 좋다'
일상	75	lớn	Hà Nội là một thành phố lớn.	하노이는 큰 도시예요.	옛 예문은 '(아이가) 다 컸다'
일상	82	bánh	Tôi mua bánh cho con.	아이에게 줄 과자를 샀어요.	옛 예문 'Bánh xe'는 '바퀴'
일상	92	chuyển	Anh chuyển sang kênh khác đi.	다른 채널로 바꿔요.	옛 예문은 '(사무실을) 옮기다'
일상	103	yêu	Tôi yêu gia đình của tôi.	나는 우리 가족을 사랑한다.	옛 예문 'giới thiệu yêu của mình'은 người 가 빠져 틀린 베트남어
일상	123	bước	Anh ấy bước vào phòng.	그는 방으로 걸어 들어갔다.	옛 예문은 '첫 단계'
일상	124	vật	Đây là vật quý của bà tôi.	이것은 우리 할머니의 귀한 물건이에요.	옛 예문 'đô vật'은 '씨름 선수'
일상	125	kỳ	Chuyện này kỳ quá!	이 일 정말 이상하네요!	옛 예문 'kỳ nghỉ'는 '휴가'
일상	126	Nam	Nhà tôi quay về hướng nam.	우리 집은 남쪽을 향해 있어요.	옛 예문 'học sinh nam'은 '남자'
일상	76	mạnh	Hôm nay gió rất mạnh.	오늘은 바람이 아주 강해요.	옛 예문 'mạnh khỏe'는 '건강하다'
일상	71	đồng hồ	Đồng hồ của tôi chạy chậm năm phút.	제 시계는 5분 늦게 가요.	옛 예문 'Đồng hồ mấy giờ rồi?'는 어색한 베트남어
일상	76	chậm	Xe buýt này chạy rất chậm.	이 버스는 아주 느리게 달려요.	옛 예문 'đến chậm'은 '늦게 오다'
일상	87	cam		저는 오렌지를 먹어요.	번역만 — cam 은 오렌지(귤은 quýt)
일상	124	nghĩa		이 단어는 무슨 뜻이에요?	번역만 — '단어은' 오타
일상	126	ngữ		이 말은 아주 어려워요.	번역만 — '단어은' 오타
일상	125	liên	Trời mưa liên tục ba ngày.	비가 사흘 연속으로 내렸어요.	옛 예문 'ba năm liên'은 liền 이 맞는 말 — 한자말 조각 장이라 liên tục 으로
일상	125	hút	Máy này hút bụi rất mạnh.	이 기계는 먼지를 아주 세게 빨아들여요.	옛 예문 'Máy hút bụi trong nhà'는 문장이 안 됨
선배	B:senior7	Cô	Cô tôi là em gái của bố tôi.	우리 고모는 아버지의 여동생이다.	자료 뜻 '고모' — 옛 예문 'Cô ơi'는 부르는 말(아가씨)
선배	B:senior10	Tốt	Anh ấy làm việc rất tốt.	그는 일을 아주 잘한다.	자료 뜻 '잘' — 옛 예문 'người tốt'은 '착한 사람'
선배	B:senior19	bên cạnh	Cô ấy ngồi bên cạnh tôi.	그녀는 내 옆에 앉아 있다.	옛 예문은 '~외에도'
선배	B:senior21	không	Không, tôi không phải là sinh viên.	아니요, 저는 대학생이 아니에요.	자료 뜻 '아니오' — 옛 예문은 부정(안 ~하다)
선배	B:senior23	phục vụ	Chúng tôi luôn sẵn sàng phục vụ khách hàng.	저희는 언제나 고객에게 봉사할 준비가 되어 있습니다.	자료 뜻 '봉사하다' — 옛 예문 'nhân viên phục vụ'는 '종업원'
선배	B:senior32	Điệu	Đây là một điệu múa truyền thống của Việt Nam.	이것은 베트남의 전통 춤이다.	자료 뜻 '춤' — 옛 예문 번역 '음악의 동작에 맞춰'가 틀림
선배	B:senior34	thấp	Cái bàn này hơi thấp.	이 책상은 좀 낮다.	자료 뜻 '낮다' — 옛 예문은 '키가 작다'
선배	B:senior40	Chậm	Anh ấy làm việc rất chậm.	그는 일을 아주 느리게 한다.	옛 예문 'đến chậm'은 '늦게 오다'
선배	B:senior44	hút	Máy này hút bụi rất mạnh.	이 기계는 먼지를 아주 세게 빨아들여요.	옛 예문 'Máy hút bụi trong nhà'는 문장이 안 됨
선배	B:senior63	bớt	Anh nên bớt uống rượu.	술을 좀 줄이는 게 좋겠어요.	자료 뜻 '줄이다, 덜다' — 옛 예문은 '값을 깎다'
선배	B:senior65	yêu	Anh ấy rất yêu vợ.	그는 아내를 무척 사랑한다.	옛 예문 'giới thiệu yêu của mình'은 người 가 빠져 틀린 베트남어(자료 뜻 '애인'은 틀려 기본 뜻 '사랑하다')
선배	B:senior75	xin	Tôi muốn xin việc ở công ty này.	저는 이 회사에 지원하고 싶어요.	자료 뜻 '지원하다' — 옛 예문은 '휴가를 신청하다'
선배	B:senior105	thuận lợi	Nhà gần công ty nên đi làm rất thuận lợi.	집이 회사와 가까워서 출근하기가 아주 편리하다.	자료 뜻 '편리한' — 옛 예문 번역 '날씨가 편리합니다'가 어색
선배	B:senior105	hoạt động	Cô ấy tham gia nhiều hoạt động tình nguyện.	그녀는 봉사 활동에 많이 참여한다.	옛 예문은 '(기계가) 작동하다'
선배	B:senior108	giờ	Tôi làm việc tám giờ một ngày.	나는 하루에 여덟 시간 일한다.	자료 뜻 '시간' — 옛 예문 'mấy giờ'는 '몇 시'
선배	B:senior111	sinh	Tôi sinh ra ở Hà Nội.	나는 하노이에서 태어났다.	옛 예문 'Hôm nay là sinh của tôi'는 nhật 이 빠져 틀린 베트남어(자료 뜻 '생일'은 틀려 기본 뜻 '태어나다')
선배	B:senior124	kêu	Mẹ kêu tôi về ăn cơm.	엄마가 밥 먹으라고 나를 불렀다.	자료 뜻 '부르다' — 옛 예문 'kêu ca'는 '불평하다'
선배	B:senior125	trở	Anh ấy đã trở về quê.	그는 고향으로 돌아갔다.	옛 예문 'trở thành'은 '~이 되다'
선배	B:senior129	gần đây	Gần đây tôi hay bị mệt.	최근에 저는 자주 피곤해요.	옛 예문은 '근처에'
선배	B:senior146	truyện	Bà thường kể truyện cổ tích cho tôi nghe.	할머니는 자주 나에게 옛날이야기를 들려주셨다.	자료 뜻 '이야기, 소설' — 옛 예문 'truyện tranh'은 '만화'
선배	B:senior149	thuộc	Vịnh Hạ Long thuộc tỉnh Quảng Ninh.	하롱베이는 꽝닌성에 속한다.	자료 뜻 '~에 속하다' — 옛 예문은 '외우다'
선배	B:senior156	liên	Trời mưa liên tục ba ngày.	비가 사흘 연속으로 내렸어요.	옛 예문 'ba năm liên'은 liền 이 맞는 말
선배	B:senior166	giữ	Hãy giữ liên lạc với tôi nhé.	저와 계속 연락을 유지해요.	자료 뜻 '유지하다' — 옛 예문은 '보관하다'
선배	B:senior201	động cơ	Động cơ học tiếng Việt của bạn là gì?	당신이 베트남어를 배우는 동기는 무엇인가요?	자료 뜻 '동기' — 옛 예문은 '엔진'
선배	B:senior223	khăn quàng	Mẹ đan cho tôi một chiếc khăn quàng.	엄마가 나에게 목도리를 하나 떠 주셨다.	옛 예문 'quàng khăn'은 차례가 뒤집힌 다른 말(목도리를 두르다)
선배	B:senior225	tất	Tất cả chúng tôi đều đồng ý.	우리 모두 동의한다.	자료 뜻 '다, 모두' — 옛 예문은 '양말'
선배	B:senior227	nhập	Công ty này nhập hàng từ Hàn Quốc.	이 회사는 한국에서 물건을 수입한다.	자료 뜻 '수입하다' — 옛 예문은 '입력하다'
선배	B:senior242	lực	Công việc này cần nhiều thể lực.	이 일은 체력이 많이 필요하다.	자료 뜻 '체력' — 옛 예문 'có lực khỏe'는 어색한 베트남어
선배	B:senior253	không nào cả	Tôi không có ý kiến nào cả.	저는 아무 의견도 없어요.	옛 예문 'ý kiến gì nào cả'는 gì 와 nào 가 겹친 틀린 말
선배	B:senior276	đồng đều	Hãy chia tiền đồng đều cho mọi người.	돈을 모두에게 균등하게 나누세요.	옛 예문은 'chia đều'로 낱말이 없음
선배	B:senior293	mệnh lệnh	Câu "Hãy đóng cửa lại!" là câu mệnh lệnh.	"문을 닫아라!"는 명령문이다.	자료 뜻 '명령문' — 옛 예문은 '(군대) 명령'
선배	B:senior311	theo dõi		의사가 환자의 상태를 지켜본다.	번역만 — '따라간다'는 틀린 번역
선배	B:senior341	cảm xúc	Bộ phim này mang lại cho tôi nhiều cảm xúc.	이 영화는 나에게 큰 감동을 주었다.	자료 뜻 '감동하다/감성적인' — 옛 예문은 '감정을 조절하다'
선배	B:senior347	địa bàn	Công ty chúng tôi hoạt động trên địa bàn Hà Nội.	우리 회사는 하노이 지역에서 활동한다.	자료 뜻 '지역, 구역' — 옛 예문은 '나침반'
선배	B:senior355	Ứng dụng	Chúng ta cần ứng dụng công nghệ mới vào sản xuất.	우리는 새 기술을 생산에 응용해야 한다.	자료 뜻 '응용, 적용' — 옛 예문은 '앱'
선배	B:senior375	Vĩnh viễn	Tôi sẽ nhớ bạn vĩnh viễn.	나는 너를 영원히 기억할 거야.	옛 예문 'sẽ mãi mãi vĩnh viễn'은 동사가 없는 어색한 말
선배	B:senior382	thư	Anh ấy gửi thư cho tôi mỗi tháng.	그는 매달 나에게 편지를 보낸다.	자료 뜻(휴식)은 thư giãn 의 뜻이라 틀려 기본 뜻 '편지' — 옛 예문 'thư giãn'
선배	B:senior421	đá	Ngôi nhà này được xây bằng đá.	이 집은 돌로 지어졌다.	자료 뜻 '돌' — 옛 예문 'đá bóng'은 '(공을) 차다'
선배	B:senior430	mạnh	Đội bóng này rất mạnh.	이 축구팀은 매우 강하다.	옛 예문 'mạnh khỏe'는 '건강하다'
22기	B:c220	đúng	Anh nói đúng.	당신 말이 맞아요.	자료 뜻 '맞다·옳다' — 옛 예문 'bảy giờ đúng'은 '정각'
22기	B:c2231	đúng	Anh nói đúng.	당신 말이 맞아요.	같은 낱말은 22기 원본에서 같은 예문
22기	B:c220	phải	Anh là người Hàn Quốc, phải không?	한국 사람이죠, 맞죠?	자료 뜻 '맞다·~해야 한다' — 옛 예문 'Rẽ phải'는 '오른쪽'
22기	B:c225	tiếng	Tôi đang học tiếng Việt.	저는 베트남어를 배우고 있어요.	자료 뜻 '언어·말·소리' — 옛 예문 'một tiếng'은 '한 시간'
22기	B:c227	mà	Món này ngon mà đắt quá.	이 음식은 맛있는데 너무 비싸요.	자료 뜻 '그런데, 그렇지만' — 옛 예문은 관계사(~하는)
22기	B:c2217	biển	Mùa hè chúng tôi hay đi biển.	여름에 우리는 자주 바다에 가요.	자료 뜻 '바다' — 옛 예문은 '간판'
22기	B:c2218	biển	Mùa hè chúng tôi hay đi biển.	여름에 우리는 자주 바다에 가요.	같은 낱말은 같은 예문
22기	B:c2222	biển	Mùa hè chúng tôi hay đi biển.	여름에 우리는 자주 바다에 가요.	같은 낱말은 같은 예문
22기	B:c2218	điều khiển	Cái điều khiển ti vi đâu rồi?	텔레비전 리모컨 어디 있어요?	자료 뜻 '리모컨' — 옛 예문은 '조종하다'
22기	B:c2229	trời	Trên trời có nhiều sao.	하늘에 별이 많아요.	자료 뜻 '하늘' — 옛 예문 'trời đẹp'은 '날씨'
22기	B:c2221	trừ	Mười trừ ba bằng bảy.	10 빼기 3은 7이에요.	자료 뜻 '빼다·마이너스' — 옛 예문은 '~을 제외하고'
22기	B:c2225	bài	Hôm nay chúng ta học bài năm.	오늘 우리는 5과를 배워요.	자료 뜻 '과·단원' — 옛 예문 'bài báo'는 '기사'
22기	B:c2228	đóng	Nhớ đóng cửa sổ trước khi đi ngủ.	자기 전에 창문 닫는 것 잊지 마세요.	자료 뜻 '닫다' — 옛 예문은 '(역을) 맡다'
22기	B:c2229	chậm	Anh nói chậm một chút được không?	조금 천천히 말해 주실 수 있어요?	자료 뜻 '천천히·느리다' — 옛 예문 'đến chậm'은 '늦게 오다'
22기	B:c2230	từ	Tôi làm việc từ tám giờ sáng.	나는 아침 8시부터 일한다.	자료 뜻 '~부터' — 옛 예문 'Từ từ'는 '차차'
22기	B:c2233	cao	Anh trai tôi rất cao.	우리 형은 키가 아주 크다.	자료 뜻 '크다'(키) — 옛 예문은 '(건물이) 높다'
22기	B:c2211	sinh tố		나는 스무디를 마시고 싶어.	번역만 — '생즙'은 틀린 번역
22기	B:c2213	sinh tố		나는 스무디를 마시고 싶어.	번역만
22기	B:c2237	sinh tố		나는 스무디를 마시고 싶어.	번역만
22기	B:c2219	ví dụ		예를 하나 들어 주세요.	번역만 — '예문'이 아니라 '예'
