# 낱말	분류	우리 품사	베트남어판 품사	우리 뜻
a lô	어긋남	감 동	감 명	[감] 여보세요(다른 꼴) · [동] 전화하다(다른 꼴)
bao giờ	전혀 다름	부	명	[부] 언제, 얼마 뒤에 · [부] (부정·의문문에서) 한 번이라도, 언제든
biến đổi	어긋남	동	동 명	[동] 변하다, 바뀌다 · 바꾸다
biển	전혀 다름	명	동	[명] 바다 · [명] (비유) (사람·불길의) 바다 · [명] 간판, 표지판
buồn nôn	전혀 다름	형	명	[형] (북부) 메스껍다, 구역질 나다
buộc	어긋남	동	동 명	[동] 묶다, 매다 · [동] 강요하다, 강제하다
báo cáo	어긋남	동	동 명	[동] 보고하다 · 보고서
bình an	전혀 다름	고유 형	명	[형] 평안한, 평온한 · [고유] (지명) 빈즈엉성 지안시의 동 · [고유] (지명) 빈투언성 박빈현의 면 · [고유] (지명) 동나이성 롱타인현의 면 · [고유] (지명) 하띤성 록하현의 면 · [고유] (지명) 끼엔장성 쩌우타인현의 면 · [고유] (지명) 끼엔장성 끼엔르엉현의 면 · [고유] (지명) 롱안성 투트어현의 면 · [고유] (역사, 202
bình yên	전혀 다름	고유 형	명	[형] 평온하다; 평화롭다 · [고유] (지명) 하노이시 타익타트현의 면 · [고유] (지명) 타이응우옌성 딘호아현의 면 · [고유] (지명) 뚜옌꽝성 선즈엉현의 면
búa	어긋남	명	동 명	[명] 망치
bơi	어긋남	동	동 명	[동] 헤엄치다, 수영하다 · [동] 배를 젓다 · [동] (비유) 감당하기 힘든 일을 하느라 허덕이다
bảo hiểm	어긋남	명	동 명	[명] 보험
bảo thủ	전혀 다름	형	동	[형] 고집이 센, 완고한 · [형] (정치) 보수적인
bất cứ	전혀 다름	관형	대	[관형] 어떤 ~라도, 아무 ~나
bắc	어긋남	고유 동 형	동 명	[형] 북쪽의, 북부의 · [동] 올라가려고 물건을 걸쳐 놓다 · [동] 냄비를 불에 올리거나 내리다 · [고유] 남자 이름 · [고유] 북부 베트남
bụi bặm	전혀 다름	형	명	[형] 먼지투성이의
bức	전혀 다름	동 분류 형	명	[동] 강요하다, 억지로 시키다 · [형] (마음이) 어수선한, 불편한 · [형] (날씨) 견디기 힘들게 더운 · [분류] 벽, 장벽, 손으로 쓴 편지, 그림, 사진, 조각상을 세는 말
chiếc	전혀 다름	분류	명	[분류] (격식, 문어) 무생물인 물건을 두루 세는 말 · [분류] (구어) 자전거·오토바이·자동차 같은 흔한 탈것을 세는 말
chung quanh	전혀 다름	명	전	[명] 주위, 주변(= xung quanh)
chuyện	어긋남	감 명	감 동 명	[명] 이야기; 옛이야기; 일화 · [명] 일; 사안 · [명] 일부러 만든 말썽 · [감] (감탄) 당연하지!
chuẩn mực	전혀 다름	형	명	[형] 표준, 규범 · 모범적인
chú	어긋남	대 명 분류	동 명	[명] 삼촌; 아버지의 남동생 · [명] 이모부; 어머니 자매의 남편 · [명] 고모부; 아버지 자매의 남편 · [명] 부모보다 약간 어려 보이는 남자 · [대] 저; 나(당신 아버지의 남동생인 나) · [대] 저; 나(당신 어머니 자매의 남편인 나) · [대] 저; 나(당신 부모보다 약간 어려 보이는 남자인 나) · [대] 당신; 삼촌(내 아버지의 남동생
chúng	어긋남	대 조	대 명	[조] (대명사의) 복수를 나타내는 말 · [대] 그들; 그것들
chắc chắn	전혀 다름	부 형	동	[형] 탄력 있는; 단단한; 안정된 · [형] 확신하는; 확실한 · [부] 확실히; 분명히; 틀림없이
chờ đợi	전혀 다름	동	명	[동] 기다리다
chụp	어긋남	동	동 명	[동] 붙잡다, 덮치다 · [동] 사진을 찍다
chứ	전혀 다름	조	명	[조] 앞의 서술과 그와 대립되는 것을 견주어 뒤의 것을 부정하며 확실함을 나타내는 말 · [조] 뒤에 의문사가 오면 긍정 말고 다른 답이 없다고 보는 뜻 · [조] (질문 끝에서) 앞 말이 맞다고 보면서 확인을 구함 · [조] (문장 끝에서) 앞 말을 확언하며 상대가 너무 몰랐다고 암시함
chứng kiến	어긋남	동	동 명	[동] 목격하다, 보다 · [동] (높임) 참석하여 빛내 주다
cuốn	어긋남	동 분류	동 명	[동] 말다 · [동] 사로잡다, 매혹하다 · [분류] 책을 세는 말
cuộc	어긋남	명	동 명	[명] (보통 명사화하는 말) 여러 사람이 하는 길게 이어지는 일 · [명] (특히) 경기, 대회
cách tân	전혀 다름	동	명	[동] 혁신하다, 쇄신하다
còn	어긋남	동 부	동 명	[동] 남다, 아직 있다 · [동] (완곡) 살아 있다 · [부] 아직 · [부] ~한 경우에, 만약 · [부] 오히려, 반대로 · [부] 그런데, ~는요?(화제를 돌릴 때)
cơ động	전혀 다름	명	동	[명] 기동성 · 기동성 있는
cưỡng	어긋남	명	동 명	[명] (남부) 어떤 종 · [명] (합성어에서만) 억지로 하다
cảm động	전혀 다름	형	동	[형] (사람) 감동한 · [형] (대개 이야기) 감동적인
của	어긋남	명 전	명 접	[명] 재산, 소유물 · [명] 일정한 종류의 음식 · [명] (구어) 그런 쓰레기, 쓸모없는 놈 · [전] ~의(소유·관련)
dinh	어긋남	명	동 명	[명] 관저, 저택
do	전혀 다름	전	명	[전] (중립 피동 표지) ~에 의해 · [전] ~때문에
doanh nghiệp	어긋남	명	동 명	[명] 기업
du lịch	전혀 다름	명	동	[명] 관광
dành	어긋남	동	동 명	[동] 모아 두다, 남겨 두다
dã ngoại	전혀 다름	명	동	[명] 소풍, 야외 활동
dần	어긋남	고유 동 부	동 명	[동] (흔히 고기를) 계속 두드려 연하게 하다 · [동] (구어) 두들겨 패다 · [부] 조금씩, 차츰 · [고유] 남녀 공용 이름 · [고유] 인(십이지의 셋째, 호랑이)
dự	어긋남	동	동 명	[동] 참석하다, 참여하다, 관여하다 · [동] (합성어에서) 미리 준비하다, 미리 하다
dựa	전혀 다름	동	명	[동] 기대다 · [동] 근거하다, 바탕으로 하다
gay	전혀 다름	형	동	[형] 어려운, 힘든 · [형] 동성애자의
ghi	전혀 다름	동 형	명	[동] 기록으로 적다 · [동] (컴퓨터) 쓰다 · [동] (문어) 기억하다, 기념으로 간직하다 · [형] 흰색과 검은색 사이의 색, 회색
giám sát	어긋남	동	동 명	[동] 감독하다, 감시하다
giám thị	어긋남	명	동 명	[명] 시험 감독관
giám đốc	어긋남	명	동 명	[명] 사장, 이사, 대표
giùm	전혀 다름	부	동	[부] 대신 해 주다(중·남부)
giới hạn	어긋남	명	동 명	[명] 한계, 제한
gõ	어긋남	동	동 명	[동] 주먹 옆면, 손마디, 손끝, 짧은 막대로 두드리다, 치다 · [동] (의학) 타진하다
gần	전혀 다름	부 형	전	[형] 가깝다, 근처이다 · [부] 거의, 대략
gần gũi	전혀 다름	형	동	[형] 친근한, 가까운
hiện nay	전혀 다름	부	명	[부] 현재, 요즘
hiện đại	전혀 다름	형	명	[형] 현대적인
hoe	전혀 다름	형	동	[형] 불그스름한
hoãn	어긋남	동	동 명	[동] 연기하다, 미루다
hy sinh	어긋남	동	동 명	[동] 희생하다 · [동] (격식, 특히 전쟁에서 군인이) 죽다, 전사하다
hàn	어긋남	고유 동 형	동 명	[동] 용접하다, 납땜하다 · [형] (합성어에서만) 한국, 한국의 · [고유] 성씨 · [고유] 한국(다른 꼴) · [고유] (지명) 한강(다낭시의 강)
háo hức	전혀 다름	형	동	[형] 설레는, 들뜬
hình như	전혀 다름	부	동	[부] ~인 것 같다
hòa nhạc	어긋남	명	동 명	[명] 음악회, 콘서트
hô hấp	전혀 다름	동	명	[동] (공식) 호흡하다 · 호흡
hùng biện	전혀 다름	형	동	[형] 웅변하는 · 웅변
hút	어긋남	동	동 명	[동] 흡수하다, 빨다 · [동] 담배를 피우다 · [동] (쇠를) 끌어당기다 · [동] (구어) 끌어당기다
hại	전혀 다름	동 형	명	[형] 해로운 · [동] 해치다, 누군가에게 문제를 일으키다
hắt	어긋남	동	동 명	[동] 내던지다, 쏟아 버리다
hẳn	전혀 다름	부	명	[부] 확실히, 분명히 · [부] 완전히, 마침내
hồ	어긋남	고유 명	동 명	[명] 호수 · [명] 풀 · [명] 모르타르(다른 꼴) · [명] 호(弧) · [고유] 성씨
khi	어긋남	동 부	동 명	[부] ~할 때 · [동] 깔보다, 경멸하다
khoa	어긋남	고유 명	동 명	[명] (대학·의대·병원의) 학과 · [고유] 남자 이름
kinh điển	전혀 다름	형	명	[형] 고전적인, 명작의
kiên nhẫn	전혀 다름	형	동	[형] 참을성 있는 · 인내심
kiến trúc	어긋남	명	동 명	[명] 건축 · [명] (건물의) 구조
kiểm sát	전혀 다름	동	명	[동] (법) 검찰하다, 법 준수를 감독하다
ké	전혀 다름	동	명	[동] (동사 뒤) 남에게서 한몫 얻다
kẹt	전혀 다름	동 형	명	[형] 끼인, 꼼짝 못 하는 · [동] 끼이다, 꼼짝 못 하다 · [동] (남부) 바쁘다
kết hôn	전혀 다름	동	명	[동] (공식) 결혼하다
kết nối	전혀 다름	동	명	[동] 연결하다
liên lạc	어긋남	동	동 명	[동] 연결하다 · [동] 의사소통하다
liên quan	전혀 다름	명	동	[명] 관련되다, 관련
liệu	어긋남	고유 동 부	동 명	[동] 생각하다; 헤아리다 · [고유] 여자 이름 · [부] 과연 ~일까(의문 강조)
lãi	어긋남	명	동 명	[명] (금융) 이자 · [명] 기생충(회충) · [명] 이익, 이윤(장사의 남는 돈)
lí do	전혀 다름	명	동	[명] 이유(원인) · [명] 핑계(죄책감이나 비난을 피하려는 설명)
lùa	어긋남	동	동 명	[동] (가축을) 몰아넣다 · [동] (바람이) 비어 있거나 좁은 곳으로 불어 들다
lăm	전혀 다름	동 수	명	[수] 다섯(다른 꼴) · [동] (타동, 드묾) ~하려고 마음먹다
lưới	어긋남	명	동 명	[명] 그물 · [명] 망(전력망 등) · [명] 네트(구기)
lượng	어긋남	명	동 명	[명] 양, 분량 · [명] (철학) 양 · [명] (힌두교) 프라마나 · [명] (주로 금·은) 냥(다른 꼴)
lạng	어긋남	명	동 명	[명] 냥(무게 단위, 약 37.8그램) · [명] 헥토그램(100그램)
lẻ	전혀 다름	부 형	명	[형] 홀수의 · [형] (비격식, 수가) 기이한(무리수나 순환소수 같은 것) · [형] (지폐가) 2만 동 이하의 소액인 · [형] (주로 남부) 805·2001 같은 수의 "영"을 나타냄 · [부] (비격식) 다른 사람 없이 혼자 · [부] (팔고 살 때) 낱개로, 전체가 아니라(담배 몇 개비처럼)
lộn xộn	전혀 다름	형	명	[형] 어지러운, 무질서한
miễn phí	전혀 다름	형	동	[형] 무료의
miễn thuế	전혀 다름	형	동	[형] 면세의
mà	어긋남	접 조	대 명 접	[접] 그러나, 하지만 · [접] ~하는, ~한 (관계사) · [접] 그리고, 그러고서 (부정적이거나 중립적인 동사 앞) · [조] (구어) 강조나 대조를 나타내는 문말 조사 · [조] (구어) 형용사나 동사 앞에서 뜻을 강조하는 말
màn	어긋남	명 분류	동 명	[명] (북부) 모기장 · [명] 커튼 · [명] 화면, 스크린 · [분류] (공연의) 막 · [분류] 밤을 세는 단위
má	어긋남	명	감 명	[명] 볼, 뺨 · [명] (남부) 엄마 · [명] (합성어에서만) 볏모, 모종
mê	전혀 다름	동	명	[동] 정신을 잃다, 잠에 빠지다 · [동] 반하다, 푹 빠지다, 열광하다 · [동] 길을 잃다
mạch lạc	전혀 다름	형	명	[형] 조리 있는, 일관성 있는
mẩu	전혀 다름	분류	명	[분류] 조각
mập	전혀 다름	형	명	[형] 뚱뚱한(남부)
mặc	어긋남	동 접	동 명	[동] (옷) 입다 · [동] 내버려 두다 · [동] 무시하다 · [접] (문어) ~하기 위해, ~로
mẹ	어긋남	대 명	감 명	[명] 어머니 · [대] (엄마가 자녀에게) 나 · [대] (자녀가 엄마에게) 엄마 · [대] (반어) 너 · [명] (주로 기독교) 특히 마리아를 가리킴 · [명] (기독교) 성모 · [대] (기독교) 당신, 성모 · [대] (기독교) 그분, 성모
một số	전혀 다름	형	명	[형] 일부, 몇몇
một vài	전혀 다름	형	명	[형] 몇몇
mới	전혀 다름	부 형	동	[형] 새로운 · [부] (구어) 방금 ~했다 · [부] ~해야 비로소 · [부] (강조) ~이다
mỡ	어긋남	명	동 명	[명] 지방, 기름 · [명] 어떤 식물의 속
nam tính	전혀 다름	형	명	[형] 남자다운; 남성적인
ngang	어긋남	동 부 형	동 명	[형] 가로의 · [형] 옆으로의 · [형] 억지스러운 · [형] 평평한 · [부] 가로질러 · [동] 맞먹다
nghe	어긋남	동 조	감 동	[동] 듣다 · [동] 귀 기울이다 · [동] 말을 듣다, 따르다 · [동] ~하게 들리다 · [동] (구어, 중부·남부) 냄새를 맡다 · [동] 느끼다 · [조] (구어) ~지?
nghêu	전혀 다름	명	동	[명] 조개(바지락류)
nghỉ	어긋남	대 동 부	동 명	[동] 쉬다 · [동] 휴가를 내다 · [동] (비유, 완곡) 죽다 · [대] (옛, 문어) 그 남자 · [대] (옛, 문어) 그 여자 · [부] (옛) 혼자서
ngầm	전혀 다름	부 형	명	[형] 지하의, 수중의 · [형] (비유) 은밀한, 말없는 · [부] (비유) 은밀하게, 말없이
ngập	전혀 다름	형	동	[형] 물에 잠기다 · [형] 뒤덮이다, 가득하다
ngứa	어긋남	동	동 명	[동] 가렵다 · [동] (구어, 주로 합성어) 하고 싶어 근질근질하다, 불편하다, 불안하다
nhàn	전혀 다름	고유 형	명	[형] 한가한, 느긋한 · [고유] 남녀 공용 이름
nhẫn	어긋남	명	동 명 접	[명] 반지
nhập	어긋남	동	동 명	[동] (모임에) 들어가다, 가입하다 · [동] 물건을 창고에 들이다 · [동] (심령) 빙의하다 · [동] 입력하다 · [동] 수입하다
nhỉ	전혀 다름	조	감	[조] 부가 의문문을 만드는 말
nhớ	어긋남	동	감 동	[동] 기억하다 · [동] 그리워하다
nâu	전혀 다름	형	명	[형] 갈색
nội trợ	전혀 다름	형	동	[형] 살림, 가사 · 가정주부
phiên dịch	어긋남	동	동 명	[동] 통역하다, 번역하다 · 통역사
phát ngôn	어긋남	동	동 명	[동] (공식) 발언하다
phó	어긋남	고유 동 접두 접미	동 명	[접두] (격식·접두) 부- · [접미] (접미) 부(副), 차석 · [동] (합성어에서만) 맡기다, 가다 · [고유] 성씨
quan niệm	어긋남	명	동 명	[명] 관념, 생각
quanh	전혀 다름	전 형	동 명	[형] 에둘러 가는, 구불구불한 · [형] 얼버무리는, 회피하는 · [전] ~의 주위에
quyết	어긋남	고유 동	감 동 명	[동] (주로 합성어에서) 결정하다; 결단하다 · [고유] 남자 이름
quý khách	어긋남	대	대 명	[대] (높임) 손님, 고객님
quý vị	전혀 다름	대	명	[대] (높임) 여러분
quốc tế	전혀 다름	형	명	[형] 국제의
quỳ	전혀 다름	동	명	[동] 무릎을 꿇다
sang	전혀 다름	고유 동 조 형	명	[형] 값비싼, 고급스러운 · [동] 건너가다, 넘어오다 · [동] 넘기다, 양도하다 · [고유] 남녀 공용 이름 · [조] ~(으)로(바꿔·옮겨)
sinh động	전혀 다름	형	명	[형] 생생한, 생동감 있는
song	어긋남	명 부 접두	명 접	[명] 굵은 등나무 · [명] (예스러움)(문어) 창문 · [명] 난간·울타리의 세로 기둥(다른 꼴) · [접두] (접두) 쌍-, 이중의, 평행한 · [부] (문어) 그러나
sôi	전혀 다름	형	동	[형] 끓는 · [형] 끓인
sôi động	전혀 다름	형	동	[형] 활기찬, 생동감 있는
sốt ruột	전혀 다름	형	동	[형] 초조하다, 애태우다
sức	어긋남	명	동 명	[명] 힘
sự	전혀 다름	접두	명	[접두] (집합) 일들 · [접두] 동사나 형용사를 명사로 만드는 접두사
tham khảo	전혀 다름	동 형	명	[동] 참고하다, 상담하다 · [형] 참고가 되는
thay vì	전혀 다름	전	동	[전] ~ 대신에
thi đấu	전혀 다름	동	명	[동] 경기하다, 시합하다
thiết kế	어긋남	동	동 명	[동] 설계하다, 디자인하다
thành danh	전혀 다름	형	동	[형] 이름을 떨치다, 출세하다
tháp	어긋남	명	동 명	[명] (전통 중국식 건축, 특히 불교) 탑 · [명] 탑 · [명] (힌두교) 사원이나 사원 단지
thảo nào	전혀 다름	부	접	[부] 어쩐지, 그러니까
thất	전혀 다름	명	수	[명] (해부) 심실, 뇌실
thất vọng	전혀 다름	명 형	동	[형] 실망한 · [명] 실망
thằng	전혀 다름	분류	대	[분류] (비격식, 또는 무례) 남자를 가리키는 말 · [분류] (구어) 사람이 아닌 것을 사람처럼 가리키는 인물, 놈
thế	어긋남	동 명 부	대 동 명	[명] 자세, 태세 · [명] 상태, 형편 · [명] 힘, 권세 · [부] 그렇게, 이처럼, 그와 같이 · [부] 의문문 끝에 쓰는 어조사 · [부] 그럼, 그러면(문장 첫머리) · [동] 바꾸다, 대신하다 · [명] (합성어에서만) 시대, 때, 세대
thời	어긋남	명 조	동 명	[명] 때, 순간, 철 · [명] 기회, 호기 · [조] (북부, 옛) 주제 표지 '~는'(다른 꼴)
thử nghiệm	어긋남	명	동 명	[명] 시험, 실험
tiêm	어긋남	동	동 명	[동] 주사를 놓다
tiêu phí	전혀 다름	명	동	[명] 소비, 낭비
trang	어긋남	고유 명	동 명	[명] 쪽, 페이지 · [고유] 성씨 · [고유] 여자 이름 · [고유] 트랑(자라이성 망양현의 사)
trang sức	어긋남	명	동 명	[명] 장신구, 보석
trinh thám	어긋남	명	동 명	[명] 추리 소설 · [명] (군사) 정찰
trước tiên	전혀 다름	부	명	[부] 무엇보다 먼저, 우선
trả	어긋남	동	동 명	[동] 돌려주다 · [동] 지불하다, 갚다
trầm cảm	전혀 다름	형	동	[형] 우울증의, 우울한
trừ	어긋남	동	동 명	[동] 제외하다, 빼다 · [동] (수학) 빼다 · [동] (농업) (해충을) 없애다
tái	전혀 다름	접두 형	동	[형] 창백한 (사람 얼굴), (음식이) 상한, 병색·공포 등을 나타내는 색의 · [형] (고기가) 덜 익은 · [접두] (접두) 재-, 다시
tám	전혀 다름	동 수	명	[수] 8 · [동] (남부) 수다 떨다 · [동] (남부) 험담하다
tê liệt	전혀 다름	형	명	[형] 마비된
tín dụng	어긋남	명	동 명	[명] (금융) 신용
tóm lại	전혀 다름	부	동	[부] 요약하면, 결론적으로 · [부] 간단히 말해, 요컨대
tại	전혀 다름	동 접	전	[동] ~에 있다 · [동] (구어) ~ 때문이다 · [접] (구어) ~ 때문에
tải	어긋남	동	동 명	[동] 싣다, 운반하다, 나르다 · [동] 내려받다 (다른 꼴)
tấn	어긋남	고유 명	동 명	[명] 톤(무게 단위) · [고유] (역사) 진나라(266~420년) · [고유] (역사) 진(주나라 때 북중국의 제후국) · [고유] 성씨 · [고유] 남녀 공용 이름
tất cả	전혀 다름	명	대	[명] 모두, 전부
tổng cộng	전혀 다름	동	명	[동] 합계하다, 모두 합하다
từ	어긋남	동 명 접	동 명 전	[접] ~부터, ~이래 · [접] ~에 (행동의 결과가 지금까지 이어짐을 나타내는 때) · [명] 낱말, 단어 · [명] (구어) 사당지기 (다른 꼴) · [명] 사 (중국 시의 한 갈래) · [동] 의절하다, 관계를 끊다 · [동] 사직하다 · [동] (문어) 포기하다 · [동] 아끼다, 빼놓다 · [명] 자성 (다른 꼴)
viên	전혀 다름	고유 동 분류 접미 형	명	[접미] (접미) ~원, 구성원 · [분류] (역사) 관리를 세는 말 · [형] (합성어에서만) 둥근 · [동] 둥글게 하다, 뭉치다 · [분류] 벽돌·기와·총알 등 작고 단단한 것을 세는 말 · [고유] 빈(오스트리아의 수도) · [형] 빈의
việc gì	전혀 다름	구 동 부	명	[동] (구어) 누군가를 다치게 놓아두다 · [동] 상관없는 일이다 · [부] 쓸데없이 · [구] 무슨 일 · [구] 무슨 용건
vài	전혀 다름	관형	명	[관형] 몇몇, 두세
vác	어긋남	동	동 명	[동] (어깨에) 메다, 지다
váy	어긋남	명	동 명	[명] 치마 · [명] 드레스, 원피스
vì sao	전혀 다름	부	명 접	[부] 왜
võ thuật	전혀 다름	명	동	[명] 무술
vũ trang	전혀 다름	형	동	[형] 무장한
vấn đáp	전혀 다름	명	동	[명] 구술시험, 문답
vị	어긋남	명 분류 전	동 명	[명] 맛 · [명] 풍미 · [전] (드묾, 문어) ~을 위해서 · [명] (격식, 공손) 사람을 부를 때 쓰는 말 · [분류] (격식, 높임, 공손) 사람을 세는 말
vịnh	어긋남	명	동 명	[명] 만 · [명] (시) 어떤 주제를 묘사하거나 논평하는 시의 한 종류
vớt	어긋남	동	동 명	[동] (물에서) 건지다
xanh	전혀 다름	고유 형	명	[형] 푸른, 파란, 초록의 · [형] (안색이) 창백한 · [형] (과일이) 덜 익은 · [형] (문어·사람 머리털이) 젊어 검은 · [고유] (기독교) 성인 이름 앞에 붙이는 칭호
xin chào	전혀 다름	동	감	[동] 안녕하세요
xoài	어긋남	명	동 명	[명] 망고
ông bà	어긋남	명	대 명	[명] 조부모 · [명] (비유, 구어, 문어) 조상 · [명] 신사 숙녀 여러분
úc	전혀 다름	고유	명	[고유] 호주(오스트레일리아)
đang	전혀 다름	조	동 명	[조] 동작이나 상태가 진행 중임을 나타내는 말
điền	전혀 다름	고유 동	명	[동] 채워 넣다; 기입하다 · [고유] 남자 이름
đoạn	어긋남	명 부	동 명	[명] (긴 것의) 구간 · [명] (수학) 선분 · [명] (글) 단락 · [명] (드묾) 비단 · [부] (문어) 그러고 나서, 끝낸 뒤에
đáng thương	전혀 다름	형	명	[형] 불쌍한, 가련한
đói	전혀 다름	형	동	[형] 배고픈 · [형] (확장) 무엇을 몹시 바라는
định kỳ	전혀 다름	형	명	[형] 정기적인
đối thoại	전혀 다름	명	동	[명] 대화 · [명] 대담, 이야기
độ lượng	전혀 다름	형	명	[형] 관대한, 도량이 넓은
đứa	전혀 다름	분류	명	[분류] 아이·손아랫사람을 세는 말 (đứa bé 아이)
đừng	전혀 다름	동	명	[동] ~하지 마라
ơi	전혀 다름	조	감	[조] ~야, 여보세요(부름) · 네(대답)
ạ	어긋남	동	동 조	[동] (북부) 상대에게 말할 때 높임 어조사를 붙이다
ấy	어긋남	관형 대 조	감 대 조	[관형] (주로 북부) 저, 그 · [조] (주로 북부) 문장 끝에서 뜻을 강조하는 말 · [대] (북부, 농담) 너, 친구야
ẩn	어긋남	동 형	동 명	[형] 잠재된, 숨은 · [형] (컴퓨터) 숨겨진 · [동] (사람이) 세상을 피해 은둔하다 · [동] (문어) 몸을 숨기다 · [동] (컴퓨터) 숨기다
ổ	어긋남	글자 명	동 명	[명] (닭·쥐·일부 곤충, 특히 흰개미의) 둥지 · [명] (확장) 나쁜 것이 모이는 소굴 · [명] (확장·집합) 같은 둥지에서 갓 난 새끼들 · [명] (빵 등) 덩이를 세는 말 · [글자] 대문자 글자
ổn định	전혀 다름	명 형	동	[형] 안정된, 안전한 · [명] 안정
ừ	어긋남	글자 동 조	감 동	[글자] (글자) 모음 글자의 내림 성조 꼴 · [조] (구어·긍정 질문에) 응 · [조] (구어·부정 질문에) 아니 · [동] (구어) 동의하다 · [글자] 대문자 글자
