3601	0	동
3602	0	동
3603	0	명
3604	0	명
3605	0	명
3606	0	형
3607	0	명
3608	0	동
3609	0	동
3610	0	명
3611	0	명
3612	0	부
3613	0	명
3614	0	동
3615	0	명
3616	0	동
3617	0	동
3618	0	명
3619	0	동
3620	0	명
3621	0	형
3622	0	명
3623	0	동
3624	0	동
3625	0	명
3626	0	명
3627	0	명
3628	0	동
3629	0	동
3630	0	명
3631	0	동
3632	0	형
3633	0	형
3634	0	명
3635	0	동
3636	0	명
3637	0	동
3638	0	동
3639	0	명
3640	0	명
3641	0	명
3642	0	동
3643	0	동
3644	0	명
3645	0	형
3646	0	형
3647	0	부
3648	0	형
3649	0	부
3650	0	명
3651	0	명
3652	0	명
3653	0	명
3654	0	명
3655	0	명
3656	0	명
3657	0	명
3658	0	형
3659	0	형
3660	0	명
3661	0	명
3662	0	명
3663	0	명
3664	0	명
3665	0	구
3666	0	명
3667	0	명
3668	0	명
3669	0	명
3670	0	명
3671	0	명
3672	0	형
3673	0	명
3674	0	형
3674	1	형
3675	0	명
3676	0	부
3677	0	동
3678	0	구
3679	0	동
3680	0	동
3681	0	동
3682	0	동
3683	0	구
3684	0	형
3685	0	수
3686	0	명
3687	0	명
3688	0	명
3689	0	동
3690	0	명
3691	0	형
3692	0	형
3693	0	동
3694	0	명
3695	0	구
3696	0	형
3697	0	구
3698	0	구
3699	0	명
3700	0	구
3701	0	명
3702	0	명
3703	0	명
3704	0	명
3705	0	동
3706	0	명
3707	0	명
3708	0	명
3709	0	명
3710	0	명
3711	0	명
3712	0	동
3713	0	형
3714	0	형
3715	0	부
3716	0	형
3717	0	동
3718	0	동
3719	0	명
3720	0	부
3721	0	명
3722	0	부
3723	0	명
3724	0	명
3725	0	동
3726	0	명
3727	0	동
3728	0	명
3729	0	부
3730	0	동
3731	0	동
3732	0	형
3733	0	형
3734	0	명
3734	1	명
3735	0	명
3736	0	명
3737	0	명
3738	0	명
3739	0	형
3740	0	동
3741	0	부
3741	1	부
3742	0	명
3743	0	명
3744	0	부
3745	0	부
3746	0	동
3747	0	명
3748	0	동
3749	0	부
3750	0	형
3751	0	명
3752	0	대
3753	0	동
3754	0	명
3755	0	명
3756	0	명
3757	0	동
3758	0	명
3759	0	명
3760	0	명
3761	0	명
3762	0	형
3763	0	명
3764	0	명
3765	0	명
3766	0	명
3767	0	부
3768	0	명
3769	0	동
3770	0	명
3771	0	부
3772	0	동
3773	0	명
3774	0	명
3775	0	명
3776	0	명
3777	0	명
3778	0	형
3779	0	명
3780	0	명
3781	0	형
3782	0	명
3783	0	명
3784	0	접
3785	0	형
3786	0	명
3787	0	명
3788	0	명
3789	0	부
3790	0	명
3791	0	동
3792	0	형
3793	0	명
3794	0	명
3795	0	명
3796	0	명
3797	0	명
3798	0	명
3799	0	명
3800	0	명
3801	0	명
3802	0	형
3803	0	명
3803	1	동
3804	0	형
3805	0	명
3806	0	명
3807	0	명
3808	0	명
3809	0	명
3810	0	명
3811	0	명
3812	0	동
3813	0	명
3814	0	명
3815	0	동
3816	0	동
3817	0	명
3818	0	동
3819	0	구
3820	0	동
3821	0	형
3822	0	명
3823	0	명
3824	0	명
3824	1	명
3825	0	형
3826	0	명
3827	0	구
3828	0	동
3829	0	동
3830	0	명
3831	0	명
3832	0	명
3833	0	형
3834	0	명
3835	0	명
3836	0	명
3837	0	명
3837	1	명
3838	0	명
3839	0	명
3840	0	동
3841	0	동
3842	0	동
3843	0	부
3844	0	구
3845	0	명
3846	0	명
3847	0	명
3848	0	구
3849	0	명
3850	0	형
3851	0	형
3852	0	명
3853	0	형
3854	0	명
3855	0	명
3855	1	명
3856	0	동
3857	0	동
3858	0	명
3859	0	동
3860	0	동
3861	0	구
3862	0	동
3863	0	부
3864	0	동
3865	0	명
3866	0	명
3867	0	동
3868	0	동
3869	0	동
3870	0	동
3871	0	동
3872	0	형
3873	0	동
3874	0	형
3875	0	형
3876	0	형
3877	0	명
3878	0	형
3879	0	명
3880	0	명
3881	0	명
3882	0	명
3883	0	명
3884	0	동
3885	0	형
3886	0	명
3887	0	명
3888	0	동
3889	0	동
3890	0	명
3891	0	명
3892	0	명
3893	0	동
3894	0	구
3895	0	동
3896	0	명
3897	0	동
3898	0	동
3899	0	동
3900	0	동
3901	0	동
3902	0	동
3903	0	명
3904	0	명
3905	0	동
3906	0	명
3907	0	명
3908	0	형
3909	0	형
3910	0	명
3911	0	동
3912	0	동
3913	0	형
3914	0	형
3915	0	형
3916	0	구
3917	0	동
3918	0	동
3919	0	동
3920	0	형
3921	0	형
3922	0	형
3923	0	형
3924	0	형
3925	0	형
3926	0	형
3927	0	형
3928	0	형
3929	0	형
3930	0	형
3931	0	형
3932	0	형
3933	0	형
3934	0	형
3935	0	형
3936	0	형
3937	0	형
3938	0	명
3939	0	형
3940	0	명
3941	0	동
3942	0	명
3943	0	명
3944	0	명
3945	0	명
3946	0	명
3947	0	명
3948	0	동
3949	0	형
3950	0	명
3951	0	형
3952	0	명
3953	0	명
3954	0	명
3955	0	동
3956	0	명
3957	0	명
3958	0	명
3959	0	명
3960	0	명
3961	0	명
3962	0	동
3963	0	명
3964	0	구
3965	0	명
3966	0	명
3967	0	형
3968	0	형
3969	0	명
3970	0	부
3971	0	명
3972	0	동
3973	0	동
3974	0	명
3975	0	동
3976	0	명
3977	0	명
3978	0	명
3979	0	동
3980	0	명
3981	0	동
3982	0	형
3983	0	형
3984	0	동
3985	0	동
3986	0	명
3987	0	명
3988	0	형
3989	0	명
3990	0	명
3991	0	명
3992	0	명
3993	0	구
3994	0	명
3995	0	명
3996	0	명
3997	0	동
3998	0	동
3999	0	동
4000	0	형
4000	1	명
4001	0	형
4002	0	명
4003	0	동
4004	0	명
4005	0	형
4006	0	구
4007	0	명
4008	0	명
4009	0	명
4010	0	동
4011	0	명
4012	0	명
4013	0	명
4014	0	명
4015	0	명
4016	0	명
4017	0	명
4018	0	동
4019	0	동
4020	0	동
4021	0	형
4022	0	동
4023	0	명
4024	0	명
4025	0	구
4026	0	명
4027	0	동
4028	0	명
4029	0	동
4030	0	동
4031	0	동
4032	0	명
4033	0	동
4034	0	명
4035	0	명
4036	0	명
4037	0	명
4038	0	접
4039	0	동
4040	0	명
4041	0	명
4042	0	구
4043	0	명
4043	1	형
4044	0	명
4045	0	명
4046	0	명
4047	0	명
4048	0	명
4049	0	구
4050	0	명
