1	0	명
2	0	명
3	0	명
3	1	명
4	0	명
5	0	명
6	0	명
6	1	명
7	0	형
8	0	동
9	0	명
9	1	명
10	0	명
11	0	구
12	0	명
13	0	명
14	0	동
15	0	동
16	0	명
17	0	명
18	0	동
19	0	명
20	0	명
21	0	명
22	0	동
22	1	동
22	2	동
23	0	형
24	0	형
25	0	명
26	0	명
27	0	명
28	0	명
29	0	명
30	0	명
31	0	명
31	1	형
32	0	명
33	0	명
34	0	명
35	0	동
36	0	명
37	0	동
38	0	형
39	0	형
40	0	명
41	0	명
42	0	명
43	0	명
44	0	동
45	0	동
46	0	명
47	0	명
48	0	명
49	0	동
50	0	형
51	0	부
51	1	부
52	0	동
53	0	동
54	0	명
55	0	명
56	0	명
57	0	구
58	0	구
59	0	명
60	0	동
61	0	동
62	0	구
63	0	명
64	0	명
65	0	명
66	0	동
67	0	동
68	0	동
69	0	감
70	0	명
71	0	명
72	0	동
73	0	명
74	0	명
75	0	속담
76	0	명
77	0	명
78	0	명
79	0	명
80	0	동
81	0	속담
82	0	명
83	0	형
84	0	명
85	0	명
86	0	동
87	0	형
87	1	형
88	0	동
89	0	명
90	0	명
91	0	명
92	0	명
93	0	명
94	0	형
95	0	형
96	0	명
97	0	명
98	0	명
99	0	명
100	1	고유
101	0	동
102	0	동
103	0	형
104	0	형
105	0	구
106	0	형
106	1	형
107	0	명
108	0	동
108	1	동
109	0	동
110	0	동
110	1	동
111	0	동
112	0	명
113	0	명
114	0	명
115	0	구
116	0	명
117	0	명
118	0	명
119	0	동
120	0	명
121	0	동
122	0	속담
123	0	구
124	0	동
125	0	동
125	1	동
126	0	명
126	1	명
126	2	명
126	3	명
126	4	명
126	5	명
127	0	명
128	0	동
129	0	동
130	0	명
131	0	명
132	0	명
133	0	명
134	0	형
135	0	명
136	0	명
137	0	동
138	0	동
139	0	명
140	0	동
141	0	?
142	0	명
143	0	동
144	0	동
145	0	명
146	0	동
147	0	명
148	0	명
149	0	명
150	0	동
151	0	동
152	0	동
153	0	동
153	1	동
154	0	구
155	0	부
156	0	명
157	0	명
158	0	명
159	0	명
160	0	형
161	0	명
162	0	명
163	0	명
164	0	명
165	0	명
166	0	고유
167	0	고유
168	0	명
169	0	명
170	0	명
171	0	명
172	0	부
173	0	명
174	0	명
175	0	구
176	0	명
177	0	명
178	0	동
179	0	대
180	0	동
181	0	동
182	0	동
182	1	동
183	0	명
184	0	동
185	0	형
186	0	명
187	0	명
188	0	동
189	0	명
190	0	명
191	0	명
192	0	동
193	0	명
194	0	동
195	0	명
196	0	동
197	0	동
198	0	부
199	0	형
200	0	명
201	0	명
202	0	명
203	0	명
204	0	명
205	0	명
206	0	구
207	0	명
208	0	부
209	0	조
210	0	형
211	0	명
212	0	속담
213	0	명
214	0	명
215	0	명
216	0	동
217	0	명
218	0	명
219	0	구
220	0	명
221	0	명
222	0	구
223	0	명
224	0	명
225	0	동
226	0	동
227	0	형
228	0	명
229	0	구
230	0	명
231	0	구
232	0	구
233	0	명
234	0	명
235	0	구
236	0	명
236	1	명
237	0	동
238	0	형
239	0	명
240	0	대
241	0	명
242	0	명
243	1	명
244	0	구
245	0	명
246	0	명
247	0	명
248	0	명
249	0	구
250	0	구
251	0	동
252	0	명
253	0	명
254	0	명
255	0	형
256	0	명
256	1	명
257	0	명
258	0	명
259	0	동
260	0	동
261	0	동
262	0	명
263	0	명
264	0	동
265	0	형
266	0	동
267	0	동
268	0	명
269	0	명
270	0	명
271	0	명
272	0	동
273	0	동
274	0	부
275	0	명
276	0	동
277	0	동
278	0	동
278	1	동
279	0	명
280	0	동
281	0	동
282	0	명
283	0	명
284	0	명
285	0	속담
286	0	구
287	0	명
288	0	명
289	0	명
290	0	명
291	0	명
292	0	명
293	0	구
294	0	동
295	0	동
296	0	명
297	0	명
298	0	명
299	0	명
300	0	동
301	0	명
302	0	명
303	0	명
304	0	명
305	0	명
306	0	명
307	0	동
308	0	명
309	0	명
310	0	동
311	0	명
311	1	명
312	0	명
313	0	명
314	0	동
315	0	동
316	0	명
317	0	동
318	0	동
319	0	명
320	0	형
321	0	명
321	1	형
322	0	명
323	0	구
324	0	명
325	0	명
326	0	명
327	0	명
328	0	명
328	1	명
329	0	명
330	0	명
331	0	명
332	0	명
333	0	명
334	0	명
335	0	명
336	0	명
337	0	구
338	0	대
339	0	명
340	0	동
341	0	명
342	0	구
343	0	동
344	0	명
345	0	명
346	0	동
347	0	동
347	1	명
348	0	동
349	0	명
350	0	명
351	0	명
352	0	명
353	0	동
354	0	동
355	0	명
356	0	명
357	0	명
358	0	부
359	0	동
360	0	동
361	0	동
362	0	명
363	0	명
364	0	접
365	0	명
366	0	명
367	0	명
368	0	명
369	0	명
370	0	동
371	0	형
372	0	명
373	0	명
374	0	명
375	0	동
376	0	동
377	0	동
378	0	명
379	0	동
380	0	명
381	0	동
382	0	형
383	0	동
384	0	명
385	0	형
386	0	명
387	0	명
388	0	명
389	0	접
390	0	명
391	0	명
392	0	명
393	0	명
394	0	동
395	0	명
396	0	명
397	0	명
398	0	명
399	0	명
400	0	동
401	0	동
402	0	동
403	0	형
404	0	명
405	0	부
406	0	명
407	0	동
408	0	동
409	0	명
410	0	명
411	0	동
412	0	동
413	0	동
414	0	명
415	0	명
416	0	명
417	0	명
418	0	명
419	0	동
420	0	동
421	0	동
422	0	명
423	0	명
424	0	명
425	0	명
426	0	명
427	0	명
428	0	명
429	0	명
430	0	구
431	0	동
432	0	동
433	0	형
434	0	동
435	0	동
436	0	동
437	0	동
438	0	명
439	0	동
440	0	명
441	0	명
442	0	구
443	0	명
444	0	명
445	0	명
446	0	명
447	0	부
448	0	형
449	0	명
450	0	명
