# 낱말	판정	태거	같음	한국어 뜻	원문 뜻풀이	원문 예문
biền mâu	명	명	O	창과 검 · 무예	Cái giáo, cái gươm, chỉ nghề võ bị.	Giáp đem hàn mặc buộc vào biền mâu.
cạn khan	형	명	X	바짝 마르다	Nghĩa chính là khô, phơi ra, bày ra. Nghĩa rộng.	Nhiều, đông..
dư lào	대	동	X	어떠하다	Như nào, như thế nào.	Bạn muốn dư lào?
giao hoan	동	명	X	기쁨을 함께하다	Hưởng một niềm vui chung.	Cùng nhau lại chuốc chén quỳnh giao hoan (<u>Truyện Kiều</u>
giu giú	동	동	O	구석에 웅크리다	Co ro ở một xó.	Ngồi giu giú trong nhà.
giãi giề	동	동	O	속마음을 털어놓다	Bày tỏ nỗi lòng.	Hàn huyên chưa kịp giãi giề (<u>Truyện Kiều</u>)
giúi giụi	부	명	X	잇따라 지다	Nói thua hay ngã nhiều lần liên tiếp.	Thua giúi giụi.
giản phổ	명	명	O	간이 악보	Lối ghi âm thanh của nhạc một cách đơn giản.	Giản phổ là phép ký âm bằng chữ số.
giập mật	형	명	X	몹시 아프다	Rất đau.	Đánh cho giập mật.
gò gẫm	형	명	X	부지런하고 꾸준하다	Cần cù, chịu khó.	Gò gẫm viết lách.
gỏi ghém	명	명	O	무침류	Gỏi nói chung.	Cửa hàng bán đồ gỏi ghém.
gớm mặt	동	명	X	꼴도 보기 싫다	Khinh ghét, không muốn nhìn.	Gớm mặt con người lật lọng.
hoang toàng	형	동	X	사치스럽다 · 방탕하다	Xa phí, bừa bãi.	Tính nết hoang toàng.
hom hỏm	형	형	O	깊고 아득하다	Nói sâu thăm thẳm.	Hang sâu hom hỏm.
hoàng phái	명	동	X	왕족 · 황족	Dòng dõi nhà vua.	Ông ấy là người hoàng phái ở Huế.
hum húp	형	형	O	부어오르다	Sưng lên.	Mắt hum húp vì đau nặng.
hung hung	형	동	X	불그스름하다	Có màu hơi hung.	Nước da hung hung.
huệ tứ	동	동	O	은혜를 베풀다	Ra ơn cho.	Mấy lời huệ tứ ném châu gieo vàng (<u>Truyện Kiều</u>)
hóm	형	형	O	익살스럽다 · 약삭빠르다	Láu lỉnh, tinh khôn.	Cậu bé hóm lắm.
hôi hổi	형	형	O	김이 모락모락하다	Còn nóng nhiều.	Cơm nóng hôi hổi.
hôn loạn	형	명	X	어둡고 음란하다	Mờ tối và loạn luân.	Vua.
hôn ám	형	동	X	어리석다 · 어둡다	U mê, mờ tối.	Triều đình hôn ám.
hơ hớ	형	동	X	싱싱하고 젊다(처녀)	Nói con gái đang tuổi trẻ mơn mởn.	Xuân xanh hơ hớ.
hư hèn	형	동	X	비루하고 나쁘다	Hèn hạ xấu xa.	Con người hư hèn.
hưng hửng	형	동	X	해가 조금 나다	Hơi hửng.	Trời hưng hửng sáng.
hương chức	명	명	O	마을 직책자(프랑스 식민기)	Người giữ một chức vụ trong làng thời Pháp thuộc.	Nhiều hương chức là những kẻ đục khoét dân làng.
hương khuê	명	명	O	규방(옛)	Buồng đàn bà con gái ở, trong thời phong kiến.	Thiếp hồng tìm đến hương khuê gửi vào (<u>Truyện Kiều</u>)
hương án	명	명	O	제사상(옛)	Bàn thờ trên thường để bát hương, ngai, bài vị, và các vật t	Hương án thờ các vị vua triều Nguyễn.
hỗn tạp	형	동	X	혼잡하다 · 뒤섞이다	Lẫn lộn nhiều thứ.	Hàng hoá hỗn tạp.
hội điển	명	명	O	예법과 법령을 적은 책(옛)	Sách ghi chép những pháp luật, lễ nghi của triều đình phong 	Bộ hội điển của nhà.
hợm đời	동	동	O	세상을 깔보다	Lên mặt khinh đời.	Ghét kẻ hợm đời.
hợp tuyển	명	명	O	선집	Nói sách gồm những bài hay đã lựa chọn.	Hợp tuyển văn học hiện đại.
hứ	감	감	O	흥(토라짐)	Th. Tiếng từ trong mũi phát ra biểu thị sự dằn dỗi hoặc nũng	Hứ!.
hứa quốc	동	동	O	조국에 몸을 바칠 각오를 약속하다	Hứa hẹn sẵn sàng dâng mình cho tổ quốc.	Lòng hứa quốc thắm son ngăn ngắt (Chinh phụ ngâm)
hừ	감	감	O	흥(화날 때)	Th. Tiếng từ trong mũi phát ra, biểu thị sự bực tức hay khôn	Hừ!.
hữu lý	형	동	X	이치에 맞다	Hợp với lẽ phải, hợp với tình hình.	Lời nói hữu lý.
khai khẩu	동	동	O	말문을 열다	Mở miệng nói (khai khẩu cho người khác- làm cho người khác m	Thầy Toàn đã khai khẩu và khai thị cho em Truyền
khai quang	동	수	X	불상 점안식을 하다	Làm lễ khánh thành một pho tượng thờ.	Khai quang điểm nhãn. - Làm lễ gắn đôi mắt thủy tinh vào một
khin khít	형	동	X	딱 맞다	Vừa vặn, không hở một tí nào.	Cái mũ đội vừa khin khít.
khiển hứng	동	명	X	흥을 돋우다	Gây thích thú.	Thảnh thơi bầu rượu túi thơ,.
khoa hoạn	동	동	O	과거에 급제하여 벼슬하다	Thi đỗ và làm quan.	Con đường khoa hoạn.
khom khom	형	명	X	구부정하다	Hơi cong, hơi cong lưng.	Rặng cây khuất khuất lưng cầu khom khom ()
khoái hoạt	형	동	X	명랑하고 민첩하다	Vui vẻ lanh lẹn.	Gió biển làm cho mọi người khoái hoạt.
khoáng dã	명	동	X	탁 트인 들판	Nơi đồng ruộng rộng rãi không có nhà cửa.	Không khí trong và mát nơi khoáng dã.
khuyển mã	명	동	X	충직한 신하	Nói những kẻ tôi tớ trung thành với chủ.	Bọn việt gian trổ tài khuyển mã đi đàn áp đồng bào.
khuất khúc	형	동	X	구불구불하다	Quanh co, gồm nhiều đường cong nối tiếp nhau.	Đường đi khuất khúc.
khuất mắt	동	명	X	눈에 안 보이다	Khỏi trông thấy.	Đi đi cho khuất mắt.
khuất mặt	동	명	X	멀리 떨어지다	Xa vắng.	Khuất mặt cách lời.
khuất nhục	동	동	O	굴욕을 참다	Chịu nhục vì yếu thế.	Không chịu khuất nhục trước uy quyền.
khuất thân	동	동	O	몸을 굽혀 따르다	Cúi mình chịu lụy.	Không chịu khuất thân trước cường quyền.
khét mò	형	명	X	매캐하게 타는 냄새가 나다	Khét có mùi hôi, vị ngang.	Thuốc lá mốc, hút khét mò.
khí sắc	명	명	O	기색 · 안색	Vẻ mặt và tinh thần của người ta.	Khí sắc hồng hào.
khô dầu	명	명	O	기름을 짜고 남은 찌꺼기(깻묵 등)	Bã còn lại sau khi đã ép hết dầu.	Bón ruộng bằng khô dầu.
khôn lớn	동	동	O	철들어 자라다	Trưởng thành và biết suy nghĩ.	Các cháu đã khôn lớn, ở riêng cả.
không dưng	부	명	X	괜히 그런 게 아니다	Không phải bỗng nhiên.	Không dưng chi có chuyện này trò kia (<u>Truyện Kiều</u>)
khảo thích	명	명	O	고증과 해석	"Khảo cứu và giải thích" nói tắt.	Khảo thích tác phẩm.
khẩu chao	명	명	O	천 마스크	Miếng vải hình chữ nhật có dải buộc lên tai, dùng bịt mồm ph	Đeo khẩu chao để làm tổng vệ sinh.
khỏa tử	명	명	O	겉씨식물	Tên chung chỉ những cây có hạt lộ trần ra ngoài, trái với "b	Cây thông, cây tuế là những cây khỏa tử.
khố bện	명	동	X	덧댄 샅바	Khố vá đụp nhiều lần.	Bòn nơi khố bện, đãi nơi quần hồng. (ca dao)
khốn cực	형	동	X	극도로 곤궁하다	Cùng khổ quá, cùng khổ hết sức.	Đời sống khốn cực trong các ấp chiến lược.
khổ chiến	동	동	O	고전하다	Đấu tranh hoặc công tác gian khổ.	Phải khổ chiến mới xây dựng được đất nước.
khổ nhục	명	형	X	고통과 치욕	Đau đớn nhục nhã.	Điều khổ nhục..
khởi loạn	동	동	O	반란을 일으키다	Nổi lên chống lại.	Ngụy quân khởi loạn, giết một số sĩ quan.
khởi sơ	형	동	X	처음 · 시작	Bắt đầu, mở đầu.	Thời kỳ khởi sơ.
khục	부	명	X	뚝(뼈마디 소리)	Tiếng đốt xương cọ vào nhau.	Bẻ khục ngón tay.
kim sinh	명	명	O	이번 생	Kiếp này.	Cái lụy của kim sinh.
kinh lý	동	명	X	고위 관청이 일을 살펴보러 다니다	Nói các cấp cao của chính quyền đi xem xét công việc.	Bộ trưởng đi kinh lý ở địa phương.
kinh quyền	동	명	X	임기응변하다	Tùy cơ ứng biến.	Ăn uống muốn theo noi phép tắc,.
kinh sử	명	명	O	경서와 역사	Kinh điển và lịch sử.	Giùi mài kinh sử.
kiết cú	형	명	X	찢어지게 가난하다	Túng bấn lắm.	Kiết cú như ai cũng rượu chè. (Trần Tế Xương)
ky cóp	동	명	X	푼푼이 모으다	Nhặt nhạnh từng li từng tí.	Ky cóp cho cọp ăn - Dành dụm chắt bóp từng tí, cuối cùng để 
kìn kịt	형	명	X	새까맣다	Đen kín.	Mây kéo kìn kịt.
kết xã	동	동	O	단체를 결성하다	Lập những tổ chức, những đoàn thể.	Tự do kết xã.
kịch chiến	동	동	O	격전하다	Đánh nhau dữ dội.	Không quân ta kịch chiến với máy bay địch.
kỳ cạch	부	형	X	탁탁(두드리는 소리)	Tiếng đập hay gõ.	Đục gỗ kỳ cạch.
kỳ kèo	동	동	O	타박하다 · 잔소리하다	Cằn nhằn trách móc.	May hỏng có một tí mà kỳ kèo mãi.
kỳ trung	부	명	X	실은 · 사실상	Thực ra bên trong là.	Đế quốc.
kỷ yếu	명	동	X	요점 기록	Ghi chép những điều cốt yếu.	Tập kỷ yếu của một hội.
lai hàng	동	동	O	항복하다	Ra hàng.	Quân địch lai hàng.
lao lý	명	명	O	감옥 · 옥살이	Nơi tù tội, giam cầm nói chung.	Rơi vào vòng lao lý.
lau láu	부	명	X	재잘거리다	Liến thoắng.	Nói chuyện lau láu.
len lét	형	동	X	두려운 기색으로 똑바로 쳐다보지 못하다	Có vẻ sợ sệt, không dám nhìn thẳng.	Bị bố mắng thằng bé cứ len lét..
len lỏi	동	동	O	비집고 끼어들다	Cố sức len vào, dự vào.	Len lỏi vào vòng danh lợi.
leng beng	형	형	O	언행이 오락가락하다	Nói người có những hành vi, lời nói không đúng đắn, trước sa	Thằng cha leng beng lắm, không thể tin được.
leo nheo	동	동	O	매달려 보채다	Nói trẻ con quấy và bám chặt lấy người lớn.	Con trẻ leo nheo.
linh sàng	명	명	O	영상(갓 죽은 이의 제단)	Bàn thờ người mới chết.	Khóc trước linh sàng.
liên phòng	형	동	X	사철 열매 열리는 빈랑	Nói thứ cau truyền bẹ, có quả bốn mùa.	Cau liên phòng.
liên đái	동	명	X	서로 얽히다	Dính liền và có ảnh hưởng lẫn nhau.	Trách nhiệm liên đái..
liều liệu	동	명	X	대충 헤아리다	Suy tính sơ qua.	Liều liệu mà thu xếp, sao cho xong việc thì thôi.
liệu lí	동	명	X	꾸려 나가다	Sắp đặt.	Liệu lí công việc.
loai nhoai	동	동	O	힘없이 꿈틀거리다	chuyển động một cách yếu ớt.	Con ếch sắp chết loai nhoai ở dưới nước.
loang loáng	형	동	X	번쩍이다 · 반질반질하다	Bóng nhẵn và sáng, phản chiếu ánh sáng chập chờn nhiều phươn	Đường nhựa loang loáng sau một trận mưa.
loang loãng	형	동	X	약간 묽다	Hơi loãng.	Cháo loang loãng.
loang toàng	형	동	X	엉망이다 · 어수선하다	Lung tung, bừa bãi.	Chơi bời loang toàng.
loàng xoàng	형	명	X	보잘것없다 · 평범하다	Tầm thường, dưới mức có thể coi là vừa phải, trung bình, tươ	Ăn uống loàng xoàng.
loáng choáng	형	동	X	어지럽다 · 휘청거리다	Chóng mặt, lảo đảo.	Uống rượu xong thấy người loáng choáng.
ly gián	동	동	O	이간하다	Chia rẽ hai bên.	Kế ly gián.
ly tán	동	동	O	뿔뿔이 흩어지다	Lìa tan mỗi người một nơi.	Bao nhiêu gia đình ly tán vì giặc khủng bố.
lào quào	형	명	X	대충대충 하다	Dễ dãi, nông nổi, thế nào cũng xong.	Tính nết lào quào, ai bảo sao nghe thế.
làu làu	부	명	X	줄줄 · 술술	Nói đọc hay nói rất trơn tru, không có gì vướng vấp.	Đọc bài làu làu.
láp nháp	형	동	X	끈적끈적하다	Có giây chất dính.	Tay vừa bóc bánh chưng còn láp nháp.
láu táu	형	동	X	말을 급하게 하다	Hấp tấp vội vã khi nói năng.	Ăn nói láu táu.
lâm sự	동	명	X	일이 닥치다	Đến lúc có việc.	Lâm sự mới biết kẻ hay người dở.
lâu nay	부	명	X	오래전부터 지금까지	Từ lâu, đã qua một thời gian dài đến bây giờ.	Lâu nay không xem tiểu thuyết.
lão thực	형	동	X	정직하다 · 성실하다	Thật thà, trung thực.	Quí mến con người lão thực.
lênh chênh	형	형	O	불안정하다 · 흔들리다	Đứng một chỗ không chắc chắn, không vững vàng.	Cái tủ lênh chênh giữa nhà.
líu nhíu	형	명	X	작고 서로 달라붙다	Nhỏ bé và díu vào nhau.	Chữ viết líu nhíu.
líu tíu	형	동	X	떠들썩하다 · 재잘거리다	Xôn xao, ríu rít.	Mẹ mới về lũ con líu tíu hỏi quà.
lòng mo	형	명	X	살짝 오목하다	Hơi trũng và khum khum.	Đan lòng mo.
lóc cóc	부	동	X	목탁 소리	Một mình thui thủi.	Lóc cóc ra về, không ai tiễn chân.
lóng cóng	형	명	X	서툴러 물건을 잘 못 쥐다	Nói người vụng về cầm đồ đạc không vững, dễ đánh đổ đánh vỡ.	Lóng cóng chân tay đánh rơi mất chồng bát.
lóp lép	부	수	X	거의 다 되다	Xấp xỉ, gần đến.	Tuổi lóp lép bảy mươi.
lóp ngóp	동	동	O	힘겹게 기어오르다	Cố ngoi lên một cách khó khăn và mệt nhọc.	Quân địch lóp ngóp bò lên đèo.
lôm lốp	형	형	O	새하얗다	Nói màu trắng lắm.	Áo trắng lôm lốp.
lông hồng	명	명	O	홍학 깃털	Lông chim hồng rất nhẹ.	Tử sinh xem nhẹ lông hồng (Nhị độ mai)
lông lốc	부	형	X	데굴데굴 구르다	Quay lăn đi.	Cái thúng lăn lông lốc ngoài gió.
lù lù	형	동	X	불쑥 솟아 있다	Hiện cao lên sừng sững như muốn cản trở.	Đứng lù lù trước mặt.
lù xù	형	동	X	털이 부스스하다	Có nhiều lông bồng lên.	Con chó lù xù.
lùng thùng	형	명	X	헐렁하다	Nói quần áo rộng quá.	Quần áo rộng lùng thùng.
lùng tùng	부	명	X	큰북 소리	Tiếng trống cái.	Ngày hội lùng tùng. - Ngày hội tổ chức ở miền núi vào dịp tế
lúm	형	동	X	약간 오목하다	Hơi lõm.	Má lúm đồng tiền.
lý tưởng hóa	동	동	O	이상화하다	Tôn lên đến mức thành lý tưởng.	Lý tưởng hoá cuộc sống.
lăn xả	동	동	O	몸을 던지다	Lao mình vào.	Lăn xả vào đồn địch.
lăng líu	형	명	X	얽혀서 번거롭다	Vướng víu lôi thôi.	Lăng líu nợ nần.
lĩnh trưng	동	명	X	징세 청부를 맡다(식민지 시기)	Đứng lên khai thác, đảm nhiệm một việc rồi nộp thuế cho chín	Lĩnh trưng thuế đò.
lơ chơ	형	명	X	외롭다	Lẻ loi.	Lơ chơ vài cái quán.
lưng lửng	형	명	X	배가 반쯤 차다	Nói ăn gần no.	Ăn lưng lửng.
lươm bươm	형	명	X	초췌하다	Xác xơ.	Áo rách lươm bươm.
lươn mươn	동	명	X	질질 끌다	Kéo dài.	Nói chuyện lươn mươn.
lương năng	명	명	O	타고난 능력	Năng lực vốn có sẵn.	Yêu lẽ phải là lương năng của con người.
lưỡng tiện	형	수	X	양쪽이 다 편하다	Tiện cả hai đàng.	Nhất cử lưỡng tiện - Một việc làm có thể đạt hai mục đích.
lạch đạch	부	동	X	무겁게 걷다	Nói đi nặng nề.	Béo quá đi lạch đạch như vịt.
lả lướt	형	동	X	지친 걸음걸이	Nói dáng đi mệt nhọc.	Đi lả lướt.
lấy được	부	명	X	얻다	Chỉ vì lợi riêng của mình, bất chấp lẽ phải.	Ăn lấy được.
lầm lầm	형	명	X	흐리다	Vẩn đục.	Nước lầm lầm.
lầm lội	형	동	X	진창투성이다	Có nhiều bùn lầy bẩn thỉu.	Đường sá lầm lội.
lập hiến	동	동	O	헌법을 제정하다	Xây dựng hiến pháp.	Quốc hội lập hiến.
lắt lẻo	형	동	X	높은 곳에서 위태롭게 흔들리다	Chông chênh, không vững ở nơi cao.	Ngồi lắt lẻo trên ngọn cây.
lẽ nào	부	동	X	설마	Không vì một lý gì.	Đủ điều kiện lẽ nào lại không thành công.
lềnh kềnh	형	명	X	자리를 차지해 거추장스럽다	Chiếm nhiều chỗ, không được gọn gàng.	Hàng hóa lềnh kềnh khắp toa tàu.
lịch duyệt	형	동	X	경험이 많다	Từng trải nhiều, trông thấy và biết nhiều.	Con người lịch duyệt.
lịch kịch	형	동	X	번거롭고 수고스럽다	Phiền phức và mất nhiều công.	Nấu nướng lịch kịch suốt đêm.
lọm khọm	형	동	X	몹시 늙어 구부정하다	Nói già yếu lắm.	Già lọm khọm.
lọn nghĩa	형	동	X	뜻이 온전하다	Có nghĩa đầy đủ, trọn vẹn.	Câu đặt chưa lọn nghĩa.
lồ lộ	형	형	O	뚜렷이 드러나다	Lộ ra rõ rệt.	Mặt lồ lộ giữa đám đông.
lồi lõm	형	동	X	울퉁불퉁하다	Có những chỗ phồng lên trũng xuống.	Đường lồi lõm.
lồng cồng	형	동	X	삐죽삐죽 자리를 차지하다	Có nhiều bộ phận chìa ra, chiếm nhiều chỗ, không gọn.	Quang gánh để lồng cồng.
lộn ruột	형	동	X	몹시 화나다	Tức giận lắm.	Nghe nó nói mà lộn ruột.
lộng óc	동	형	X	바람·소리에 머리가 울리다	Nhức óc vì gió hay tiếng động quá mạnh.	Gió thổi lộng óc.
lột sột	부	동	X	딱딱한 것 부딪는 소리	Tiếng vật gì khô cứng chạm vào nhau.	Lá chuối khô chạm vào nhau lột sột.
lớ rớ	동	동	O	어수룩한 척하다	Giả vờ ngờ nghệch.	Đừng lớ rớ vào đấy mà chết.
lờ lờ	형	명	X	(액체가) 약간 탁하다	Nói chất lỏng hơi có vẩn.	Nước đục lờ lờ.
lờ lợ	형	명	X	약간 달다	Hơi ngọt.	Củ cà rốt ăn lờ lợ.
lờ lững	형	동	X	흐리멍덩하다	Lơ mơ, kém hoạt động, kém tích cực.	Lờ lững suốt ngày chẳng chịu làm gì.
lờ phờ	형	동	X	흐리멍덩하고 무관심하다	Lơ mơ, không quan tâm đến việc gì.	Đi lờ phờ ngoài phố.
lờ vờ	부	명	X	시늉만 내다	Vờ vĩnh, lấy lệ.	Làm lờ vờ.
lợi khí	명	명	O	도구	Khí cụ dùng được việc.	Tờ báo là một lợi khí tuyên tryền rất tốt.
lục lạo	동	명	X	샅샅이 뒤지다	Tìm tòi kỹ.	Lục lạo hòm siểng để tìm giấy tờ.
lục tục	부	부	O	잇달아 이어지다	Nối tiếp nhau.	Mọi người lục tục đến hội trường.
lủn chủn	형	형	O	키가 작다	Thấp bé.	Dáng người lủn chủn.
lữ thứ	명	동	X	여관	Chỗ nhà trọ.	Cảnh lữ thứ tha hương. (cổ)
muôn nghìn	부	명	X	어쨌든	Dầu sao.	Muôn nghìn chớ lấy học trò,.
muôn sự	명	명	O	모든 일	Mọi việc.	Muôn sự nhờ anh.
mách qué	형	동	X	점잖지 못하다	Không nghiêm túc, không đứng đắn.	Tin gì lời mách qué ấy.
mát da	형	형	O	체온이 정상이다	Có nhiệt độ bình thường.	Thằng bé mát da, không sốt..
mát trời	형	형	O	날씨가 선선하다	Thời tiết êm dịu.	Hôm nay có vẻ mát trời.
mãn cuộc	명	명	O	끝판	Lúc kết cục.	Ngồi xem đến mãn cuộc.
mê hồn	동	동	O	극도로 좋아하게 만들다	Làm cho ham thích đến cao độ.	Bài ca mê hồn.
mươi lăm	수	수	O	열댓	Khoảng mươi mười lăm.	Mới mươi lăm tuổi.
mạnh bạo	형	명	X	과감하다 · 대담하다	Dám vượt qua sự e ngại.	Mạnh bạo phê bình khuyết điểm của thủ trưởng.
mất hút	동	동	O	사라지다	Không nhìn thấy đâu nữa.	Đi mất hút vào đám đông.
mất vía	동	동	O	혼비백산하다	Sợ hãi quá.	Trông thấy rắn là nó mất vía rồi.
mẩm dạ	형	동	X	배부르다	No nê.	Ăn đã mẩm dạ.
mắc nghẽn	동	동	O	막히다	Bị tắc, không đi được.	Đường mắc nghẽn.
mặc lòng	부	명	X	마음대로	Thỏa thích.	Ăn uống mặc lòng.
mốc xì	명	명	O	아무것도 없다	Chẳng có một tý, một vật nào.	Trong tủ có mốc xì gì đâu.
mồ ma	명	동	X	생전	Lúc sinh thời của một người đã chết.	Hồi còn mồ ma ông tôi, ông tôi hay kể chuyện cổ tích cho tôi
mỹ ý	명	명	O	선의	Ý định tốt.	Có mỹ ý tặng người bạn quyển sách.
nam bộ	명	명	O	남부(베트남 남부 지역)	Miền phía Nam trong một khu vực.	Nam bộ châu á.
nan du	형	동	X	사귀기 어렵다	Khó chơi.	Ông bạn nan du.
ngan ngán	형	형	O	약간 물리다	Hơi ngán.	Mới ăn có một đĩa xôi đã thấy ngan ngán.
nghiêng ngửa	형	명	X	고생스럽다	Long đong vất vả.	Nghiêng ngửa vì danh lợi.
nghĩa là	접	동	X	즉 · 다시 말해	Từ dẫn lời giải thích, có nghĩa như "tức là".	Những ngày nghỉ, nghĩa là chủ nhật, ngày kỷ niệm, ngày Tết.
ngon ngót	동	형	X	약간 줄어들다	Hơi sụt, hơi hao đi một ít.	Thuốc lào ngon ngót vì trời hanh.
ngoại diên	명	명	O	외연(논리학)	Toàn thể những sự vật, sự việc, hiện tượng cụ thể hay trừu t	Ngoại diên của khái niệm.
ngoại giả	접	명	X	이 밖에	Ngoài ra.	Lương thực chính là gạo, ngoại giả còn có ngô, khoai, sắn.
ngoại phụ	형	동	X	덧붙이다	Thêm vào ngoài cái chính.	Thuế ngoại phụ.
ngoại động	형	형	O	타동(문법)	Tính chất của động từ chuyển hành động do chủ ngữ thực hiện 	Trong câu "Tôi quay cái bánh xe",.
nguyên tiêu	명	명	O	원소절(정월 대보름)	Đêm hôm rằm tháng Giêng âm lịch.	Đêm đêm hàn thực ngày ngày nguyên tiêu (<u>Truyện Kiều</u>)
ngài ngại	형	명	X	조금 꺼려지다	Hơi ngại.	Trời rét, ra đường thấy ngài ngại.
ngày sau	명	동	X	훗날 · 장래	Thời kỳ tương lai khá xa.	Không chịu học ngày sau làm gì?
ngày trước	명	명	O	예전 · 지난날	Trước kia, thời gian đã qua.	Ngày trước nông dân chưa có ruộng đất.
ngây ngấy	형	동	X	약간 열이 나다	Hơi sốt.	Bị lạnh, thấy người ngây ngấy.
ngòng ngoèo	형	명	X	꼬불꼬불하다	Cong queo, có nhiều đoạn uốn khúc.	Chữ ngòng ngoèo khó đọc.
ngũ kim	명	동	X	금속류 · 철물	Kim loại nói chung.	Công ty ngũ kim.
ngơm ngớp	형	명	X	막연히 조금 두렵다	Hơi sợ, sợ một cách mơ hồ.	Bài thi làm hỏng ngơm ngớp chờ kết quả.
ngơn ngớt	동	동	O	잦아들다 · 수그러들다	Đã giảm độ mạnh một phần nào.	Mưa đã ngơn ngớt.
ngường ngượng	형	형	O	조금 쑥스럽다	Hơi ngượng.	Tay đau, viết còn ngường ngượng.
ngượng mồm	형	동	X	쑥스러워 말을 못 하다	Cảm thấy ngượng không dám nói.	Nói dối không ngượng mồm!
ngất nghểu	형	동	X	높고 위태롭다	Cao và không vững.	Ngồi ngất nghểu ở ngọn cây.
ngất trời	형	명	X	하늘 높이 솟다	Nói cao lắm.	Núi cao ngất trời.
ngẳng nghiu	형	동	X	깡마르고 키가 크다	Gầy và cao; mảnh khảnh và yếu ớt.	Thằng bé ngẳng nghiu.
ngọc ngà	형	동	X	옥처럼 귀하고 아름답다	Đẹp và đáng quí như ngọc, như ngà.	Thân thể ngọc ngà.
ngọc thể	명	동	X	남의 몸을 높여 이르는 말	Từ tôn xưng thân thể người khác.	Chẳng hay ngọc thể có an khang không?
ngọt lừ	형	동	X	아주 달다	Ngọt lắm.	Canh cua ngọt lừ.
ngộ nhỡ	접	명	X	만일 · 혹시	Lỡ ra, không may mà.	Cầm dư tiền, ngộ nhỡ có phải mua nhiều.
nham nham	형	동	X	거칠고 자국이 많다	Không nhẵn nhụi, có nhiều vết.	Bào nham nham.
nham nháp	형	동	X	끈적끈적하다	Hơi nháp.	Tấm ván nham nháp.
nhanh nhánh	형	동	X	검고 윤이 나다	Đen và sáng bóng.	Mắt cháu bé nhanh nhánh.
nhem nhép	형	동	X	축축하고 더럽다	Ướt dính bẩn thỉu.	Kẹo chảy nhem nhép xuống cằm.
nhen nhúm	동	동	O	불씨를 지피다 · 조금씩 일으키다	Bắt đầu gây dựng.	Công việc mới nhen nhúm.
nheo nhẻo	형	동	X	말이 당돌하다	Nói trẻ em còn nhỏ mà lém luốc.	Con bé nói chuyện nheo nhẻo suốt ngày.
nhi nhí	동	형	X	입속으로 웅얼거리다	Nói nhỏ trong miệng, khiến người ta nghe không rõ.	Nói to lên! Nói nhi nhí như thế sao nghe được.
nhiệm chức	동	명	X	직책을 맡다	Nhận một chức vụ trên giao cho.	Nhiệm chức chủ tịch uỷ ban nhân dân xã.
nho nhoe	동	명	X	분수에 넘게 나서다	Tấp tểnh định làm việc gì quá khả năng của mình.	Nho nhoe dạy đời.
nhoen nhoẻn	동	동	O	뻔뻔하게 웃다	nói bộ dạng cười nói trơ trơ, không biết ngượng.	Mẹ mắng mà cứ nhoen nhoẻn.
nhon nhen	동	명	X	조금씩 먹다	Nói ăn từng ít một.	Ăn nhon nhen.
nhu phí	명	명	O	필수 경비	Tiền chi tiêu cần thiết về việc gì.	Nhu phí sửa chữa.
nhuần miệng	동	명	X	자주 말해 입에 익다	Nói nhiều lần thành quen.	Đọc luôn cho nhuần miệng.
nhuần nhã	형	동	X	부드럽고 우아하다	Êm dịu thanh nhã.	Vẻ người nhuần nhã.
nhuệ độ	명	명	O	감각의 예민함	Mức tinh tế, chính xác của một giác quan.	Nhuệ độ thính giác.
nhàn hạ	형	동	X	한가하다 · 여유롭다	Rỗi rãi.	Lúc nhàn hạ ngồi hàn huyên.
nhân hoàn	명	동	X	세상	Thế giới.	Cõi nhân hoàn.
nhân hình	명	동	X	사람 모양	Hình giống hình người.	Khỉ nhân hình.
nhân số	명	명	O	인원수	Số người.	Kiểm điểm nhân số.
nhâng nháo	형	동	X	까불거리다 · 버릇없다	Lấc cấc, không có lễ độ.	Thái độ nhâng nháo.
nhãn quan	명	명	O	안목 · 식견	Phạm vi hiểu biết.	Nhãn quan rộng.
nhão nhạo	형	동	X	매우 물렁하다	Nhão lắm.	Bánh đúc nhão nhạo.
nhí nhoẻn	동	동	O	경박하게 웃고 떠들다	Cười nói luôn miệng không đứng đắn.	Cô ta nhí nhoẻn suốt ngày.
nhóc nhách	동	동	O	앓다가 겨우 일어나 앉다	Nói người ốm nặng mới bắt đầu ngồi dậy được.	Ốm li bì mười hôm, nay mới nhóc nhách.
nhôm nham	형	동	X	지저분하다	Lem luốc bẩn thỉu.	Mặt mũi nhôm nham.
nhơn nhớt	형	명	X	약간 끈적하다	Hơi nhớt.	Canh mồng tơi nhơn nhớt.
như vầy	부	X	X	이와 같이 · 이렇게	. Như thế này.	Nói như vầy.
nhường bao	부	명	X	얼마나	Biết chừng nào.	Đẹp nhường bao!
nhấm nhẳng	형	형	O	오락가락하다 · 우유부단하다	Không dứt khoát, khi thế này khi thế khác.	Nói nhấm nhẳng không ai hiểu được.
nhấp nhoáng	동	동	O	번쩍거리다	Nói một mặt láng phản chiếu ánh sáng khi theo phương này khi	Ô tô nhấp nhoáng chạy dưới ánh đèn điện.
nhấp nhánh	동	동	O	반짝반짝하다 · 깜박이다	Nói ánh sáng ẩn hiện liên tiếp.	Sao nhấp nhánh.
nhất loạt	부	명	X	일제히 · 일괄	Tất cả, không chừa sót ai, không thiếu cái gì.	Nhất loạt phải có mặt.
nhất nguyên	형	동	X	일원적이다	Nói quyền lực tập trung vào một người hay một cơ quan.	Chế độ nhất nguyên.
nhất tâm	형	동	X	일심 · 한마음	Một lòng, đồng lòng.	Trên dưới nhất tâm.
nhất đẳng	명	명	O	일등	Hạng nhất.	Nhất đẳng điền.
nhần nhị	형	동	X	운치 있다	Có ý vị.	Câu chuyện nhần nhị.
nhập cốt	동	동	O	뼛속까지 스미다	Vào đến xương tủy.	Thói hư tật xấu đã nhập cốt.
nhập học	동	수	X	입학하다	Bắt đầu vào học.	Ngày nhập học.
nhập lý	동	동	O	병이 속 깊이 들다	Nói bệnh vào đến tim gan.	Bệnh đã nhập lý, khó chữa lắm.
nhập nội	동	명	X	들여오다 · 수입하다	Đưa từ nước ngoài vào.	Cây nhập nội.
nhật dụng	형	동	X	일용하다	Thường dùng hằng ngày.	Sắm sửa đồ nhật dụng.
nhật tụng	명	동	X	날마다 외는 경	Nói bài kinh đọc hằng ngày.	Kinh nhật tụng.
nhẵn cấc	형	명	X	낯이 두껍다 · 뻔뻔하다	Nói mặt trơ trẽn, không biết ngượng.	Mặt nhẵn cấc.
nhẹ túi	형	동	X	돈이 거의 떨어진	Gần hết tiền.	Mới đầu tháng mà đã nhẹ túi.
nhị tâm	형	명	X	두 마음 · 이심	Hai lòng.	Ăn ở nhị tâm.
nhọc lòng	동	명	X	속을 썩이다 · 마음을 쓰다	Tốn công sức suy nghĩ về một việc gì.	Nhọc lòng dạy dỗ con cái.
nhỏ giọt	부	동	X	조금씩 · 똑똑 떨어지다	Từng tí một.	Phát tiền nhỏ giọt.
nhổ neo	동	동	O	닻을 올리다 · 출항하다	Kéo neo lên để thuyền hay tàu rời bến. Ngr. Đi nơi khác.	Chơi ở đây nốt hôm nay, ngày mai sẽ nhổ neo.
nhớt nhát	형	동	X	끈적하고 더럽다	Nhây nhây và bẩn.	Mũi dãi nhớt nhát.
nhỡ thời	동	동	O	때를 놓쳐 어렵게 살다	Sống chật vật về mặt vật chất, nhất là mặt tinh thần do thời	Nhà nho nhỡ thời.
nhụng nhịu	형	동	X	흐물흐물해지다	Mềm nhũn ra.	Đất nhụng nhịu vì mưa.
những ai	대	명	X	…하는 모든 사람	Bất cứ người nào có liên quan (đến một việc gì).	Những ai đã tham gia phong trào ấy đều được khen thưởng.
non non	형	명	X	조금 어리다 · 약간 못 미치다	Hơi dưới mức thường.	Nhuộm non non.
non tay	형	동	X	솜씨가 서툴다	Nói người chưa có đủ khả năng, chưa khéo léo.	Vẽ còn non tay.
nát bét	형	동	X	엉망진창이다	Lục đục đến cực độ, hỏng hoàn toàn.	Chính sự nát bét.
náu mặt	동	명	X	얼굴을 감추다	Không lộ mặt ra.	Náu mặt để xúi giục.
não lòng	형	동	X	애타다 · 슬프다	Buồn rầu, đau khổ.	Câu chuyện não lòng.
nòng cột	명	명	O	핵심 · 중추	Phần chủ yếu của một vật.	Công nông liên minh là nòng cột của Mặt trận dân tộc.
nòng nực	형	동	X	무덥다	Nóng bức.	Trời nòng nực.
nón nhọt	명	명	O	꼭대기에 술 달린 뾰족 삿갓	Nón hình chóp, trên đỉnh có chóp bằng thao.	Lính khố xanh đội nón nhọt.
nóng mắt	형	명	X	화가 치밀다	Bốc lên cơn tức giận.	Nóng mắt muốn đánh.
núc ních	형	형	O	토실토실하다	Nói béo chắc.	Béo núc ních.
năm bảy	수	동	X	대여섯 · 예닐곱	Một số lượng nhỏ vào khoảng từ năm đến bảy.	Năm bảy ngày.
nương tay	동	동	O	살살 다루다 · 봐주다	Cẩn thận, nhẹ tay.	Cần nương tay, đó là hòm cốc chén.
nảy lộc	동	수	X	새싹이 돋다	Mọc ra những mầm non, lá non.	đâm chồi nảy lộc
nầm nập	부	형	X	사람이 북적이다	Nói người đi rất đông.	Nhân dân nầm nập kéo đi mít-tinh.
nắng mưa	명	명	O	살면서 겪는 고생	Những nỗi vất vả trong cuộc sống.	Nắng mưa thui thủi quê người một thân (<u>Truyện Kiều</u>)
nặn óc	동	명	X	오래 머리를 쥐어짜다	Suy nghĩ rất lâu và vất vả.	Nặn óc mới tìm ra được giải pháp.
nặng gánh	형	동	X	책임이 무겁다	Nói một tình cảm sâu, một trách nhiệm lớn.	Nặng gánh tương tư.
nịnh tính	명	명	O	향락에서 생긴 나쁜 버릇	Thói xấu do tập quán thú vui vật chất gây nên.	Uống rượu nói nhảm, lâu ngày thành nịnh tính.
nỏ nang	형	동	X	일 잘하고 영리하다	Đảm đang, lanh lợi.	Tiền chì mua được cá tươi,.
nối đuôi	동	동	O	줄줄이 잇따르다	Nói người nọ theo sau người kia, hay cái nọ theo sau cái kia	Nối đuôi nhau vào rạp hát.
nồng nỗng	형	동	X	알몸이다	Hoàn toàn trần truồng.	Cởi truồng nồng nỗng.
nồng nực	형	동	X	무덥다	Nóng bức.	Trời nồng nực.
nội nhật	명	명	O	하루 안	Trong vòng một ngày nào dó.	Nội nhật hôm nay.
o o	부	동	X	코 고는 소리 · 닭 우는 소리	Tiếng người ngáy hoặc tiếng gà gáy.	Ngáy o o.
phi pháo	명	동	X	공군과 중포	"Phi cơ và trọng pháo" nói tắt.	Tấn công bằng phi pháo.
phi quân sự	형	명	X	비무장의	Nói khu đất hai bên đối phương đã đồng ý là không được xảy r	Khu vực phi quân sự.
phác thực	형	형	O	순박하고 진실하다	Thực thà, trung hậu.	Cụ già nông dân phác thực.
pháo cối	명	명	O	큰 폭죽이 섞인 긴 폭죽 줄	Thứ pháo đốt chơi gồm một tràng pháo tiểu có xen pháo đại.	Đốt pháo cối.
pháo hiệu	명	명	O	신호용 불꽃	Thứ pháo thăng thiên dùng để báo hiệu.	Đốt pháo hiệu bắt đầu tấn công.
phát tiết	동	동	O	발산하다 · 드러내다	Biểu lộ, thể hiện.	Anh hoa phát tiết ra ngoài (<u>Truyện Kiều</u>)
phân lập	동	동	O	분립하다	Nói chính quyền chia cho nhiều cơ quan cùng nắm giữ.	Tam quyền phân lập.
phân xưởng	명	명	O	공장의 작업 부서	Bộ phận của một nhà máy phụ trách một khâu sản xuất nhất địn	Phân xưởng đúc.
phây phây	형	형	O	살지고 윤기 나다	Nói người béo tốt tươi tắn.	Béo phây phây.
phèn phẹt	형	명	X	널찍하고 볼품없다	Rộng bè bè và xấu.	Mặt phèn phẹt.
phì nộn	형	동	X	살지다	Béo tốt.	Thân thể phì nộn.
phì phì	부	동	X	푸푸 뿜는 소리	Tiếng phun liên tiếp từ mồm ra.	Phun nước phì phì vào cái áo sắp là.
phình phĩnh	형	명	X	약간 불룩하다	Hơi phĩnh.	Mặt phình phĩnh.
phóng lãng	형	동	X	방탕하다 · 자유분방하다	Thích tự do, chỉ muốn vượt ra ngoài khuôn khổ của đạo đức th	Con người phóng lãng hay, hay tìm thú ăn chơi.
phôm phốp	형	형	O	통통하고 하얗다	Nói béo trắng.	Béo phôm phốp.
phù phù	부	동	X	후후 부는 소리 · 바람 소리	Tiếng thổi từ trong mồm ra, hay tiếng gió.	Thổi lửa phù phù.
phù trầm	형	동	X	가라앉고 떠오름	Chìm nổi.	Thân thể phù trầm.
phùn phụt	부	동	X	푸 하고 내뿜는 소리	Tiếng thổi hay bật ra mạnh.	Ngọn lửa cháy phùn phụt.
phúc tinh	명	동	X	비유로 남을 고통에서 구해 주는 사람	Ngb. Người cứu người khác ra khỏi cảnh khổ sở.	Lúc hoạn nạn gặp được phúc tinh.
phúc án	동	동	O	재심하다	Xem xét lại một cái án.	Tòa phúc án.
phương kế	명	명	O	방책	Cách.	Phương kế sinh nhai.
phấn son	명	동	X	화장품 · 옛 여인	Phấn xoa mặt và son bôi môi. Ngb. Người phụ nữ trong xã hội 	Bạn phấn son.
phấp phỏng	형	명	X	조마조마하다	Hồi hộp lo lắng chờ đợi.	Phấp phỏng mong kết quả kỳ thi.
phề phệ	형	동	X	뚱뚱하고 묵직하다	Có dáng to béo nặng nề.	Ngồi phề phệ trên giường.
phệ nệ	형	동	X	뚱뚱하고 무겁다	Béo nặng.	Bụng phệ nệ.
phỉ sức	부	동	X	실컷	Đến mức cố gắng thỏa mãn.	Làm chưa phỉ sức.
phụ khuyết	동	동	O	빈 곳을 채우다	Thêm vào chỗ thiếu.	Phần phụ khuyết.
phục hưng	동	동	O	부흥하다	Làm cho cái đã suy hoạt động trở lại tốt hơn trước.	Phục hưng nghề thêu chân dung.
phục thiện	동	명	X	옳은 일을 따르다	Chịu theo điều hay lẽ phải và biết tránh điều dở.	Có tinh thần phục thiện mới tiến bộ được.
quen lệ	동	명	X	습관이 되다	Đã thành thói quen.	Quen lệ ngủ trưa.
quen nết	동	명	X	나쁜 버릇이 들다	Có thói quen xấu.	Quen nết ngủ dậy là khóc.
quân dụng	형	명	X	군용	Dùng cho quân đội.	Đồ quân dụng.
quèn quèn	형	명	X	그저 그렇다 · 평범하다	Xoàng xoàng, tầm thường.	Sức học quèn quèn.
quên mình	동	동	O	헌신하다	Không nghĩ đến quyền lợi, tính mạng của mình vì chính nghĩa,	Vì nước quên mình.
quềnh quàng	부	명	X	대충 하다 · 아무렇게나 하다	Qua loa, cẩu thả.	Giặt quềnh quàng còn bẩn nguyên.
quở quang	동	동	O	칭찬이 탈이 된다고 꺼리다	Khen khiến người ta cho rằng lời khen báo một điềm xấu.	Thằng bé béo tốt rất nhiều người quở quang.
ram ráp	형	형	O	까칠까칠하다	Hơi ráp.	Mặt bàn còn ram ráp, cần bào lại.
rau dưa	명	명	O	소박한 채소 반찬	Món ăn thanh đạm.	Bữa cơm rau dưa.
ri rỉ	동	동	O	찔끔찔끔 스며 나오다	Nói nước thấm ra từng giọt một.	Nước ri rỉ qua tường.
ruồng bố	동	동	O	포위해 소탕하다	Vây bắt và khủng bố.	Địch ruồng bố nhân dân.
ráp rạp	부	동	X	땅에 닿을 듯 굽히다	Nói cúi xuống gần đến đất.	Cúi ráp rạp xuống ruộng cấy.
rã họng	부	명	X	기진맥진하다	Mệt mỏi lắm.	Đói rã họng.
rì rì	부	형	X	느릿느릿하다	Chậm chạp.	Vòi nước tắc chảy rì rì.
rôm trò	형	명	X	왁자지껄 신나게 하다	Làm cho vui nhộn.	Kể một câu chuyện vui cho rôm trò.
rù rờ	부	동	X	굼뜨고 멍하다	Chậm chạp, ngơ ngẩn.	Đi rù rờ.
rùng rùng	부	명	X	떼 지어 우르르 가다	Nói đoàn người đông đi rầm rập.	Rùng rùng kéo nhau đến dự mít tinh.
rơi vãi	동	동	O	흘리다 · 조금씩 잃다	Mất dần trong một quá trình.	Học được ít chữ.
rườm tai	형	동	X	듣기 싫다	Khiến người ta không muốn nghe.	Lời nói rườm tai.
rảnh thân	형	동	X	몸이 한가하다	Nghỉ ngơi, không bận bịu.	Một lũ con mọn như thế này thì bao giờ được rảnh thân.
rấn sức	동	동	O	안간힘을 쓰다	Cố gắng sức trên mức thường.	Cần rấn sức cho xong đúng thời hạn.
rắc rối tơ	형	동	X	몹시 복잡하다	Rắc rối lắm.	Câu chuyện rắc rối tơ.
rắp ranh	동	동	O	미리 마음먹다	Định sẵn.	Mưu cao vốn đã rắp ranh những ngày (<u>Truyện Kiều</u>)
rẹo rọc	동	동	O	보채며 잠을 안 자다	Nói trẻ con chằn chọc khó ngủ.	Cháu sốt nên rẹo rọc suốt đêm.
rẻ rúng	동	명	X	깔보다 · 업신여기다	Coi khinh, coi thường.	Trong khi chắp cánh liền cành,.
rị mọ	동	명	X	부지런히 잔일을 하다	Cần cù, chịu khó làm những việc nhỏ.	Ảnh rị mọ lắp chiếc xe máy.
rỏ dãi	동	명	X	군침을 흘리다	Ứa nước dãi ra vì thèm ăn.	Thấy của chua thèm rỏ dãi.
rối ruột	형	동	X	당황해 정신을 못 차리다	Mất bình tĩnh khiến không suy nghĩ được bình thường nữa.	Con ốm, bố mẹ rối ruột.
rối tung	형	동	X	엉키다 · 뒤엉키다	Rối một cách nhằng nhịt, khó tháo gỡ, khó quải quyết.	Sợi chỉ rối tung, khó gỡ.
rớt dãi	명	동	X	침을 질질 흘리다	Nước dãi chảy ra nhầy nhụa.	Lấy khăn lau rớt dãi cho em.
rờ mó	동	동	O	만지다 · 신경 쓰다	Đụng chạm đến; chú ý đến.	Rờ mó vào súng đạn.
rờ rỡ	형	동	X	환하다 · 밝다	Sáng tỏ.	Ánh bình minh rờ rỡ.
sa đắm	동	명	X	탐닉하다	Say mê quá độ.	Sa đắm tửu sắc.
sao lục	동	명	X	원본대로 베끼다	Chép lại theo bản chính.	Sao lục văn cổ.
si tưởng	동	동	O	어리석게 생각하다	Nghĩ ngợi một cách ngốc dại.	Si tưởng những chuyện vẩn vơ.
sinh lợi	동	동	O	이익을 내다	Làm ra lời lãi.	Bỏ vốn kinh doanh để sinh lợi.
siêu tuyệt	형	명	X	월등히 뛰어나다	Vượt lên trên hết thảy.	Trí tưởng tượng siêu tuyệt.
suy bại	동	형	X	쇠퇴하다 · 쇠락하다	Yếu dần, hư hỏng dần.	Công việc suy bại.
suy sút	동	동	O	쇠퇴하다 · 나빠지다	Trở nên kém trước.	Năng lực suy sút.
suy tổn	동	동	O	쇠약해지다	Kém sút đi.	Tinh thần địch suy tổn.
suông tình	형	동	X	아무것도 얻지 못한	Không được gì cả.	Đi kiếm cá, nhưng suông tình.
sàn sạn	형	동	X	모래알이 조금 씹히다	Hơi có sạn.	Bột sàn sạn.
sáng nghiệp	동	동	O	사업이나 기업을 세우다	Dựng nên sự nghiệp hay cơ nghiệp.	Lê.
sâm thương	동	명	X	서로 멀리 떨어져 영영 못 만나다	Sao Sâm và sao Thương, hai ngôi sao ở hai chòm khác nhau khô	Sâm thương chẳng hẹn chữ lòng (<u>Truyện Kiều</u>)
sã cánh	형	동	X	지쳐 날개가 처지다	Nói cánh chim hay cánh tay người mệt mỏi quá.	Xay gạo mỏi sã cánh.
sênh phách	명	형	X	기생 노릇	Nghề làm cô đầu.	Cuộc đời sênh phách.
sóm sém	형	동	X	늙어 입이 오그라들다	Già và móm.	Mới có năm mươi tuổi mà đã sóm sém.
sùng sục	부	형	X	물이 세게 끓는 소리	Sôi nổi, mạnh và nhanh.	Phong trào cách mạng sùng sục dâng lên.
sơ sơ	부	형	X	대충대충 · 슬쩍	Hơi lướt qua.	Nói sơ sơ thôi.
sơ thảo	동	동	O	초안을 쓰다	Viết ra lần đầu tiên.	Văn kiện mới sơ thảo, còn phải chữa.
sưu cầu	동	명	X	찾다 · 구하다	Tìm kiếm.	Sưu cầu chân lý.
sổ lòng	동	동	O	태어나다	Lọt khỏi bụng mẹ.	Đứa con vừa sổ lòng.
sổng sểnh	형	동	X	느슨하다 · 무심하다	Lỏng lẻo, hững hờ.	Để lồng gà sổng sểnh như thế thì sổng hết.
sờm sỡ	형	동	X	여자에게 짓궂게 굴다	Bông đùa quá trớn đối với phụ nữ.	Ăn nói sờm sỡ.
sở ước	명	명	O	소망	Điều mình mong được.	Thỏa mãn sở ước.
sừng sộ	형	동	X	험악하게 대들다	Hùng hổ và có ý dọa nạt.	Ăn nói sừng sộ.
tai ngược	형	동	X	사납고 고약하다	Ngang trái đanh đá.	Con bé tai ngược.
tam hợp	명	동	X	석회에 재와 소금을 섞은 바닥재	Nói thứ vôi trộn với tro và muối để lát nền nhà, lát sân. . 	Vôi tam hợp.
tam tài	형	동	X	세 가지 색이 있는	Có ba màu.	Cờ tam tài.
tanh tách	부	동	X	톡톡 · 딱딱(소리)	Tiếng kêu thanh, ngắn và giòn.	Đồng hồ chạy tanh tách.
tha hương	명	명	O	타향	Đất khách quê người.	Lưu lạc tha hương.
thanh bần	형	명	X	청빈하다	Nghèo mà trong sạch.	Thanh bần giữ phận yên vui (Lục Vân Tiên)
thanh thanh	형	형	O	맑다	Khá thanh.	Dáng người thanh thanh.
thanh tú	형	형	O	청아하고 아름답다	Thanh nhã và đẹp đẽ.	Vẻ mặt thanh tú.
thiếp phục	동	동	O	극도로 순종하다	Thuận theo đến cao độ.	Nhân tâm thiếp phục.
thiện nhân	명	동	X	선한 사람	Người lương thiện.	Con này chẳng phải thiện nhân,.
thoang thoáng	부	명	X	살짝 스치다	Phớt qua nhanh chóng.	Làm thoang thoáng.
thoang thoảng	형	형	O	은은하다 · 희미하게 풍기다	Hơi có mùi bay tới.	Hãy còn thoang thoảng hương trầm chưa phai (<u>Truyện Kiều</
thom thóp	부	명	X	오랫동안 걱정하다	Nói lo ngại lâu, không khuây được.	Â m mưu bại lộ, lo thom thóp.
thon thót	부	명	X	화들짝 놀라다	Nói giật mình mạnh và nhiều lần.	Giật mình thon thót.
thu hình	동	동	O	몸을 움츠리다	Co thân lại cho có vẻ nhỏ hơn.	Ngồi thu hình ở xó tường.
thua lỗ	동	명	X	손해를 보다	Mất vào vốn khi buôn.	Buôn bán thua lỗ.
thung thăng	부	동	X	한가로이 거닐다	Nói dáng đi thong thả nhởn nhơ.	Trẻ em đi chơi thung thăng.
thuyết lý	동	동	O	이치를 설명하다	Giảng giải lý lẽ.	Không nên thuyết lý suông.
thuôn thuôn	형	동	X	갸름하다	Hơi nhỏ ở một đầu.	Chuôi dao nhựa thuôn thuôn.
thuần dưỡng	동	동	O	길들이다	Nuôi súc vật hoang dại và dạy cho chúng mất hoặc giảm tính h	Ngựa đã được thuần dưỡng vào khoảng hai mươi thế kỷ trước cô
thuận cảnh	명	동	X	화목한 가정 형편	Nói cảnh gia đình yên vui.	Làm ăn khá giả vì thuận cảnh.
thuận nghịch	형	명	X	가역의	Có thể xảy ra theo chiều này hay cả theo chiều ngược lại.	Phản ứng thuận nghịch.
thuộc viên	명	명	O	하급 관리	Viên chức nhỏ dưới quyền một vị quan to.	Thuộc viên không có cương vị lãnh đạo.
thành khí	동	형	X	쓸모 있는 그릇이 되다	Trở nên dụng cụ có thể dùng được.	Sắt đá thành khí.
thánh sống	명	명	O	살아 있는 성인	Người có tài năng đặc biệt như một vị thánh.	Lúc sinh thời, danh y Lê Hữu Trác được người đời coi như một
thánh tướng	형	형	O	잘난 체하다	Huênh hoang, hợm mình.	Nói thánh tướng.
thâm nghiêm	형	동	X	엄숙하고 그윽하다	Kín và nghiêm mật.	Thâm nghiêm kín cổng cao tường (<u>Truyện Kiều</u>)
thâm thiểm	형	동	X	음흉하고 독하다	Sâu độc.	Tâm địa thâm thiểm.
thâm thâm	형	동	X	거무스름하다	Hơi thâm.	Môi thâm thâm.
thâm thù	동	동	O	깊이 원한을 품다	Căm thù một cách sâu sắc.	Thâm thù bọn cướp nước.
thâm tạ	동	명	X	깊이 감사하다	Cảm ơn sâu sắc.	Lọ là thâm tạ mới là tri ân (<u>Truyện Kiều</u>)
thân thân	형	동	X	꽤 친하다	Hơi thân.	Bà con thân thân.
thê nhi	명	동	X	아내와 자식	Vợ và con.	Quan san nghìn dặm thê nhi một đoàn (<u>Truyện Kiều</u>)
thì ra	접	X	X	알고 보니	L. Hóa ra, lẽ ra là thế.	Lâu không lại, tưởng đi đâu, thì ra ốm.
thí sai	명	동	X	수습 공무원(옛)	Nói công chức trong thời trước, chưa được vào chính ngạch.	Giáo học thí sai.
thí thân	동	명	X	목숨을 버리다	Bỏ mình, liều mình.	Chơi bời đến thí thân.
thông huyền	동	명	X	현묘한 이치에 통달하다	Hiểu rõ lẽ huyền bí.	Phi phù trí qủi cao tay thông huyền (<u>Truyện Kiều</u>)
thông hơi	형	형	O	통풍이 잘 되다	Nói nơi không khí dễ thay đổi.	Nhà rộng rất thông hơi.
thông thống	형	동	X	뻥 뚫리다	Không có gì che, ngăn cản, có thể thông suốt, đi qua được.	Cổng ngõ bỏ ngỏ, nhà cửa thông thống.
thõng thẹo	형	동	X	축 늘어지고 느리다	Mềm yếu và chậm chạp.	Đi thõng thẹo.
thù vặt	동	동	O	사소한 일로 앙갚음하다	Trả thù vì những chuyện nhỏ mọn.	Tính hay thù vặt.
thù ứng	동	동	O	접대하고 응대하다	Tiếp đãi và ứng đối.	Thù ứng bạn bè.
thú phục	동	동	O	자백하고 죄를 인정하다	Thú nhận và chịu tội.	Hết lời thú phục khẩn cầu (<u>Truyện Kiều</u>)
thúc phọc	동	동	O	속박	Bó buộc.	Cảnh vợ con thúc phọc.
thơm thảo	형	형	O	마음씨가 곱고 후하다	Tử tế và rộng rãi.	Bà cụ thơm thảo hay giúp đỡ bà con.
thơn thớt	형	동	X	겉만 친절하고 속은 흉악하다	Vồn vã, tử tế hời hợt ở bên ngoài nhưng độc ác ngầm.	Bề ngoài thơn thớt nói cười,.
thư sướng	형	동	X	한가하고 상쾌하다	Thảnh thơi khoan khoái.	Tinh thần thư sướng.
thượng hạ	명	명	O	위아래	Bên trên và bên dưới.	Không phân biệt thượng hạ..
thượng lộ	동	명	X	길을 떠나다	Lên đường.	Chúc bác thượng lộ bình an.
thượng ty	명	명	O	윗사람, 상관	Quan trên.	Bẩm lên thượng ty.
thất luật	형	동	X	시의 율격에 맞지 않다	Không đúng luật thơ.	Bài thơ thất luật.
thất tán	동	동	O	뿔뿔이 흩어지다	Tan tác ở nhiều nơi.	Sách vở để thất tán.
thế đồ	명	동	X	인생길	Đường đời.	Đường thế đồ gót rỗ kỳ khu (Cung oán ngâm khúc)
thịnh danh	명	명	O	좋은 명성	Tiếng tốt.	Nghe thịnh danh ngài đã lâu.
thốt nhiên	부	동	X	갑자기 · 돌연	Bất thình lình.	Đang ngủ thốt nhiên choàng dậy.
thớ lợ	형	명	X	겉치레로 비위를 맞추다	Khéo léo, đưa đẩy một cách thiếu thành thật cho người khác v	Ăn nói thớ lợ,thảo mai.
thụ ân	동	명	X	은혜를 입다	Chịu ơn.	Thụ ân của quân vương.
thục luyện	동	명	X	능숙하도록 단련하다	Rèn luyện rất kỹ cho quen.	Thục luyện binh pháp.
thủ cựu	형	동	X	보수적이다 · 고루하다	Giữ cái cũ một cách cố chấp.	Tư tưởng thủ cựu.
thủ lễ	동	동	O	필요한 예의를 다 지키다	Giữ đủ lễ độ cần thiết.	Học trò thủ lễ với thầy.
thủ mưu	명	명	O	주모자	Người cầm đầu lập ra mưu kế làm một việc xấu.	Thủ mưu tham ô.
thủ thân	동	명	X	몸가짐을 조심하다	Giữ mình, giữ gìn sức khỏe của mình.	Thủ thân là việc quan trọng.
thủ thế	동	동	O	방어 자세를 취하다	Giữ miếng để kẻ địch khỏi đánh được mình.	Đứng thủ thế.
thủ xướng	동	동	O	앞장서서 제창하다	Nêu lên đầu tiên.	Thủ xướng việc tập thể dục buổi sáng.
thủng thẳng	부	형	X	천천히 · 느긋하다	Từ từ, thong thả.	Đi thủng thẳng.
thủy thổ	명	명	O	풍토	Khí hậu riêng của một địa phương.	Quen thuỷ thổ ở.
thừa sức	동	동	O	너끈하다 · 힘이 남아돌다	Có năng lực vượt quá mức cần thiết.	Tốt nghiệp đại học mà dạy lớp ba thì thừa sức.
thừa ưa	부	명	X	우연히, 갑자기	Tình cơ, bất thình lình.	Thừa ưa gặp người cũ.
thực bụng	형	동	X	진심이다	Thực tâm, thực lòng. Đúng như ý nghĩ, tình cảm chân thành, k	Anh ấy thực bụng đối với bà con.
thực học	명	명	O	실질적인 학식	Vốn văn hóa có chất lượng.	Con người có thực học.
thực lục	명	명	O	실록	Lịch sử của một triều đại do chính triều đại ấy chép theo tr	Đại.
thực nghiệp	명	동	X	공업, 농업, 상업 같은 사람의 생활에 필요한 사업을 통틀어 이르는 말	Từ chung chỉ những công cuộc cần thiết cho sự sống của con n	Mở mang thực nghiệp.
thực sản	명	동	X	집과 논밭처럼 눈앞에 실제로 있는 재산	Tài sản có thực ở trước mắt như nhà cửa, ruộng vườn.	Kê khai thực sản.
tia tía	형	동	X	약간 자줏빛이다	Hơi tía.	Quả cà tia tía.
tinh kỳ	명	동	X	깃발	Cờ.	Bác đồng chật đất, tinh kỳ rợp sân (<u>Truyện Kiều</u>)
tiu nguỷu	형	형	O	풀이 죽다	Buồn và thất vọng.	Vẻ mặt tiu nguỷu.
tiêu sái	형	동	X	호방하고 고상하다	Phóng khoáng, thanh cao.	Tính tình tiêu sái.
tiêu sơ	형	동	X	소박하고 품위 있다	Đơn giản và thanh nhã.	Cảnh tiêu sơ.
tiêu sầu	동	동	O	시름을 달래다	Làm cho khuây nỗi buồn rầu.	Đọc tiểu thuyết để tiêu sầu.
tiêu xưng	동	명	X	무고하다	Nói kẻ phạm tội khai bậy cho người vô tội.	Tiêu xưng cho người lương thiện.
tiếm đoạt	동	수	X	찬탈하다	Cướp quyền của kẻ khác.	Tiếm đoạt ngôi vua.
tiểu khê	명	명	O	작은 시내	Dòng suối nhỏ.	Bước lần theo ngọn tiểu khê (<u>Truyện Kiều</u>)
tiểu kiều	명	명	O	어리고 예쁜 여자(문학)	Từ dùng trong văn học cũ chỉ người con gái nhỏ, đẹp.	Thoắt đâu thôi một tiểu kiều (<u>Truyện Kiều</u>)
tiệt nhiên	부	명	X	분명하다 · 확실하다	Rõ ràng, hẳn thế.	Tiệt nhiên không sai.
toàn mỹ	형	동	X	완전무결하다	Tốt đẹp hoàn toàn.	Kết quả toàn mỹ.
toàn thị	동	명	X	모두 ~이다	Đều là.	Toàn thị người tích cực.
toán pháp	명	명	O	계산법	Phép làm tính.	Đại thành toán pháp (sách của Lương Thế Vinh)
tranh công	동	동	O	공을 가로채다	Giành công trạng về mình.	Bọn việt gian tranh công.
tranh quyền	동	동	O	권력을 다투다	Giành nhau quyền thế.	Hai phái đối lập tranh quyền nhau.
trao tráo	형	동	X	눈을 똑바로 뜨고 쳐다보다	Nói mắt mở to nhìn thẳng.	Mắt cứ trao tráo, không chịu ngủ.
tri tâm	동	동	O	마음을 알아주다 · 지기	Biết lòng nhau.	Bạn tri tâm.
tri túc	동	동	O	만족할 줄 알다	Tự cho là đủ, không đòi hỏi gì hơn.	Nước lã cơm rau hãy tri túc ()
triệt hồi	동	명	X	완전히 철수하다	Rút về hẳn.	Triệt hồi quân đội.
triệt thoái	동	동	O	철수하다	Rút về theo một sự thỏa thuận và có kế hoạch.	Quân đội Hoa Kỳ buộc phải triệt thoái khỏi các căn cứ trên đ
trung bình nhân	명	명	O	기하평균	Căn bậc hai của tích của hai số, hoặc căn bậc ba của tích ba	4 là trung bình nhân của 2 và 8.
trung bộ	명	명	O	중부	Phần đất ở khoảng giữa một nước.	Trung bộ nước ý.
trung chính	형	동	X	올곧다 · 공정하다	Ngay thẳng, không thiên vị.	Thái độ trung chính.
trung diệp	명	명	O	중엽	Khoảng giữa một thời gian, một triều đại.	Trung diệp thế kỷ XVIII.
trung hậu	형	명	X	중후하다 · 후덕하다	Nói thái độ cư xử ngay thẳng và đầy đặn.	Ăn ở trung hậu.
trung nông	명	동	X	중농	Người nông dân có ruộng đất, trâu bò, nông cụ tự mình lao độ	Trung nông lớp trên.
truy hoan	동	동	O	향락에 빠지다	Say đắm trong những thú ăn chơi.	Miệt mài trong cuộc truy hoan (<u>Truyện Kiều</u>)
truy lĩnh	동	명	X	밀린 돈을 받다	Lĩnh món tiền đáng lẽ đã được lĩnh trước.	Truy lĩnh ba tháng lương.
truy tưởng	동	명	X	지난 일을 회상하다	Tưởng nhớ lại chuyện cũ.	Truy tưởng thời niên thiếu.
truy tầm	동	명	X	추적하다 · 뒤쫓아 찾다	Theo dõi để tìm cho ra.	Truy tầm hung thủ.
truân chiên	형	형	O	고생하다 · 힘들다	Khó nhọc, vất vả.	Cuộc đời truân chiên.
trào lộng	동	동	O	조롱하다 · 희롱하다	Đùa cợt chế giễu.	Văn thơ trào lộng.
trái lè	형	형	O	이치에 완전히 어긋나다	Hoàn toàn ngược lẽ phải.	Nói trái lè.
trái lý	형	형	O	이치에 어긋나다	Không đúng với lý lẽ.	Câu nói trái lý.
trái tai	형	동	X	귀에 거슬리다	Gây một cảm giác khó chịu cho người nghe thấy.	Câu chuyện trái tai.
trân cam	명	명	O	귀한 진미(문학)	Từ dùng trong văn học cũ chỉ vật ngon của quý.	Trân cam ai kẻ đỡ thay việc mình (<u>Truyện Kiều</u>)
trèo leo	동	동	O	기어오르다	Trèo và leo nói chung.	Thằng bé cứ trèo leo suốt ngày.
tréo khoeo	부	명	X	다리를 꼬고 눕다	Nói cách nằm chân nọ gác lên đùi kia.	Nằm vắt chân tréo khoeo.
trô trố	부	명	X	눈을 휘둥그레 뜨다	Nói mắt giương to ra, tỏ vẻ ngạc nhiên hay sợ hãi.	Nhìn trô trố.
trù hoạch	동	명	X	계획하다	Tính toán xếp đặt.	Trù hoạch công việc.
trù khoản	명	동	X	예비금	Món tiền dự sẵn.	Trù khoản về kiến thiết cơ bản.
trù liệu	동	명	X	미리 마련하다	Lo toan sắp đặt trước.	Trù liệu công tác.
trùng trình	동	동	O	우물쭈물하다	Dùng dằng, không chịu làm ngay.	Trùng trình mãi mất thì giờ.
trùng vi	명	명	O	적의 포위망	Vòng dây của quân địch.	Thoát khỏi trùng vi.
trú quân	명	동	X	군대 임시 주둔지	Nói nơi quân lính tạm dừng.	Nơi trú quân trên đường biên giới.
trúc bâu	명	동	X	폭이 넓은 고운 흰 천	Thứ vải trắng mịn, khổ rộng.	Quần trúc bâu.
trơ khấc	동	명	X	헛수고하다	Không được gì sau khi đã mất công mong đợi.	Hi vọng mãi, rút cục trơ khấc chẳng có gì.
trước kia	명	명	O	예전 · 이전	Thời gian đã qua so với hiện tại.	Trước kia, công nhân bị bọn chủ bóc lột.
trước nay	부	동	X	지금까지 · 예로부터	Từ xưa đến bây giờ.	Trước nay chưa từng có.
trưởng ty	명	명	O	과장 · 부서장	Người đứng đầu một cơ quan chuyên môn trong một tỉnh.	Trưởng ty giáo dục.
trạng mạo	명	명	O	생김새 · 용모	Hình dáng, mặt mũi.	Trạng mạo nho nhã.
trấn át	동	명	X	제압하다	Ngăn cản không cho hoạt động.	Trấn át ý kiến của người khác.
trầm nghị	형	동	X	깊이 있고 단호하다	Sâu sắc và cương quyết.	Tính người trầm nghị.
trầm trệ	형	형	O	정체되다	Ứ lại, không chạy, không tiến.	Công việc trầm trệ.
trần duyên	명	명	O	속세의 인연	Duyên phận ở đời.	Lửa lòng tưới tắt mọi đường trần duyên (<u>Truyện Kiều</u>)
trần hủ	형	동	X	낡고 시대에 뒤떨어지다	Cũ kỹ không hợp thời.	Phong tục trần hủ.
trần lụy	명	명	O	속세의 번거로움	Điều phiền lụy ở đời.	Còn trong trần lụy, biết ai công hầu (<u>Phan Trần</u>)
trần trần	형	동	X	드러나 있다 · 변함없다	Trơ ra, không biến đổi.	Hạt sen nấu thế mà cứ trần trần không chín.
trật trệu	형	동	X	어긋나다 · 불안정하다	Không khớp, không vững.	Bánh xe đi trật trệu.
trắc dĩ	명	명	O	(옛 문학) 어머니를 그리워하는 마음	Từ dùng trong văn học cũ chỉ lòng thương nhớ mẹ.	Suy lòng trắc dĩ đau lòng chung thiên (<u>Truyện Kiều</u>)
trắc lượng	동	동	O	측량하다	Đo đạc.	Trắc lượng khu khai hoang.
trắc nết	형	동	X	품행이 나쁘다	Có nét xấu, không đứng đắn.	Con bé trắc nết.
trắc đạc	동	명	X	짐작하다	Dự đoán.	Trắc đạc tương lai.
trắng nuột	형	동	X	하얗고 윤기 나다	Trắng và óng ả.	Lụa trắng nuột.
trắng nõn	형	형	O	하얗고 고운	Trắng tươi đẹp.	Da trắng nõn.
trắng phau	형	동	X	티 없이 하얗다	Trắng trong không có vết.	Con cò trắng phau.
trắng tinh	형	명	X	새하얗다	Trắng toàn một màu và rất sạch.	Muối trắng tinh.
trếu tráo	부	동	X	대충 씹다	Nói ăn, nhai qua loa, không được kỹ.	Ăn trếu tráo cho xong bữa.
trọi lỏi	형	명	X	하나도 안 남다	Hết không còn gì.	Đêm đã khuya, quán ăn trọi lỏi không tìm đâu ra một bát phở.
trọng hình	명	동	X	중형	Hình phạt rất nặng.	Tội trọng hình.
trọng hậu	부	명	X	극진히 대접하다	Nói tiếp đãi một cách ân cần, quý mến.	Đón tiếp trọng hậu.
trống mái	동	동	O	끝까지 싸우다	Đấu tranh quyết liệt đến cùng.	Phen này quyết trống mái với quân thù.
trống phách	명	명	O	북소리	Tiếng trống nói chung (thường dùng để chỉ đình đám hội hè).	Ở đình làng trống phách đã nổi lên.
trống trếnh	형	동	X	허술하다	Không được kín.	Nhà cửa trống trếnh.
trở lui	동	동	O	그때부터 이전	Tính từ đó về thời gian trước.	Trở lui lại mười năm xưa.
trừng trừng	부	수	X	노려보는 모양	Nói dáng nhìn chòng chọc không chớp mắt, tỏ vẻ đe dọa.	Nhìn trừng trừng đứa bé có lỗi.
trực giác luận	명	명	O	직관론	Thuyết duy tâm cho rằng người ta có thể nhờ trực giác mà có 	Béc-xông là đại biểu nổi tiếng của trực giác luận.
trực ngôn	동	동	O	직언하다	Nói thẳng.	Người trực ngôn.
tua tủa	부	명	X	삐죽삐죽하다	Đâm ra mọi phía.	Râu mọc tua tủa.
tuyên đọc	동	명	X	큰 소리로 읽다	Đọc to cho mọi người nghe.	Tuyên đọc sắc lệnh của.
tuyệt mệnh	동	동	O	절명하다	Nói lên ý dứt hẳn với cuộc đời.	Bức thư tuyệt mệnh.
tuyệt tự	동	형	X	대가 끊기다	Không có người nối dõi.	Một gia đình tuyệt tự.
tuần phòng	동	동	O	경비를 서다	Canh gác để giữ gìn trật tự.	Bộ đội đi tuần phòng ở biên giới.
tuế nguyệt	명	명	O	세월	Năm và tháng, thời gian nói chung.	Đá vẫn trơ gan cùng tuế nguyệt (Bà Huyện Thanh Quan)
tuệch toạc	형	동	X	경솔하다	Bộp chộp, thiếu ý tứ trong nói năng và hành động.	Tính nết tuệch toạc.
tuốt tuột	부	동	X	모조리 · 하나도 빠짐없이	Tất cả, không chừa, không trừ một cái gì hoặc một ai.	Chấp tuốt tuột.
tà vạy	형	동	X	올곧지 않은	Không ngay thẳng.	Lòng tà vạy.
tài bộ	명	명	O	재주꾼(비꼼)	Tài hoa (dùng với ý mỉa mai).	Chẳng có tài bộ gì mà cũng lên mặt.
tài trai	명	명	O	남자로서	Với tư cách là người đàn ông.	Tài trai thì phải làm cho nên danh nên vị.
tái lại	동	동	O	다시 걸리다	Mắc lại một lần nữa.	Sốt rét tái lại.
táo tợn	형	명	X	대담무쌍하다 · 무모하다	Rất liều lĩnh, manh động.	Bọn cướp táo tợn.
tâm ngẩm	형	명	X	말없이 시무룩하다	Lầm lỳ ít nói.	Trông tâm ngẩm mà tinh đáo để.
tân toan	명	수	X	삶의 쓰라림과 고생	Cay chua, khổ sở trong đời sống.	Bõ khi ly biệt,.
tâng công	동	명	X	아첨해 공을 다투다	Nịnh nọt hoặc tỏ ra bộ tích cực để lấy công.	Mách tin y cũng liệu bài tâng công (<u>Truyện Kiều</u>)
tè he	동	동	O	무릎을 접고 앉다	Nói ngồi gập đầu gối, xếp hai chân ra đằng sau.	Ngồi tè he.
tèm nhèm	형	명	X	지저분하다	Luộm thuộm.	Ăn mặc tèm nhèm.
tênh tênh	형	동	X	매우 가볍다	Nói nhẹ lắm.	Nhẹ tênh tênh.
tì tì	부	형	X	쉬지 않고 먹다	Nói ăn hay uống liên tục, không chú ý đến cái khác.	Uống rượu tì tì.
tình trường	명	명	O	사랑의 세계	Cõi tình.	Đắm đuối trong tình trường.
tính hạnh	명	명	O	좋은 성품	Tính nết tốt.	Tính hạnh đáng quý.
tít mắt	부	형	X	눈을 가늘게 뜨다	Khép gần kín mắt.	Cười tít mắt.
tôn tộc	명	동	X	친척	Họ hàng.	Quan hệ tôn tộc.
tông chi	명	명	O	집안의 갈래	Ngành trong họ.	Tông chi họ hàng.
tùng tùng	부	명	X	둥둥(큰북 소리)	Tiếng trống cái đánh liên tiếp.	Tùng tùng trống đánh ngũ liên,.
tùy hành	동	형	X	수행하다	Đi theo.	Những người tuỳ hành.
tùy tâm	부	명	X	마음대로	Theo lòng thảo.	Tùy tâm mà ủng hộ.
tùy tục	동	동	O	풍속을 따르다	Theo phong tục địa phương.	Đến đâu phải tùy tục ở đấy.
túng sử	접	명	X	가령	L. Giả dụ như thế.	Túng sử không mua được sách thì phải chép.
tăm tắp	부	부	O	가지런하다	Nói cử động hết sức đều nhau.	Bước đều tăm tắp
tơ hào	명	동	X	티끌만큼	Phần nhỏ nhất.	Không tơ hào. — Không đụng chạm một chút nào đến của cải của
tư doanh	형	명	X	개인이 경영하다	Nói tư nhân kinh doanh để kiếm lời.	Cơ sở sản xuất tư doanh.
tư kỷ	형	동	X	이기적이다	Chỉ biết đến lợi ích của mình.	Đầu óc tư kỷ.
tư trào	명	명	O	사조	Luồng tư tưởng của một thời kỳ.	Tư trào triết học hồi thế kỷ XVII.
tư trợ	동	동	O	재물로 돕다	Giúp đỡ tiền của.	Tư trợ bạn bè.
tương can	동	동	O	서로 관련되다	Có quan hệ qua lại.	Việc nọ tương can với việc kia.
tương ngộ	동	명	X	서로 만나다	Gặp nhau.	Anh hùng tương ngộ.
tương thân	형	명	X	서로 친하다	Thân thuộc với nhau.	Tương thân tương ái. — Thân thuộc với nhau, yêu thương nhau.
tạp loạn	형	명	X	어수선하다	Lộn xộn.	Tình hình tạp loạn.
tạp số	명	명	O	십진법에 맞지 않는 수	Những số mà bội số và ước số không theo hệ thống thập phân.	Những số giờ, phút, giây là những tạp số.
tảo trừ	동	명	X	깨끗이 제거하다 · 소탕하다	Trừ cho sạch, quét cho sạch.	Tảo trừ thổ phỉ.
tầm phèo	형	동	X	허황되다, 현실적이지 않다	phất phơ, không thực.	Chuyện tầm phèo.
tầm phơ	형	동	X	아무 목적 없다	Không có mục đích gì.	Chuyện tầm phơ.
tầm thước	형	동	X	체격이 알맞다	Nói khổ người vừa phải.	Vóc người tầm thước.
tẩy uế	동	명	X	더러운 것을 씻다	Làm cho sạch những cái nhơ bẩn.	Tẩy uế buồng mới có người chết bệnh lây.
tắt tiếng	동	형	X	목소리가 안 나오다	Nói không ra tiếng.	Bị cảm lạnh tắt tiếng.
tẻ ngắt	형	동	X	따분하다 · 쓸쓸하다	Buồn vì vắng vẻ.	Cảnh tẻ ngắt.
tẻo teo	형	형	O	아주 작다	Nhỏ bé.	Một chiếc thuyền câu bé tẻo teo (Nguyễn Khuyến)
tế toái	형	형	O	자질구레하다 · 번거롭다	Vụn vặt, phiền phức.	Công việc tế toái.
tịnh đế	명	명	O	한 꼭지에 핀 쌍꽃	Cùng một đài, một cuống.	Chùm hoa tịnh đế trơ trơ chưa tàn (Cung oán ngâm khúc)
tỏ lộ	동	명	X	드러내다	Bày rõ ra.	Tỏ lộ tình cảm.
tỏa nhiệt	동	동	O	발열하다	Nói phản ứng hóa học phát ra nhiệt.	Năng suất tỏa nhiệt. — Số đo nhiệt mà một đơn vị khối lượng 
tối hảo	형	동	X	최상이다	Tốt nhất.	Điều kiện tối hảo.
tối hậu	형	동	X	최후 · 마지막	Cuối cùng.	Quyết định tối hậu..
tối sầm	동	동	O	갑자기 어두워지다	Tối lại một cách đột ngột.	Trời đang nắng bỗng tối sầm vì sắp mưa.
tốt bổng	형	동	X	백성을 수탈하기 좋은 처지(옛)	Có hoàn cảnh để cho bọn quan lại bóc lột nhân dân được nhiều	Huyện ấy tốt bổng.
tốt duyên	형	명	X	연분이 좋다	May mắn về tình duyên.	Tốt duyên lấy được chồng có đạo đức.
tổ tông	명	명	O	조상	Ông cha của gia đình mình.	Làm rạng rỡ tổ tông.
tổng giám đốc	명	명	O	총국장	Người lãnh đạo một cơ quan chuyên môn trung ương.	Tổng giám đốc đài truyền hình Việt Nam.
tội tình	명	명	O	죄	Tội lỗi phạm phải đến mức đáng trừng phạt.	Nó có tội tình gì đâu mà uýnh nó?
tụ bạ	동	동	O	모여 나쁜 짓 하다	Họp nhau để làm những việc xấu.	Tụ bạ nhau để đánh bạc.
tục danh	명	명	O	아명 · 속명	Tên của một người khi chưa trưởng thành.	Tục danh.
tụt nõ	동	동	O	익어서 꼭지에서 떨어지다	Nói quả chín quá rơi ra khỏi cuống.	Mít tụt nõ.
tủi hổ	형	명	X	서럽고 부끄럽다	Thương thân và thẹn.	Tủi hổ vì không tiến bộ kịp mọi người.
tứ bàng	명	동	X	사방의 이웃	Bốn bên láng giềng.	Bà con tứ bàng.
tứ chiếng	형	동	X	각지를 떠돌다(비하)	Ở khắp mọi nơi, đi khắp mọi nơi (dùng với ý chê bai).	Trai tứ chiếng gái giang hồ. (tục ngữ)
tứ xứ	형	명	X	사방팔방	Ở khắp mọi nơi, đi khắp mọi nơi.	Người tứ xứ..
tức khí	동	명	X	발끈하다	Nổi nóng vì bị một điều nhỏ mọn kích thích vào lòng tự ái.	Tức khí rồi đánh nhau.
tức tức	형	명	X	답답하다	Hơi khó chịu, như bị nén, bị đè.	Thấy tức tức ở mạng mỡ.
tự tích	명	명	O	고인의 필적	Chữ viết của người đã mất để lại.	Tự tích của.
u hiển	명	명	O	저승과 이승	Âm phủ và dương gian (ý nói.	Kẻ khuất người còn)
èo èo	동	동	O	시끄럽게 조잘대다	Nói lai nhai to và lâu, làm cho bực mình.	Cái gì mà èo èo mãi thế?
ê ê	감	명	X	놀리는 환호성	Tiếng reo để chế giễu.	Ê ê xấu quá!
ích điểu	명	명	O	익조	Thứ chim có ích cho nông nghiệp và lâm nghiệp.	Con cú là một ích điểu.
ít lâu	명	명	O	얼마 안 되는 동안	Trong một thời gian ngắn.	Đi vắng ít lâu lại về.
úi chà	감	명	X	어이쿠(놀람 감탄)	Thán từ tỏ vẻ ngạc nhiên.	Áo điều, khăn đỏ, úi chà!
đ	명	명	O	화폐 단위 '동'의 약자	Chữ cái thứ bảy trong bảng chữ cái tiếng Việt.	
đen bạc	형	동	X	박정하다	Cùng nghĩa như bạc bẽo, phụ bạc.	Lòng người đen bạc.
ềnh ềnh	형	동	X	눈에 거슬리다	Chướng mắt hay che mất ánh sáng.	Đống rạ ềnh ềnh trước mặt.
ổn đáng	형	동	X	타당하다 · 원만하다	Êm thuận và thỏa đáng.	Công việc xếp như thế chưa ổn đáng.
ời ời	감	명	X	길게 부르는 소리	Tiếng gọi lâu.	Thằng.
