4201	같음			
4202	같음			
4203	같음			
4204	같음			
4205	같음			
4206	같음			
4207	같음			
4208	같음			
4209	같음			
4210	같음			
4211	같음			
4212	같음			
4213	같음			
4214	보충	병실	명	phòng bệnh 은 병원의 병실로도 흔히 씀
4215	같음			
4216	같음			
4217	같음			
4218	같음			
4219	같음			
4220	같음			
4221	같음			
4222	같음			
4223	같음			
4224	같음			
4225	같음			
4226	같음			
4227	같음			
4228	같음			
4229	같음			
4230	같음			
4231	같음			
4232	같음			
4233	같음			
4234	같음			
4235	같음			
4236	같음			
4237	같음			
4238	같음			
4239	같음			
4240	같음			
4241	같음			
4242	같음			
4243	같음			
4244	같음			
4245	같음			
4246	같음			
4247	같음			
4248	같음			
4249	같음			
4250	같음			
4251	같음			
4252	같음			
4253	같음			
4254	같음			
4255	같음			
4256	같음			
4257	같음			
4258	같음			
4259	같음			
4260	같음			
4261	같음			
4262	같음			
4263	같음			
4264	같음			
4265	같음			
4266	같음			
4267	같음			
4268	같음			
4269	같음			
4270	같음			
4271	같음			
4272	같음			
4273	같음			
4274	같음			
4275	같음			
4276	같음			
4277	같음			
4278	같음			
4279	같음			
4280	같음			
4281	같음			
4282	같음			
4283	같음			
4284	같음			
4285	같음			
4286	같음			
4287	같음			
4288	같음			
4289	같음			
4290	같음			
4291	같음			
4292	같음			
4293	보충	면접(하다)	명	취업 면접도 phỏng vấn, lịch phỏng vấn 면접 일정
4294	같음			
4295	같음			
4296	같음			
4297	같음			
4298	같음			
4299	같음			
4300	같음			
4301	틀림			펄럭이는 것은 phất phới·phấp phới, phới 홀로는 거품기
4302	같음			
4303	같음			
4304	같음			
4305	같음			
4306	같음			
4307	같음			
4308	같음			
4309	같음			
4310	같음			
4311	같음			
4312	같음			
4313	같음			
4314	같음			
4315	같음			
4316	같음			
4317	같음			
4318	같음			
4319	같음			
4320	같음			
4321	같음			
4322	같음			
4323	같음			
4324	같음			
4325	같음			
4326	같음			
4327	같음			
4328	같음			
4329	같음			
4330	같음			
4331	같음			
4332	같음			
4333	보충	다리를 건너다(글자 그대로)	동	qua + cầu 의 직접 뜻, 예문도 다리를 건너다
4334	같음			
4335	같음			
4336	같음			
4337	같음			
4338	같음			
4339	같음			
4340	같음			
4341	같음			
4342	같음			
4343	같음			
4344	같음			
4345	같음			
4346	같음			
4347	같음			
4348	같음			
4349	같음			
4350	같음			
4351	같음			
4352	같음			
4353	같음			
4354	같음			
4355	같음			
4356	같음			
4357	같음			
4358	같음			
4359	같음			
4360	보충	알고 지내다, 아는 사이다	동	quen ai 는 면식이 있다, làm quen 도 같은 뜻
4361	같음			
4362	같음			
4363	같음			
4364	같음			
4365	보충	규칙 · 규정(합성어에서)	명	qui 는 quy 의 옛 철자, qui luật 은 법칙
4366	같음			
4367	같음			
4368	같음			
4369	같음			
4370	같음			
4371	같음			
4372	같음			
4373	같음			
4374	같음			
4375	같음			
4376	같음			
4377	같음			
4378	같음			
4379	같음			
4380	같음			
4381	같음			
4382	같음			
4383	같음			
4384	같음			
4385	같음			
4386	같음			
4387	같음			
4388	같음			
4389	같음			
4390	같음			
4391	같음			
4392	같음			
4393	같음			
4394	같음			
4395	같음			
4396	같음			
4397	같음			
4398	같음			
4399	같음			
4400	같음			
4401	같음			
4402	같음			
4403	같음			
4404	같음			
4405	같음			
4406	같음			
4407	같음			
4408	같음			
4409	같음			
4410	같음			
4411	같음			
4412	같음			
4413	같음			
4414	같음			
4415	같음			
4416	같음			
4417	같음			
4418	같음			
4419	같음			
4420	같음			
4421	같음			
4422	같음			
4423	같음			
4424	같음			
4425	같음			
4426	같음			
4427	같음			
4428	같음			
4429	같음			
4430	같음			
4431	같음			
4432	같음			
4433	같음			
4434	같음			
4435	같음			
4436	같음			
4437	같음			
4438	같음			
4439	같음			
4440	같음			
4441	같음			
4442	같음			
4443	같음			
4444	같음			
4445	보충	제기(제기차기 공)	명	đá cầu 에 쓰는 공을 quả cầu 라 함, krdict 제기
4446	같음			
4447	같음			
4448	같음			
4449	같음			
4450	같음			
4451	같음			
4452	같음			
4453	같음			
4454	같음			
4455	같음			
4456	보충	보채다(아기가 칭얼대다)	동	quấy khóc, bé hay quấy 처럼 아기가 보챔
4457	같음			
4458	같음			
4459	같음			
4460	같음			
4461	같음			
4462	같음			
4463	같음			
4464	같음			
4465	같음			
4466	같음			
4467	같음			
4468	같음			
4469	같음			
4470	같음			
4471	같음			
4472	같음			
4473	같음			
4474	같음			
4475	같음			
4476	같음			
4477	같음			
4478	같음			
4479	같음			
4480	같음			
4481	같음			
4482	같음			
4483	같음			
4484	같음			
4485	같음			
4486	같음			
4487	같음			
4488	같음			
4489	같음			
4490	같음			
4491	같음			
4492	같음			
4493	같음			
4494	같음			
4495	같음			
4496	같음			
4497	같음			
4498	같음			
4499	같음			
4500	같음			
