9394	1	스바냐 (다른 꼴)
9395	1	소돔 (다른 꼴)
9396	1	남녀 공용 이름
9397	1	남자 이름
9398	1	남자 이름
9399	1	산둥
9400	1	산하이관
9401	1	성씨
9402	1	후에 꽝디엔의 읍
9403	1	탄호아성의 도시
9404	1	상업 (다른 꼴)
9405	1	(가톨릭) 대교구 (다른 꼴)
9406	1	성인 (다른 꼴)
9407	1	남자 이름 (다른 꼴)
9408	1	호찌민시 (다른 꼴)
9409	1	중학교 교육 (다른 꼴)
9410	1	고등학교 교육 (다른 꼴)
9411	1	자본주의 (다른 꼴)
9412	1	기원전 (다른 꼴)
9413	1	유한책임 (다른 꼴)
9414	1	(옛) 싱가포르 (다른 꼴)
9415	1	인민법원 (다른 꼴)
9416	1	사기
9417	1	텔레비전 방송 (다른 꼴)
9418	1	교통사고 (다른 꼴)
9419	1	빈롱 방송국 (다른 꼴)
9420	1	텔레비전 (다른 꼴)
9421	1	박사 (다른 꼴)
9422	1	중앙 (다른 꼴)
9423	1	중국 (다른 꼴)
9424	1	호찌민시 (다른 꼴)
9425	1	통신사 (다른 꼴)
9426	1	박사 (다른 꼴)
9427	1	타슈켄트
9428	1	탈린
9429	1	탈레스
9430	1	통신사 (다른 꼴)
9431	1	타대오
9432	1	정신분열증 (다른 꼴)
9433	1	인공지능 (다른 꼴)
9434	1	태즈메이니아
9435	1	텔렉스
9436	1	성인 (다른 꼴)
9437	1	차드
9438	1	타대오 (다른 꼴)
9439	1	탄자니아
9440	1	석사 (다른 꼴)
9441	1	트빌리시
9442	1	싼야
9443	1	테네시
9444	1	베트남 북부의 강
9445	1	남녀 공용 이름
9446	1	칭하이
9447	1	팀푸
9448	1	타대오 (다른 꼴)
9449	1	칭다오
9450	1	톈진
9451	1	하띤 껌쑤옌의 읍
9452	1	여자 이름
9453	1	여자 이름
9454	1	섬서
9455	1	남자 이름
9456	1	성씨
9457	1	선재
9458	1	천단
9459	1	남녀 공용 이름
9460	1	남자 이름
9461	1	호찌민시
9462	1	여자 이름
9463	1	여자 이름
9464	1	남자 이름
9465	1	황제·군주에게 쓰는 묘호
9466	1	바티칸
9467	1	태국
9468	1	타이산
9469	1	청두
9470	1	태평천국
9471	1	테오도로
9472	1	선전
9473	1	진한
9474	1	테살로니카
9475	1	도마 (다른 꼴)
9476	1	남녀 공용 이름
9477	1	남녀 공용 이름
9478	1	(생물) 강
9479	1	여자 이름
9480	1	남자 이름
9481	1	여자 이름
9482	1	남녀 공용 이름
9483	1	상도
9484	1	슈리 (다른 꼴)
9485	1	다낭의 강
9486	1	꽝찌의 강
9487	1	하노이 타익탓의 사
9488	1	남녀 공용 이름
9489	1	터키
9490	1	남녀 공용 이름
9491	1	여자 이름
9492	1	남녀 공용 이름
9493	1	스웨덴
9494	1	티그리스
9495	1	틱톡
9496	1	(옛) 베트남의 봉건 시대 성, 지금은 후에의 일부
9497	1	티라나
9498	1	디모데
9499	1	디도
9500	1	티모르
9501	1	여자 이름
9502	1	남자 이름
9503	1	토바고 (다른 꼴)
9504	1	트리니다드 (다른 꼴)
9505	1	트란스니스트리아
9506	1	트리니다드 토바고
9507	1	(지질) 트라이아스기
9508	1	남자 이름
9509	1	남녀 공용 이름
9510	1	장자
9511	1	남녀 공용 이름
9512	1	중화민국
9513	1	성씨
9514	1	(옛) 중국
9515	1	중동
9516	1	여자 이름
9517	1	남녀 공용 이름
9518	1	후에의 강
9519	1	떠이닌 즈엉민쩌우의 사
9520	1	꽝응아이의 강
9521	1	성씨
9522	1	성씨
9523	1	남녀 공용 이름
9524	1	남자 이름
9525	1	호찌민시 투득의 동
9526	1	지국
9527	1	떠이닌성의 읍
9528	1	성씨
9529	1	여자 이름
9530	1	성씨
9531	1	튀니지
9532	1	투르크메니스탄
9533	1	여자 이름
9534	1	성씨
9535	1	남자 이름
9536	1	성씨
9537	1	남녀 공용 이름
9538	1	취안저우
9539	1	푸옌성의 성도
9540	1	투발루
9541	1	남자 이름
9542	1	타지키스탄
9543	1	신장
9544	1	남녀 공용 이름
9545	1	신라
9546	1	신계, 홍콩의 지역
9547	1	신베이
9548	1	서반구
9549	1	(옛) 바누아투
9550	1	사이쿵, 홍콩의 구
9551	1	신주
9552	1	시안
9553	1	티베트
9554	1	서아프리카
9555	1	웨스트버지니아
9556	1	테레사
9557	1	서호주
9558	1	테헤란
9559	1	서독
9560	1	도쿄
9561	1	성씨
9562	1	도마 (다른 꼴)
9563	1	토고
9564	1	남자 이름
9565	1	손오공
9566	1	쑤저우
9567	1	손자
9568	1	톨스토이
9569	1	토비아
9570	1	도마
9571	1	통가
9572	1	(문학) 트로이
9573	1	성씨
9574	1	성씨
9575	1	트리폴리
9576	1	성씨
9577	1	진장
9578	1	증장천왕
9579	1	성씨
9580	1	여자 아이의 집안 애칭
9581	1	(북부, 옛) 텍사스
9582	1	(북부, 옛) 텍사스
9583	1	(북부, 옛) 텍사스
9584	1	쓰촨
9585	1	네 불사신
9586	1	남자 이름
9587	1	사서오경
9588	1	4대 기서
9589	1	우크라이나 (다른 꼴)
9590	1	우크라이나
9591	1	우즈베키스탄
9592	1	(그리스·로마 신화) 오디세우스
9593	1	우르바노
9594	1	우루과이
9595	1	우간다
9596	1	인민위원회 (다른 꼴)
9597	1	검사위원회 (다른 꼴)
9598	1	울란바토르
9599	1	성씨
9600	1	꽝닌성의 도시
9601	1	유타
9602	1	위스콘신
9603	1	빅토르
9604	1	미국의 소리
9605	1	(줄임) 베트남
9606	1	바티칸
9607	1	발렌티노
9608	1	베트남공화국 (다른 꼴)
9609	1	파두츠
9610	1	발레타
9611	1	베트남민주공화국 (다른 꼴)
9612	1	베트남 텔레비전 (다른 꼴)
9613	1	인민검찰원 (다른 꼴)
9614	1	바누아투
9615	1	빅토리아
9616	1	베트남
9617	1	비엔티안
9618	1	극동
9619	1	(가톨릭) 남자 이름
9620	1	빌뉴스
9621	1	남베트남
9622	1	베트남민주공화국
9623	1	(음악 장르) 베트남 하우스
9624	1	바르샤바
9625	1	(신조어, 무술) 보비남
9626	1	여자 이름
9627	1	성씨
9628	1	남녀 공용 이름
9629	1	블라디미르
9630	1	다낭의 강
9631	1	여자 이름
9632	1	베르사유
9633	1	성씨
9634	1	베네수엘라
9635	1	윈난
9636	1	운동선수 (다른 꼴)
9637	1	문수사리
9638	1	윈린
9639	1	베네수엘라 (다른 꼴)
9640	1	우한
9641	1	성씨
9642	1	붕따우의 도시
9643	1	남자 이름
9644	1	안장성 쩌우독의 동
9645	1	안장성 쩌우독의 동 (다른 꼴)
9646	1	스페인 왕국
9647	1	태국 왕국
9648	1	노르웨이 왕국
9649	1	영국
9650	1	버몬트
9651	1	버지니아
9652	1	웨일스
9653	1	사회주의 (다른 꼴)
9654	1	만리장성
9655	1	비엔티안
9656	1	(미국) 루이지애나주 뉴올리언스의 베르사유 동네
9657	1	스가랴 (다른 꼴)
9658	1	(인터넷) 노동력 수출 (다른 꼴)
9659	1	미국령 사모아
9660	1	사모아
9661	1	시베리아
9662	1	사바나켓
9663	1	시코쿠
9664	1	스코틀랜드
9665	1	하비에르
9666	1	시베리아
9667	1	사라예보
9668	1	스코페
9669	1	산마리노
9670	1	스칸디나비아
9671	1	세인트키츠 네비스
9672	1	사라
9673	1	(종교) 사탄
9674	1	상투메 프린시페
9675	1	세인트루시아
9676	1	세인트빈센트 그레나딘
9677	1	시칠리아
9678	1	시칠리아
9679	1	슬로바키아
9680	1	슬로베니아
9681	1	스리랑카
9682	1	수리남
9683	1	수단
9684	1	스와질란드
9685	1	베트남의 소수민족 스띠엥족
9686	1	시암
9687	1	스톡홀름
9688	1	씨앙쿠앙
9689	1	시에라리온
9690	1	남녀 공용 이름
9691	1	세르비아
9692	1	시리아
9693	1	세르비아 (다른 꼴)
9694	1	소말리아
9695	1	세네갈
9696	1	세이셸
9697	1	서울
9698	1	소크라테스 (그리스 철학자)
9699	1	세베대 (다른 꼴)
9700	1	(요즘은 드묾) 취리히
9701	1	남녀 공용 이름
9702	1	유튜브
9703	1	예멘
9704	1	서울
9705	1	소피아
9706	1	스바냐
9707	1	이스라엘 (다른 꼴)
9708	1	이삭 (다른 꼴)
9709	1	소돔
9710	1	(드묾) 야훼
9711	1	-
9712	1	여자 이름
9713	1	기쁨·찬성·즐거움을 나타내는 말
9714	1	(옛) 앨리웁
9715	1	남딘성 이옌현의 사
9716	1	아크롤레인
9717	1	관리자 (다른 꼴)
9718	1	아르곤
9719	1	악티늄
9720	1	아티초크
9721	1	(속어, 비디오 게임, 인터넷) 계정
9722	1	(구어) 아마추어
9723	1	(화학) 산
9724	1	아마추어 (다른 꼴)
9725	1	(생화학) 아드레날린
9726	1	(의학) 샘종
9727	1	(화학, 옛) 질소
9728	1	알파, 그리스 문자
9729	1	-
9730	1	아마추어 (다른 꼴)
9731	1	아멘
9732	1	증폭기
9733	1	양쪽을 뜻하는 접두사
9734	1	(음악) 증폭기
9735	1	암모늄
9736	1	암페어
9737	1	아메리슘
9738	1	(무기화합물) 암모니아
9739	1	(해부) 편도선
9740	1	(유기화합물) 알코올
9741	1	(집합) 형제자매, 사내아이와 계집아이들
9742	1	(유기화학) 알칼로이드
9743	1	알파벳, 한 언어의 글자를 정한 차례로 늘어놓은 것
9744	1	안티모니
9745	1	(유기화학) 알케인
9746	1	비소
9747	1	(유기화학) 알켄
9748	1	산
9749	1	아스타틴
9750	1	(유기화학) 알카인
9751	1	(유기화합물) 알칸올
9752	1	(유기화학) 아세트산의
9753	1	(유기화학) 아세톤
9754	1	(유기화학) 알데하이드
9755	1	(전기) 차단기
9756	1	(유기화학) 알카다이엔
9757	1	산
9758	1	(생화학, 유전학, 유기화학) 아데노신
9759	1	생물의 한 종
9760	1	발레 (다른 꼴)
9761	1	(음악) 바레 코드
9762	1	(불교) 바라밀다, 덕의 완성이나 극치
9763	1	(불교) 바라밀다 (다른 꼴)
9764	1	현무암
9765	1	파테 (다른 꼴)
9766	1	외투
9767	1	바륨
9768	1	현무암 (다른 꼴)
9769	1	(화학) 염기
9770	1	베타, 그리스 문자
9771	1	베릴륨
9772	1	베릴륨 (다른 꼴)
9773	1	버클륨
9774	1	당구 (다른 꼴)
9775	1	(놀이) 당구, 큐로 치는 경기
9776	1	역청
9777	1	(컴퓨터) 비트
9778	1	(번지 표기) 같은 번호의 두 번째 것을 나타냄
9779	1	비스무트
9780	1	비스무트
9781	1	얼마 (다른 꼴)
9782	1	(옷) 흰 가운
9783	1	보륨
9784	1	(속어, 베트남) 비슷한 또래, 대개 남자를 부르는 말
9785	1	(베트남) 붕소 (다른 꼴)
9786	1	브로민
9787	1	점화 플러그
9788	1	벙커
9789	1	자작나무
9790	1	진한 적포도주색
9791	1	진한 적포도주색 (다른 꼴)
9792	1	인도차이나
9793	1	스노스킨 월병
9794	1	(합성어에서만) 귀중한
9795	1	(불교) 반야바라밀다, 지혜의 완성
9796	1	(불교) 반야바라밀다 (다른 꼴)
9797	1	(불교) 반야, 초월적 지혜
9798	1	독일 셰퍼드
9799	1	콘크리트
9800	1	-
9801	1	점치다, 운수를 보다, 징조를 보다
9802	1	생물의 한 속
9803	1	머리띠
9804	1	일곱
9805	1	북반구
9806	1	종이 기저귀
9807	1	(구어) 속이다, 기만하다
9808	1	거품
9809	1	흉배
9810	1	(문어) 갑자기
9811	1	(감탄) 주의를 끌려고 부르는 말
9812	1	(구어) 놀리다, 농담하다, 장난하다
9813	1	생물의 한 종
9814	1	-
9815	1	탄소
9816	1	스턴트맨 (다른 꼴)
9817	1	-
9818	1	야전모
9819	1	카키, 튼튼한 모직이나 면직 천
9820	1	캐럿
9821	1	카테터
9822	1	캐뉼러
9823	1	칼로리
9824	1	칼로리
9825	1	캘리포늄
9826	1	칼슘
9827	1	고령토
9828	1	카드뮴
9829	1	확인하다
9830	1	(속어) 차분하고 느긋한
9831	1	(중부) 발, 다리
9832	1	생물의 한 종
9833	1	(북중부에서 흔히, 다른 방언에서는 우스개) 우리, 나
9834	1	생물의 한 종
9835	1	생물의 한 종
9836	1	생물의 한 속
9837	1	(옛) 사다
9838	1	(옛, 돼지 장수 은어) 하나
9839	1	아메리카
9840	1	생물의 한 종
9841	1	생물의 한 종
9842	1	-
9843	1	-
9844	1	(소리 나는 대로 적음) 아가마 (다른 꼴)
9845	1	생물의 한 종
9846	1	생물의 한 종
9847	1	생물의 한 종
9848	1	빗자루 (다른 꼴)
9849	1	종자
9850	1	(영상) 클립
9851	1	염소
9852	1	코발트
9853	1	(화학) 염소산염
9854	1	클레이모어 대인 지뢰
9855	1	염산의 (다른 꼴)
9856	1	(인터넷 속어, 욕설 완곡) 대체 이게 뭐야 (다른 꼴)
9857	1	(무기화학) 염산의
9858	1	(속어, 인터넷, 문자) 남편 (다른 꼴)
9859	1	(무기화학) 염화물
9860	1	콜라, 음료
9861	1	칵테일
9862	1	컴퍼스
9863	1	(옷) 양복
9864	1	(신조어, 인터넷 속어) 꺼져 (다른 꼴)
9865	1	복사하다
9866	1	(도로 운송) 세미트레일러 트럭 (다른 꼴)
9867	1	(바이러스학) 코로나바이러스
9868	1	(요리) 크로켓
9869	1	크로뮴
9870	1	(옛) 브래지어
9871	1	(역사) 쿨라크
9872	1	코페르니슘 (다른 꼴)
9873	1	코페르니슘
9874	1	(기계, 벨트 구동) 벨트
9875	1	커밍턴석
9876	1	귀여운
9877	1	퀴륨
9878	1	공작 (다른 꼴)
9879	1	(옛) 또한 (다른 꼴)
9880	1	도시락통
9881	1	넥타이 (다른 꼴)
9882	1	당근 (다른 꼴)
9883	1	생물의 한 종
9884	1	생물의 한 종
9885	1	(경제) 카르텔
9886	1	프롤레타리아 혁명
9887	1	부르주아 혁명
9888	1	스턴트맨
9889	1	(주로 영화·텔레비전·연극) 출연료, 사례금
9890	1	(옛) 킬로미터
9891	1	화자보다 나이 많고 부모 세대로 여기는 사람들을 가리키는 말
9892	1	산업 4.0
9893	1	협주곡
9894	1	스위치 (다른 꼴)
9895	1	(삼각법) 코사인
9896	1	(삼각법) 코탄젠트
9897	1	뿌리 (다른 꼴)
9898	1	컨소시엄 (다른 꼴)
9899	1	(공산주의, 레닌주의, 경제, 사업, 자본주의) 컨소시엄
9900	1	캥거루
9901	1	(북중부) 마당
9902	1	서류 가방
9903	1	(북중부) 부은
9904	1	(북중부) 무궁화류
9905	1	생물의 한 종
9906	1	생물의 한 종
9907	1	생물의 한 종
9908	1	(요리) 커틀릿
9909	1	렌치, 스패너
9910	1	(인터넷 속어) 마음에 둔 사람, 짝사랑 상대
9911	1	스프래틀리 군도의 환초인 노스데인저 암초
9912	1	스프래틀리 군도의 환초인 티투 암초
9913	1	스프래틀리 군도의 환초인 로아이타 뱅크
9914	1	스프래틀리 군도의 환초인 티자드 뱅크
9915	1	스프래틀리 군도의 환초인 유니언 뱅크스
9916	1	-
9917	1	생물의 한 종
9918	1	(비디오 게임, 속어) 피해
9919	1	민물게 (다른 꼴)
9920	1	(남부) 요구르트
9921	1	(비격식) 토론하다, 논쟁하다, 특히 공개 석상에서
9922	1	데뷔하다
9923	1	다름슈타튬
9924	1	데시미터
9925	1	(옛) 항불 전쟁 때 프랑스 점령 지역으로 넘어가다
9926	1	(옛) 군 기지, 야영지
9927	1	(예스러움, 문어) 물길, 넓은 큰 강
9928	1	-
9929	1	생물의 한 종
9930	1	샘 (다른 꼴)
9931	1	(하노이) 뒤쫓다, 따라가다 (다른 꼴)
9932	1	수심에 가장 가까운 어린 목재 부분
9933	1	(옛) 민주주의 (다른 꼴)
9934	1	아틀라스산맥
9935	1	쯔엉선산맥
9936	1	(하노이) 날카롭게 울부짖다, 꽉 끼다 (다른 꼴)
9937	1	(구어, 주로 교육) 영
9938	1	불을 피우다 (다른 꼴)
9939	1	남편 (다른 꼴)
9940	1	-
9941	1	(문장 첫머리) 존댓말로 수긍·확인하는 말
9942	1	생물의 한 종
9943	1	(예스러움) 하찮게 여기다, 얕보다
9944	1	가장자리 (다른 꼴)
9945	1	(예스러움) 망 보는 집
9946	1	예전 속에 속하던 여러 식물
9947	1	뽑다 (다른 꼴)
9948	1	(남부) 던져 버리다 (다른 꼴)
9949	1	(북중부, 비·바람이) 그치다
9950	1	(중부) 비웃다, 욕하다, 모욕하다, 꾸짖다
9951	1	(물리) 전자
9952	1	(기하) 타원
9953	1	(북중부) 형, 오빠
9954	1	(유기화합물) 에스터
9955	1	(유기화학) 에테인
9956	1	(생화학) 효소
9957	1	사회자, 진행자
9958	1	어븀
9959	1	아인슈타이늄
9960	1	(유기화학) 에틸렌
9961	1	(컴퓨터) 파일
9962	1	팬, 열렬한 애호가
9963	1	(물리) 패럿
9964	1	(속어) 과시하다, 뽐내다
9965	1	플루오린
9966	1	유로퓸
9967	1	플레로븀
9968	1	프랑슘
9969	1	페르뮴
9970	1	(미국) 다른 곳에서 먹을 음식을 파는 식당
9971	1	카메라를 단 드론
9972	1	지퍼 (다른 꼴)
9973	1	(화학) 플루오린화물
9974	1	(비디오 게임) 비디오 게임 (다른 꼴)
9975	1	갈륨
9976	1	(비격식) 여자에게 정중하고 신사다운
9977	1	케이크
9978	1	저마늄
9979	1	가돌리늄
9980	1	기타
9981	1	(자전거) 핸들
9982	1	(예스러움) 조심하는, 신중한
9983	1	조끼
9984	1	(예스러움) 가르다, 나누다
9985	1	사내, 남자 (다른 꼴)
9986	1	(중부, 옛) 내려놓다
9987	1	(옛) 열매 (다른 꼴)
9988	1	-
9989	1	특정 속에 속하는 몇몇 종
9990	1	햄
9991	1	(하노이) 빛나다 (다른 꼴)
9992	1	(손가락으로) 문지르다
9993	1	해치
9994	1	잠이나 꿈을 세는 말
9995	1	조 종이
9996	1	(옷, 옛) 재킷
9997	1	(음악) 고전 5음 음계의 셋째 음
9998	1	시간 (다른 꼴)
9999	1	(생화학) 포도당
10000	1	기타 (다른 꼴)
10001	1	생물의 한 종
10002	1	식료품 저장실
10003	1	(자전거) 흙받이
10004	1	(자전거) 체인 덮개
10005	1	(북중부, 옛) 보내다, 맡기다 (다른 꼴)
10006	1	덩굴지는 떨기나무의 하나
10007	1	(드묾) 조상
10008	1	질그릇 단지
10009	1	(후에) 얼음, 마시거나 식히려 쓰는 얼음
10010	1	하프늄
10011	1	현 (다른 꼴)
10012	1	헬륨
10013	1	하슘
10014	1	또는, 아니면 (의문문에서 다른 선택지를 나타냄)
10015	1	(코가) 좁은
10016	1	수소 (화학 원소)
10017	1	-
10018	1	수소 (다른 꼴)
10019	1	(유기화학) 탄화수소
10020	1	(화학) 수산화물
10021	1	홀뮴
10022	1	황달
10023	1	움푹 들어간
10024	1	(기하) 쌍곡선
10025	1	헤로인
10026	1	헥타르 (면적 단위)
10027	1	햄버거
10028	1	반합
10029	1	외향성
10030	1	내향성
10031	1	외향성
10032	1	내향성
10033	1	미끄러지다
10034	1	(중부, 남부) 문장 끝에 붙는 물음 조사
10035	1	(생물) 한 과
10036	1	해변 양배추 (식물)
10037	1	(속어, 신조어) 인스타그램
10038	1	(비격식) 정보
10039	1	(비격식, 속어) 정보
10040	1	칼륨
10041	1	카키 (다른 꼴)
10042	1	줄 (에너지 단위)
10043	1	인듐
10044	1	이리듐
10045	1	켈빈
10046	1	(구어, 드묾) 훈육하려고 때리거나 꾸짖다, 대개 아이를
10047	1	생물의 한 속
10048	1	(옛, 돼지 장수 은어) 아홉
10049	1	뚜껑 있는 아가리 넓은 큰 항아리
10050	1	둑, 제방
10051	1	흠집, 홈, 벤 자국
10052	1	불쾌한 냄새가 나는
10053	1	(의성어, 원숭이) 외치는 소리
10054	1	(중부) 두드리다 (다른 꼴)
10055	1	(옛, 중남부) 원숭이
10056	1	(옥수수) 껍질을 까다
10057	1	(드묾, 중부·남부) 갉다, 야금야금 먹다
10058	1	(옛) 동의하다, 받아들이다, 승낙하다
10059	1	키오스크
10060	1	킬로그램
10061	1	킬로미터 (다른 꼴)
10062	1	킬로미터 (다른 꼴)
10063	1	킬로미터
10064	1	킬로그램 (다른 꼴)
10065	1	킬로와트
10066	1	(옷) 기모노
10067	1	생물의 한 종
10068	1	경락
10069	1	한 사람의 여러 직책을 이어 주는 말, 겸하여
10070	1	생물의 한 종
10071	1	코알라
10072	1	크립톤
10073	1	없는, 아닌 (다른 꼴)
10074	1	(우스개, 청소년 속어, 인터넷 속어) 귀여운
10075	1	캥거루
10076	1	생물의 한 종
10077	1	(방언) 호랑이
10078	1	(후에, 옛) 세면대
10079	1	(장식된) 천장
10080	1	프랑스 요리 라구의 베트남식, 닭·감자·당근이 들어가고 국물 많아 바게트와 곁들임
10081	1	란타넘
10082	1	레즈비언
10083	1	린치
10084	1	리튬
10085	1	리버모륨
10086	1	린치 (다른 꼴)
10087	1	생물의 한 종
10088	1	(옛) 단련하다 (다른 꼴)
10089	1	주먹으로 치다 (다른 꼴)
10090	1	로런슘
10091	1	퍼지다
10092	1	(일부 합성어에서, 옛) 압도적인, 넘쳐나는
10093	1	루테튬
