33737	경영 관리를 모델로 만듦
33753	눈먼 고양이가 튀긴 생선을 잡음 — 능력 없는 이가 운 좋게 성공함
34305	(종교) 하느님 · 상제 — 만물을 만든 신
34312	흰 눈
34314	자작나무
34316	발레
34317	(서경) 임금이 나라를 바로잡아 천지가 평온해짐
34318	평정하다
34319	(속어) 건방지고 얄밉다
34321	전갈
34325	격언
34326	균형이 잡혀 어울리다
34328	화려하고 찬란한 모습
34331	사회에 끼친 공로와 은덕
34334	도둑
34343	황제
34344	부추
34345	해양 · 바다
34347	(절인 오이·가지가) 상해 맛이 쏘고 냄새가 약간 독하다
34348	더럽고 꾀죄죄하다
34351	자기 자신
34353	(널평상을 받치는) 작고 긴 걸상
34356	밝다 · 총명하고 분명하다
34359	물귀신
34362	남쪽 하늘의 별 하나
34363	(북부 평야 지방) 물소와 소의 잡종
34366	병원
34367	중심 기둥이 없는 작은 집
34375	부활하다
34377	부흥하다
34378	부귀
34379	(옛) 제자가 스승을 높여 부르는 말
34381	자기 나라 말
34385	(말이 질주하듯) 매우 빠르고 거세다
34387	신으로 받들어지다
34388	사자
34390	괴뢰 정권
34392	1월
34402	석탄
34403	섣달(음력 12월)
34404	정월(음력 1월)
34405	바다로 곧장 흘러드는 큰 강
34407	쌍둥이를 낳다
34408	중탕으로 푹 찌다
34409	평온하여 난리가 없다
34410	잎이 두껍고 흰색·붉은색 꽃이 피는 나무(산다화)
34411	산양
34416	유리
34418	백조
34419	(해부) 엽 — 장기의 각 부분
34421	월요일
34422	토요일
34423	(옛) 임금의 몸을 높여 부르는 말
34426	화요일
34427	팔미라야자
34429	지극히 성스러운 상태
34430	중심 되는 땅(신주)
34432	농사를 맡은 신(신농)
34434	아주 조금
34436	남이 더 많은 이익을 얻은 것을 시샘하다
34440	해마다 하는, 연례의
34445	수요일
34446	금요일
34447	목요일
34448	길고 튼튼한 성벽 · 장성
34450	(미신) 새해 좋은 시각에 처음 길을 나서다
34451	사수
34452	문체 · 필치
34453	문학
34454	멀다
34455	작다 · 미세하다
끝
