364	1	나는 보증을 받아 외국으로 건너가 살게 되었다.
365	1	방부제
365	2	건조한 곳에 보관하세요
366	1	보수당
367	1	목숨을 보전하다
368	1	자연을 보존하다
368	2	민족 고유의 정체성을 보존하다
369	1	바이 답 오빠만큼 아끼는 사람이 없네, 그이가 돼지를 잡으면 우리는 염통과 콩팥을 먹는다네.
370	1	여기를 클릭하세요.
370	2	파란 상자를 클릭하세요.
371	1	x
372	1	정신이 계속 어지러운데 어떻게 마음 편히 일할 수 있겠어!
373	1	무례함.
373	2	불법.
374	1	영어에서 사슴이나 양을 뜻하는 낱말 같은 것은 불변 명사이다.
375	1	그녀는 몹시 분개했다.
375	2	그 일은 여론의 분노를 샀다.
376	1	부주의
377	1	불량한 무리
378	1	민족의 불굴의 투쟁 전통을 발전시키다
379	1	밤낮을 가리지 않고
380	1	그런 말을 입 밖에 내는 것은 참 차마 못 할 일이다
380	2	고아 아이의 처지를 보고 측은함을 느끼다
381	1	불문율
382	1	임시 회의를 열다
383	1	반신불수.
384	1	불성실 선거인단원
385	1	불신임 투표
386	1	불길한 조짐.
387	1	굳이 참고 굴복할 필요 없이, 한번 들고일어나는 편이 더 낫다.
388	1	끝없는 들판
389	1	갑자기 죽다
390	1	마지못해 영웅이 된 사람
390	2	어쩔 수 없을 때에만 내가 그렇게 하는 거야.
391	1	급사하다
391	2	해님께 맹세해요. 제가 거짓말이면 해가 지는 순간 급사할 거예요.
392	1	의견이 엇갈리다
392	2	언어가 달라 소통이 안 되다
393	1	재정 불안정 상태
394	1	새가 하늘 위를 맴돈다.
394	2	우리는 같은 공기를 마시고 싶지 않았다.
395	1	선거
396	1	타원형 집무실
397	1	술과 시
398	1	폐하께 아뢰옵니다,...
399	1	한 분의 성인
399	2	9의 제곱근은 3이다.
400	1	그 애 때문에 마음 쓰지 마.
400	2	생각하면 할수록 마음만 무거워진다.
401	1	부디 신경 쓰지 마세요.
402	1	통나무가 강 위에 둥둥 떠내려간다
402	2	배 반쪽에 풍파가 일고 헛되이 출렁이네.
403	1	그것은 또 다른 문제를 부각시킨다
403	2	너 내 말을 거역할 셈이야, 이 자식아?
404	1	무성 유기 양순 파열음
404	2	중세 베트남어에는 유기음이 세 개 있었는데, 그중 ㅌ 소리 하나만 모든 방언에 온전히 보존되어 있다.
405	1	비밀을 털어놓다
406	1	냄비를 불에서 내리다
406	2	의자를 탁자 위에 올려놓다
407	1	통킹 만
408	1	북극성.
408	2	북극 지방의 기후.
409	1	북극 한대 지역에 사는 흰곰 종.
410	1	북속 시대
411	1	북유럽 신화
412	1	북두성군
412	2	북두칠성
413	1	그는 영어를 술술 구사한다.
414	1	구름가의 기러기를 쏘려는 뜻을 품었네
415	1	배추
416	1	운동을 한 덕분에 허벅지 근육이 탄탄해졌다.
417	1	그 경제는 아직 이웃 나라들을 따라잡지 못했다.
418	1	지금부터 시작하여
419	1	각 에이는 각 비와 크기가 같다.
419	2	벽돌로 된 벽
420	1	반박할 수 없는 증거를 제시하다
421	1	자료에 근거하여 그것을 단언할 수 있다.
422	1	벗 사이의 의리와 충정을 지닌 이, 매화꽃을 보다 문득 누군가를 가엾이 여기는 정이 일었네. (『이도매』, 작자 미상)
423	1	두 자매는 키가 같다.
423	2	똑같은 두 몫으로 나누다.
424	1	믿음으로 병을 고치다
424	2	믿음만으로 물건을 사서는 안 된다.
425	1	그는 쇳물 정련 방법에 대한 특허를 받았다.
426	1	입술을 깨물고 울음을 참다
426	2	자전거를 처음 배울 때 나는 늘 주먹을 꽉 쥐고 핸들을 단단히 잡았다.
427	1	그는 집을 나가 몇 해 동안 소식이 완전히 끊겼는데, 지난주에 아무 일 없었다는 듯 불쑥 집에 얼굴을 내밀었다.
428	1	공기가 다 빠져 공이 납작해졌다.
429	1	머리가 납작한 메기
430	1	낫 놓고 기역 자도 모르다
430	2	음표 하나도 읽을 줄 모르다
431	1	그 프로그램은 잠금이 풀려 불법 복제되었다.
432	1	저 청년은 말솜씨가 아주 좋다.
433	1	돈을 빌리려다 거절당해 몹시 민망하다.
434	1	교착 상태
435	1	냐롱 부두
435	2	미엔동 버스 터미널
436	1	덧없는 세상 몸을 생각하니 아프네. 고해의 물거품이 미혹의 나루 어귀로 흘러드네.
437	1	벤탄 시장
438	1	나루터에 내려서자 마음이 더욱 아쉽다.
439	1	음, 나는 부엌일은 잘 몰라.
440	1	옷에 세탁 가루가 엉겨 붙었어.
441	1	표면만 한 번 훑어보아서는 정보를 흡수할 수 없다.
442	1	이렇게 웅장한 집을 가졌다면 분명 부지런히 일했을 거야.
443	1	충성스러운 신하.
444	1	여러분 모두 건강하시고 굳건하며 끈기 있으시기를 바랍니다!
445	1	물 위에 둥실, 구름 가에 아득히
446	1	풀무를 당겨 화덕에 바람을 불다
447	1	관료주의는 고질적인 병폐이다.
448	1	x
448	2	병든 사람을 돕다
449	1	바닥에 털썩 앉아 커피를 즐기다
450	1	아이가 몸이 늘어지고 건강하지 않다.
451	1	네가 누구보다 낫다고 남을 깔보니?
452	1	석산을 심다.
452	2	임께서는 모두가 함께 피안에 건너 선한 인연으로 몸을 씻기를 바라셨기 때문이다.
453	1	그는 외국어는 아주 잘하지만 수학은 약한데, 이것저것 다 가질 수 없는 법이니 이상할 것도 없다.
454	1	비열하고 썩어 빠진
455	1	뇌졸중에 걸리다
456	1	피고인은 자신의 죄를 몹시 뉘우치고 있습니다.
457	1	그는 팔에 부상을 입었다.
457	2	폭탄이 터져 많은 사람이 죽고 다쳤다.
458	1	너는 정말 밥벌레야! 아무 쓸모가 없어!
459	1	피고는 법원에 자술서를 제출할 의무가 있다.
460	1	동사의 피동형
461	1	사기꾼 같은 수법
461	2	사기꾼 같은 사람
462	1	귀와 코를 막다
463	1	독가스가 응우산의 구름을 빈틈없이 덮었네.
464	1	눈을 가린 포로를 배에 태우다
464	2	이 정도 일은 눈을 가리고도 할 수 있다.
465	1	전갈에 물리면 건강에 심각한 영향을 줄 수 있다.
466	1	럼과 그 일행
466	2	훙과 그 일행
467	1	흐물흐물해진 고기 조각.
468	1	대부
468	2	담배를 끊다
469	1	마지막 라운드를 앞두고 참가자 두 명이 기권했다.
470	1	논밭이 버려져 있다.
471	1	x
471	2	x
472	1	이 문제는 아직 열려 있다.
473	1	포켓 사전
474	1	뭐가 그렇게 화나서 불쑥 가 버리는 거야?
475	1	화가 난 승객이 떠나 버렸다.
475	2	몇 가지를 버리는 것이 나 자신을 찾아가는 길이다.
476	1	…외할머니라면 머리는 희고 등은 굽고, 구장 잎을 오물오물 씹고 계셔야 한다.
477	1	버릇없이 말하다.
478	1	내가 누군지 알아, 이 녀석아?
478	2	내가 하고 싶으면 하는 거야, 네가 나한테 뭘 할 수 있는데?
479	1	아, 그냥 좀 해!
479	2	그 못된 놈이 그걸 망가뜨려 놨어!
480	1	짐을 자동차에 싣다
480	2	태풍이 지붕을 통째로 날려 버렸다.
481	1	계에서 목돈을 타서 아이폰 텐을 샀다.
482	1	이야기는 현대를 배경으로 펼쳐진다.
483	1	동서양 갖가지 의학
484	1	이베리아 반도
484	2	곡식을 광에 붓다.
485	1	보보라는 약재.
486	1	무환자나무
486	2	서로 아끼면 마름도 둥글게 보이고, 서로 미워하면 무환자 열매도 모나 보인다.
487	1	보응옷 잎으로 국을 끓이다.
488	1	참외밭을 지키는 허수아비.
489	1	보살처럼 자비로운
489	2	관세음보살.
490	1	손해를 배상하다
491	1	배심원단
491	2	배심원
492	1	배심원단이 죄목에 대해 최종 결정을 내린다.
492	2	미국에서는 배심원단이 형사 사건에서 중요한 역할을 한다.
493	1	후에의 남교 제단 제례에서 제사를 돕는 관리들
494	1	신뢰를 쌓다
495	1	젊은 시절에는 혈기가 앞서 실수하기 쉽다.
496	1	가구별로 분담하다.
496	2	인구수별로 분담하다.
497	1	이 도련님
497	2	이 아가씨
498	1	본사 석가모니불께 귀의합니다.
499	1	국방부
499	2	걸어서 학교에 가다
500	1	지휘부의 명령에 따라 전진하다.
501	1	2015년 형법은 2018년 1월 1일부터 효력이 발생했다.
502	1	국가 기구
503	1	교육훈련부 장관
504	1	군구 사령부.
504	2	방공 사령부.
505	1	늙은 거지는 그야말로 걸어 다니는 해골이다.
506	1	비범한 두뇌
507	1	업무용 정장
508	1	군대에 가다
509	1	재능을 드러내기 시작하다
510	1	...에서 기근이 발생했다.
511	1	성인께서 많은 복록을 내려 주신다.
512	1	벌집, 뱀굴.
512	2	나무 구멍 속에 새 둥지가 있다.
513	1	여러분, 강도예요!
514	1	닭이 헤집은 듯한 글씨
514	2	머리를 틀어 올리고 사각 수건을 두르다
515	1	비가 잦아들었다.
515	2	시끄러움이 덜하도록 문을 닫아.
516	1	끝이 없는
517	1	영토를 넓히다.
517	2	영토를 침범하다.
518	1	둑 위에 올라 바람을 쐬다.
519	1	피부가 허옇게 희다.
520	1	아난이 자리에서 일어난다.
520	2	남편이 도박을 해서 마음에 사랑이 없다.
521	1	부모님이 가난하신 까닭에 나는 부평초를 썰고 고구마를 썰어야 했네.
522	1	아기의 손목이 통통하다
523	1	뼈 빠지게 일해야 겨우 먹고살지, 안 그래?
524	1	집 뒤편의 덤불들.
525	1	맑은 거울에는 티끌 하나 없네.
526	1	집을 나와 거리를 떠돌다
526	2	거리를 떠도는 아이들
527	1	쇠고기 양지 한 조각.
528	1	부트 할아버지가 불쑥 나타나 "얘야, 왜 우니?" 하고 물었다.
529	1	돈 걱정에 둘러싸이다
530	1	날이 후텁지근한 걸 보니 곧 비가 오려나 보다.
531	1	강요당해 일하게 되다
532	1	태양 복사
533	1	아무 데나 놓아 둬.
534	1	이렇게 더럽게 살면서도 사람이라고 할 수 있어?
535	1	얘들아, 오늘 어디 가지?
536	1	오늘은 비가 오는 날이다.
536	2	너 오늘 왜 계속 토라져 있니?
537	1	전화 부스.
537	2	자동차 운전실 수리.
538	1	코코아를 몇 냥 사다.
538	2	우유를 넣은 코코아를 마시다.
539	1	삐딱하게 쓴 모자.
540	1	24금
541	1	그녀가 말하되, 유리처럼 부서질 걸음을 내디뎌야 하나, 미천한 몸은 작은 첩 자리도 달게 받겠나이다.
542	1	어려울 때 친구를 기꺼이 버리다.
543	1	음력은 간지로 계산한다.
543	2	술병도 있고 벗도 있는데 무슨 서러움이 있으랴.
544	1	휴대전화 전파를 방해하다.
545	1	살인 강도죄를 저지른 범인.
546	1	정부가 회사를 구하기 위해 개입했다.
547	1	명주실 날줄과 베 씨줄
548	1	깊은 밤 잠 못 이루다.
549	1	도둑을 지켜보다
549	2	어제 싼 물건을 건지려고 일찍 간다고 갔는데 도착하니 벌써 사람이 바글바글했다.
550	1	호랑이뼈 고
550	2	고층 건물
551	1	높으신 존함은 오래전부터 들어 왔는데 이제야 뵙습니다.
552	1	고약을 조제하다.
552	2	두통을 치료하는 데 고약을 쓴다.
553	1	식견이 뛰어난 분
553	2	참으로 훌륭한 생각이다!
554	1	적을 속이는 것은 항전에서의 뛰어난 계략이다.
555	1	하늘 높이 솟은 산
555	2	높다란 천장
556	1	도사의 말이 고상하게 들리지만 결국은 사기일 뿐이다.
557	1	그분은 젊어서부터 쌓아 온 깊은 지식 바탕이 있다.
558	1	고압 전선
559	1	고층 건물.
559	2	고층 아파트 단지.
560	1	고압 램프.
560	2	보일러 속 증기의 고압.
561	1	지도를 그리기 위해 고도 측량을 하다.
562	1	고결한 유학자.
563	1	전문대에 다니다
563	2	전문학사 학위
564	1	고매하고 아름다운 삶의 이상을 지니다
565	1	극도로 노력하다
565	2	깊은 증오
566	1	곧게 늘어선 왕빈랑나무 줄.
567	1	매운맛이 있다
567	2	후추 같은 매운 냄새가 나다
568	1	쓰라린 실패.
569	1	쓰라린 인생
570	1	그만 좀 해, 이 사람아!
571	1	뭐 하는 거야, 이 사람아?
572	1	손에 굳은살이 박이다
572	2	배터리가 수명이 다했다
573	1	자연과 화목하게 어우러져 살다
574	1	한낮에 해가 쨍쨍 내리쬔다.
575	1	채식 소고기 국수
575	2	채식 튀김 춘권
576	1	하늘이 우리를 지켜 준다.
577	1	시야를 가리다
578	1	긴 머리카락이 목덜미를 덮었다.
578	2	먹구름이 하늘을 뒤덮었다.
579	1	산림 피복률
579	2	숲 바닥은 마른 낙엽 층으로 덮여 있다.
580	1	탑승 수속 카운터
580	2	항공권을 온라인으로 탑승 수속하는 방법
581	1	아침 일찍 가게가 막 문을 열었는데 손님들이 엄청 북적인다.
582	1	그들은 마을에 혼인 예를 제대로 치르고 결혼했다.
583	1	그럴 필요 있나.
583	2	수입은 늘리고 지출은 줄이다
584	1	부돕 지구대.
585	1	이 규정은 기업에 몇 가지 어려움과 비용을 발생시킨다.
586	1	미국이 만든 막대한 무기고의 세부 내용이 아프가니스탄에서 탈레반 손에 넘어갔다.
587	1	~로 나누어떨어지다
588	1	조의
588	2	누구에게 조의를 표하다
589	1	분배가 고르지 않아 서로 다투다.
589	2	번 돈을 나눠 갖다.
590	1	곧 시험인데 넌 어쩜 그렇게 느긋해?
591	1	비가 그치자 하늘이 맑아지고 새들이 지저귀었다.
592	1	깊고 엄한 문, 높은 담 닫혀 있고, 붉은 낙엽 흐르던 물은 말랐고 파랑새의 길도 끊겼네.
593	1	큰 발
594	1	시코쿠 정벌
594	2	알렉산드로스 대왕의 정복 전쟁들
595	1	정부음 (시)
596	1	몽골이 서하를 정복하다
596	2	로마의 히스파니아 정복
597	1	저지대의 들판.
598	1	사당에서 참배하다.
599	1	민중을 회유하다.
600	1	판촉 믹스
601	1	상아 빗
601	2	그는 오토바이가 두 대 있다.
602	1	님은 돌아와 오경 내내 외로운 그림자 하나.
602	2	계수나무 궁전에서 말없이 외로운 그림자.
603	1	문화 도용
604	1	전쟁을 일으키려는 음모.
604	2	싸움판에 뛰어들다.
605	1	집을 떠나 전투복을 걸치고
606	1	디엔비엔푸 전역
606	2	에이치아이브이·에이즈 예방 캠페인
607	1	참호 급습
608	1	전략적 안목
609	1	군사 전략의 천재.
610	1	영광스러운 전사 훈장
611	1	판매 전술
612	1	냉전
612	2	국지전
613	1	전장에 홀로 있어도 여전히 전사 (소설)
614	1	고대 중국 역사 속의 전차
615	1	굴절률이 클수록 빛이 더 많이 굴절된다.
616	1	글자를 파자하는 방식으로 낱말 뜻을 풀이하면 오류를 피하기 어렵다.
617	1	천도 조서
617	2	평행 투영
618	1	참파 정벌 조서
619	1	3차원 공간
619	2	에이에서 비 방향을 따라
620	1	작은 키
621	1	직사각형의 둘레는 가로와 세로의 합의 두 배이다.
622	1	깊이 우선 탐색
623	1	해 질 녘은 젊은 시절이 그리워지게 하는 때다.
624	1	법에 따라 시행하다.
625	1	내가 할게요!
625	2	내가 해 줄게!
626	1	아무렇게나 해 버리고 끝내자!
626	2	그냥 확 집어치워 버려!
627	1	놀고 싶으면 실컷 놀아.
628	1	아이들은 매일 밤 등잔불을 켜 놓고 공부를 해야 했다.
629	1	몸을 날려 공을 잡으려고 손을 뻗다
630	1	끈이 끊어져 임시로 둘러 묶고, 인연이 어긋나 아가씨는 잠시 아이를 얻었네.
631	1	현장에서는 트럭이 옆으로 뒤집혀 완전히 타 버린 채 일에이 국도 한 차선을 차지하고 있었다.
632	1	아이고, 엄마야!
633	1	순환 (그래프 이론)
634	1	원의 둘레
634	2	정사각형의 둘레
635	1	신맛 나는 절임 채소
635	2	신 음식을 즐겨 먹다
636	1	괄호 안에 뜻풀이를 달아 두다.
637	1	그 때문에 그분은 수치스럽고 쓰라렸다.
637	2	양도나무에 한나절 올라가 있나니, 누가 이 마음을 쓰라리게 했느냐, 양도야. (민요)
638	1	ㄹ 소리를 낼 때 입안에서 혀를 흔들리게 두는 것에 대한 우리 북부 사람들의 관념이 어쩐지 희미한 듯하지요?
639	1	정절을 지키는 아내
639	2	일부일처로 한결같이 살다
640	1	무기징역
641	1	그리고 나는 그저 성실한 학생일 뿐이에요.
642	1	너 정말 형편없구나, 알아?
642	2	이 녀석은 늘 다 망쳐 놓는다.
643	1	경제 전문지.
644	1	성교육 전문 과목
645	1	원숭이가 이 가지에서 저 가지로 건너뛴다.
646	1	고향으로 이사 가다
646	2	근무지를 옮기다
647	1	두 정권 사이의 권력 이양
648	1	혁명 운동의 큰 방향 전환을 알렸다.
648	2	우리 두 사단은 재빨리 방향을 전환하라는 명령을 받았다.
649	1	특급 배송
649	2	배달 서비스
650	1	영화로 각색하다
651	1	무기를 운반하다.
652	1	옛이야기
652	2	남의 일
653	1	화내지 마, 일은 닥치는 대로 처리하면 돼.
654	1	고양이 목에 방울 달기
654	2	누구를 위하여 종은 울리나
655	1	이 음식 정말 맛있다, 어머니가 해 주신 밥 그대로야.
656	1	준제 보살/준제불모
657	1	어제 술김에 그만 고백해 버렸어. 너무 쪽팔려!
657	2	걔는 카드 마술을 하려다 카드를 옷 속에 숨겨 넣는 걸 잊어버려서, 무대에 올라가서는 완전 민망한 꼴이 됐다!
658	1	잠자리가 낮게 날면 비가 오고, 높이 날면 맑고, 중간쯤 날면 흐리다.
659	1	연승 행진
660	1	공을 세워 죄를 갚다. (속담)
661	1	친유대주의
662	1	무선 마우스
663	1	범죄로 손을 더럽히다
663	2	빨강, 주황, 노랑, 초록, 파랑, 남색, 보라
664	1	왕자님
664	2	후예가 태양을 쏘아 떨어뜨린 이야기
665	1	벌어진 다리로 걷다
666	1	지나는 예쁘지는 않지만 은근한 매력이 있어서 좋아하는 남자들이 많다.
667	1	작별 인사를 하다
667	2	여러분, 안녕하세요/안녕히 계세요!
668	1	국제 축구 경기는 흔히 국기 경례 의식으로 시작한다.
668	2	남학생은 평상복을 입어도 되지만, 여학생은 월요 조회 날에는 아오자이를 입어야 한다.
669	1	그만, 내가 졌어요.
670	1	아기가 태어나다
671	1	너 살기 싫어졌니?
672	1	당신은 직장에서 따분한 사람인가요?
673	1	당 중앙사무처장
674	1	무상정등정각.
675	1	부처님의 바른 법을 배우다.
676	1	이게 무슨 밥이 죽처럼 질척해!
676	2	결단성 없이 일하면 결국 아무것도 이루지 못한다.
677	1	콩죽 가게.
678	1	쌀국수는 짠데 값은 비싸지만, 하 씨 아주머니는 하루에 200그릇이나 판다.
679	1	전구가 나갔다.
679	2	이 음악 꽤 끝내주네!
680	1	보온병을 채우다
680	2	담배에 불을 붙이다
681	1	가치 있는 격언이 많다.
682	1	진선미
682	2	다리가 겨드랑이까지 오도록 길다.
683	1	그 애가 계속 착실하게만 했어도 이 지경은 아니었을 텐데.
684	1	각 지방에 상품 공급처를 조직하다.
685	1	맨발로 걷다
686	1	절지동물문
687	1	진리를 말할 때는 현재 시제를 쓴다. 예를 들어 "물은 섭씨 100도에서 끓는다."
688	1	양쪽 눈썹
689	1	범인의 정체를 폭로하다
690	1	맨발로 걷다
690	2	맨발 축구팀
691	1	쌀은 진주처럼 귀하고 땔감은 계수나무처럼 귀하다. (속담)
691	2	그들은 머리를 맞대고 사진첩을 보았다.
692	1	우스워라 메뚜기가 수레를 걷어차네, 메뚜기가 쓰러질 줄 알았더니 수레가 기울 줄 누가 알았으랴.
693	1	우스워라 메뚜기가 수레를 걷어차네, 메뚜기가 쓰러질 줄 알았더니 수레가 기울 줄 누가 알았으랴.
694	1	바가지를 쓰다
695	1	저 녀석은 허풍 떠는 것만 잘한다.
696	1	"나는 가난하고 직업도 없어. 하지만 네가 싫지 않다면…" — "싫어!"
697	1	용감한 납 병정
698	1	성공의 열쇠
699	1	뜻이 있으면 이룬다.
699	2	머릿니가 있으면 긁는다.
700	1	중국 인민지원군
701	1	당신 말씀이 아주 옳습니다.
702	1	애국지사
703	1	판보이쩌우는 애국지사였다.
704	1	이것은 선의가 결여된 정보로, 베트남의 방역 노력을 부정하는 것이다.
705	1	북회귀선
705	2	남회귀선
706	1	지독히 악독한 여자.
