# 단어	한자·외래어 뿌리를 안 붙인 까닭 (원문을 보고 판정)
trung	사람 이름(Trung) — 어느 한자인지 알 수 없음. 앱 뜻도 깨져 있음
hấp	위키가 "翕?" 로 어원을 묻는 중 — 확정 아님
tháo	"a form of 敨" — 표준 한자음도 없고 모호
cạn	원시 비엣어에서 물려받은 고유어(그 이전 옛 중국어 차용은 아주 오래전 일)
mẫu đơn	앱 뜻(신청서 양식)과 위키 한자 牡丹(모란)이 다른 낱말
thường thức	앱 뜻(맛보다)은 thưởng thức(賞識)의 철자 잘못 — 常識과 뜻이 다름
hồ sơ	위키가 어원을 묻는 중(和?/核?/著+疏)
quyến rũ	위키가 "most likely" 로 적음 — 확정 아님
lạ	영어판 어원 미상, 베트남어판만 冷 — 확정 아님
huế	위키가 "Likely 化" 로 적음 — 확정 아님
đà nẵng	참어에서 왔다는 설(확정 아님)
nha trang	참어에서 왔다는 설(확정 아님)
đà lạt	지명 — 일부 음절만 코호어, 풀이가 복잡해 뺌
sa pa	지명 — 어원 불명
tôi	어원이 여럿 — 앱 뜻에 맞는 절이 고유어이거나 "?·아마" 로 확정 안 됨
tên	어원이 여럿 — 앱 뜻에 맞는 절이 고유어이거나 "?·아마" 로 확정 안 됨
sao	어원이 여럿 — 앱 뜻에 맞는 절이 고유어이거나 "?·아마" 로 확정 안 됨
viên	어원이 여럿 — 앱 뜻에 맞는 절이 고유어이거나 "?·아마" 로 확정 안 됨
chiều	어원이 여럿 — 앱 뜻에 맞는 절이 고유어이거나 "?·아마" 로 확정 안 됨
mai	어원이 여럿 — 앱 뜻에 맞는 절이 고유어이거나 "?·아마" 로 확정 안 됨
khi	어원이 여럿 — 앱 뜻에 맞는 절이 고유어이거나 "?·아마" 로 확정 안 됨
chiên	어원이 여럿 — 앱 뜻에 맞는 절이 고유어이거나 "?·아마" 로 확정 안 됨
tủ	어원이 여럿 — 앱 뜻에 맞는 절이 고유어이거나 "?·아마" 로 확정 안 됨
bài	어원이 여럿 — 앱 뜻에 맞는 절이 고유어이거나 "?·아마" 로 확정 안 됨
sổ	어원이 여럿 — 앱 뜻에 맞는 절이 고유어이거나 "?·아마" 로 확정 안 됨
trước	어원이 여럿 — 앱 뜻에 맞는 절이 고유어이거나 "?·아마" 로 확정 안 됨
hơi	어원이 여럿 — 앱 뜻에 맞는 절이 고유어이거나 "?·아마" 로 확정 안 됨
cả	어원이 여럿 — 앱 뜻에 맞는 절이 고유어이거나 "?·아마" 로 확정 안 됨
thì	어원이 여럿 — 앱 뜻에 맞는 절이 고유어이거나 "?·아마" 로 확정 안 됨
bán	어원이 여럿 — 앱 뜻에 맞는 절이 고유어이거나 "?·아마" 로 확정 안 됨
tốt	어원이 여럿 — 앱 뜻에 맞는 절이 고유어이거나 "?·아마" 로 확정 안 됨
chua	어원이 여럿 — 앱 뜻에 맞는 절이 고유어이거나 "?·아마" 로 확정 안 됨
bánh	어원이 여럿 — 앱 뜻에 맞는 절이 고유어이거나 "?·아마" 로 확정 안 됨
nho	어원이 여럿 — 앱 뜻에 맞는 절이 고유어이거나 "?·아마" 로 확정 안 됨
tỏi	어원이 여럿 — 앱 뜻에 맞는 절이 고유어이거나 "?·아마" 로 확정 안 됨
khám	어원이 여럿 — 앱 뜻에 맞는 절이 고유어이거나 "?·아마" 로 확정 안 됨
chân	어원이 여럿 — 앱 뜻에 맞는 절이 고유어이거나 "?·아마" 로 확정 안 됨
cần	어원이 여럿 — 앱 뜻에 맞는 절이 고유어이거나 "?·아마" 로 확정 안 됨
bố	어원이 여럿 — 앱 뜻에 맞는 절이 고유어이거나 "?·아마" 로 확정 안 됨
chồng	어원이 여럿 — 앱 뜻에 맞는 절이 고유어이거나 "?·아마" 로 확정 안 됨
bác	어원이 여럿 — 앱 뜻에 맞는 절이 고유어이거나 "?·아마" 로 확정 안 됨
ngã	어원이 여럿 — 앱 뜻에 맞는 절이 고유어이거나 "?·아마" 로 확정 안 됨
là	어원이 여럿 — 앱 뜻에 맞는 절이 고유어이거나 "?·아마" 로 확정 안 됨
mạt	어원이 여럿 — 앱 뜻에 맞는 절이 고유어이거나 "?·아마" 로 확정 안 됨
lừa	어원이 여럿 — 앱 뜻에 맞는 절이 고유어이거나 "?·아마" 로 확정 안 됨
kệ	어원이 여럿 — 앱 뜻에 맞는 절이 고유어이거나 "?·아마" 로 확정 안 됨
trắc	어원이 여럿 — 앱 뜻에 맞는 절이 고유어이거나 "?·아마" 로 확정 안 됨
sửa	어원이 여럿 — 앱 뜻에 맞는 절이 고유어이거나 "?·아마" 로 확정 안 됨
hành	어원이 여럿 — 앱 뜻에 맞는 절이 고유어이거나 "?·아마" 로 확정 안 됨
cong	어원이 여럿 — 앱 뜻에 맞는 절이 고유어이거나 "?·아마" 로 확정 안 됨
thế	어원이 여럿 — 앱 뜻에 맞는 절이 고유어이거나 "?·아마" 로 확정 안 됨
đảo	어원이 여럿 — 앱 뜻에 맞는 절이 고유어이거나 "?·아마" 로 확정 안 됨
giống	어원이 여럿 — 앱 뜻에 맞는 절이 고유어이거나 "?·아마" 로 확정 안 됨
tấn	어원이 여럿 — 앱 뜻에 맞는 절이 고유어이거나 "?·아마" 로 확정 안 됨
tạ	어원이 여럿 — 앱 뜻에 맞는 절이 고유어이거나 "?·아마" 로 확정 안 됨
sảnh	어원이 여럿 — 앱 뜻에 맞는 절이 고유어이거나 "?·아마" 로 확정 안 됨
thối	어원이 여럿 — 앱 뜻에 맞는 절이 고유어이거나 "?·아마" 로 확정 안 됨
ví	어원이 여럿 — 앱 뜻에 맞는 절이 고유어이거나 "?·아마" 로 확정 안 됨
bình	어원이 여럿 — 앱 뜻에 맞는 절이 고유어이거나 "?·아마" 로 확정 안 됨
cố	어원이 여럿 — 앱 뜻에 맞는 절이 고유어이거나 "?·아마" 로 확정 안 됨
cơ	어원이 여럿 — 앱 뜻에 맞는 절이 고유어이거나 "?·아마" 로 확정 안 됨
vịnh	어원이 여럿 — 앱 뜻에 맞는 절이 고유어이거나 "?·아마" 로 확정 안 됨
sấm	어원이 여럿 — 앱 뜻에 맞는 절이 고유어이거나 "?·아마" 로 확정 안 됨
ánh	어원이 여럿 — 앱 뜻에 맞는 절이 고유어이거나 "?·아마" 로 확정 안 됨
thị	어원이 여럿 — 앱 뜻에 맞는 절이 고유어이거나 "?·아마" 로 확정 안 됨
dĩa	어원이 여럿 — 앱 뜻에 맞는 절이 고유어이거나 "?·아마" 로 확정 안 됨
bí	어원이 여럿 — 앱 뜻에 맞는 절이 고유어이거나 "?·아마" 로 확정 안 됨
điếu	어원이 여럿 — 앱 뜻에 맞는 절이 고유어이거나 "?·아마" 로 확정 안 됨
song	어원이 여럿 — 앱 뜻에 맞는 절이 고유어이거나 "?·아마" 로 확정 안 됨
chầu	어원이 여럿 — 앱 뜻에 맞는 절이 고유어이거나 "?·아마" 로 확정 안 됨
giã	어원이 여럿 — 앱 뜻에 맞는 절이 고유어이거나 "?·아마" 로 확정 안 됨
khôn	어원이 여럿 — 앱 뜻에 맞는 절이 고유어이거나 "?·아마" 로 확정 안 됨
chào	위키가 "아마·?" 로 적음 — 확정 아님
đúng	위키가 "아마·?" 로 적음 — 확정 아님
chuyển khoản	위키가 "아마·?" 로 적음 — 확정 아님
lãi suất	위키가 "아마·?" 로 적음 — 확정 아님
đĩa	위키가 "아마·?" 로 적음 — 확정 아님
đèn	위키가 "아마·?" 로 적음 — 확정 아님
áo	위키가 "아마·?" 로 적음 — 확정 아님
mùa	위키가 "아마·?" 로 적음 — 확정 아님
kém	위키가 "아마·?" 로 적음 — 확정 아님
chấm	위키가 "아마·?" 로 적음 — 확정 아님
liên quan	위키가 "아마·?" 로 적음 — 확정 아님
dưa hấu	위키가 "아마·?" 로 적음 — 확정 아님
ghen	위키가 "아마·?" 로 적음 — 확정 아님
thợ	위키가 "아마·?" 로 적음 — 확정 아님
gi	글자 이름(자음 gi) — 어원 표시 대상 아님
la	앱 뜻(소리치다)은 고유어 절
co	앱 뜻(오그라들다)은 고유어 — 위키의 프랑스어 차용은 다른 뜻(몸매)
cò	앱 뜻(황새)은 고유어 절
cẩu	앱 뜻(크레인)은 cần cẩu 의 준말 — 위키의 狗(개)는 다른 뜻
thang	앱 뜻(사다리)은 고유어 절 — 湯은 다른 뜻(탕약)
nhãn	앱 뜻(라벨)은 어원 없음 — 眼은 다른 뜻(용안 열매)
hàng không đạt	불합격품 — hàng(물건)+không đạt(불합격). 구 안의 낱말 자동 판정이 hàng không(航空)으로 잘못 가름 (2026-10-09 오류 보고 점검)
