# 선배 한월어 엑셀에서 검산을 통과한 것 (tools/roots/excel_han.py, 2026-10-01). 칸은 한자_판정.tsv 와 같다
biến hình	變形	0				선배 한월어 엑셀 · 글자마다 한자음 검산
bộ đội	部隊	0				선배 한월어 엑셀 · 글자마다 한자음 검산
bưu phẩm	郵品	0				선배 한월어 엑셀 · 글자마다 한자음 검산
ca sĩ	歌士	0				선배 한월어 엑셀 · 글자마다 한자음 검산
cao áp	高壓	0				선배 한월어 엑셀 · 글자마다 한자음 검산
công ơn	公恩	0				선배 한월어 엑셀 · 글자마다 한자음 검산
đa diện	多面	0				선배 한월어 엑셀 · 글자마다 한자음 검산
đào	桃	0		복숭아		선배 한월어 엑셀 · 글자마다 한자음 검산
đạo	道	0		종교		선배 한월어 엑셀 · 글자마다 한자음 검산
đầu đề	頭題	0				선배 한월어 엑셀 · 글자마다 한자음 검산
đề mục	題目	0				선배 한월어 엑셀 · 글자마다 한자음 검산
đế quốc	帝國	0				선배 한월어 엑셀 · 글자마다 한자음 검산
điền viên	田園	0				선배 한월어 엑셀 · 글자마다 한자음 검산
đỉnh cao	頂高	0				선배 한월어 엑셀 · 글자마다 한자음 검산
định giá	定價	0				선배 한월어 엑셀 · 글자마다 한자음 검산
định lượng	定量	0				선배 한월어 엑셀 · 글자마다 한자음 검산
đồng bào	同胞	0				선배 한월어 엑셀 · 글자마다 한자음 검산
động não	動腦	0				선배 한월어 엑셀 · 글자마다 한자음 검산
đơn giản	單簡	0				선배 한월어 엑셀 · 글자마다 한자음 검산
đơn bào	單胞	0				선배 한월어 엑셀 · 글자마다 한자음 검산
gia tốc	加速	0				선배 한월어 엑셀 · 글자마다 한자음 검산
giao hàng	交行	0				선배 한월어 엑셀 · 글자마다 한자음 검산
hiệp lực	協力	0				선배 한월어 엑셀 · 글자마다 한자음 검산
hiệp thương	協商	0				선배 한월어 엑셀 · 글자마다 한자음 검산
hiệu quả	效果	0				선배 한월어 엑셀 · 글자마다 한자음 검산
hoa mỹ	花美	0				선배 한월어 엑셀 · 글자마다 한자음 검산
hoàn cảnh	環境	0				선배 한월어 엑셀 · 글자마다 한자음 검산
hổ	虎	0		호랑이		선배 한월어 엑셀 · 글자마다 한자음 검산
hồi đáp	回答	0				선배 한월어 엑셀 · 글자마다 한자음 검산
hỗn tạp	混雜	0				선배 한월어 엑셀 · 글자마다 한자음 검산
hỗn thực	混食	0				선배 한월어 엑셀 · 글자마다 한자음 검산
hồng phúc	洪福	0				선배 한월어 엑셀 · 글자마다 한자음 검산
hương thôn	鄉村	0				선배 한월어 엑셀 · 글자마다 한자음 검산
hưu dưỡng	休養	0				선배 한월어 엑셀 · 글자마다 한자음 검산
hữu cơ	有機	0				선배 한월어 엑셀 · 글자마다 한자음 검산
kết toán	結算	0				선배 한월어 엑셀 · 글자마다 한자음 검산
khách hàng	客行	0				선배 한월어 엑셀 · 글자마다 한자음 검산
kháng nghị	抗議	0				선배 한월어 엑셀 · 글자마다 한자음 검산
khí	氣	0		기운,공기		선배 한월어 엑셀 · 글자마다 한자음 검산
khoa trưởng	科長	0				선배 한월어 엑셀 · 글자마다 한자음 검산
khoa mục	科目	0				선배 한월어 엑셀 · 글자마다 한자음 검산
khoáng	礦	0		광물		선배 한월어 엑셀 · 글자마다 한자음 검산
kiến	建	0		세우다		선배 한월어 엑셀 · 글자마다 한자음 검산
kỹ thuật	技術	0				선배 한월어 엑셀 · 글자마다 한자음 검산
lãnh vực	領域	0				선배 한월어 엑셀 · 글자마다 한자음 검산
lễ tang	禮喪	0				선배 한월어 엑셀 · 글자마다 한자음 검산
lệnh	令	0		명령		선배 한월어 엑셀 · 글자마다 한자음 검산
luyện kim	練金	0				선배 한월어 엑셀 · 글자마다 한자음 검산
luyện binh	練兵	0				선배 한월어 엑셀 · 글자마다 한자음 검산
lý	理	0		이치,원리		선배 한월어 엑셀 · 글자마다 한자음 검산
miếu	廟	0		사당		선배 한월어 엑셀 · 글자마다 한자음 검산
mục	目	0		항목		선배 한월어 엑셀 · 글자마다 한자음 검산
mỹ quan	美觀	0				선배 한월어 엑셀 · 글자마다 한자음 검산
nam châm	南針	0				선배 한월어 엑셀 · 글자마다 한자음 검산
nghĩa vụ	義務	0				선배 한월어 엑셀 · 글자마다 한자음 검산
nguyên tử	原子	0				선배 한월어 엑셀 · 글자마다 한자음 검산
nhạc sĩ	樂士	0				선배 한월어 엑셀 · 글자마다 한자음 검산
nhật thực	日食	0				선배 한월어 엑셀 · 글자마다 한자음 검산
nhiệt	熱	0		뜨거움		선배 한월어 엑셀 · 글자마다 한자음 검산
nhiệt học	熱學	0				선배 한월어 엑셀 · 글자마다 한자음 검산
ôn tuyền	溫泉	0				선배 한월어 엑셀 · 글자마다 한자음 검산
phản	反	0		반대,거스르다		선배 한월어 엑셀 · 글자마다 한자음 검산
phản kích	反擊	0				선배 한월어 엑셀 · 글자마다 한자음 검산
pháp quy	法規	0				선배 한월어 엑셀 · 글자마다 한자음 검산
pháp viện	法院	0				선배 한월어 엑셀 · 글자마다 한자음 검산
pháp đình	法庭	0				선배 한월어 엑셀 · 글자마다 한자음 검산
pháp trị	法治	0				선배 한월어 엑셀 · 글자마다 한자음 검산
phân giải	分解	0				선배 한월어 엑셀 · 글자마다 한자음 검산
phân đoạn	分段	0				선배 한월어 엑셀 · 글자마다 한자음 검산
phân cảnh	分景	0				선배 한월어 엑셀 · 글자마다 한자음 검산
phi	非	0		아니다		선배 한월어 엑셀 · 글자마다 한자음 검산
phiên	番	0		차례,순번		선배 한월어 엑셀 · 글자마다 한자음 검산
phong	風	0		바람,풍조		선배 한월어 엑셀 · 글자마다 한자음 검산
phong quang	風光	0				선배 한월어 엑셀 · 글자마다 한자음 검산
phong thư	封書	0				선배 한월어 엑셀 · 글자마다 한자음 검산
phủ	府	0		관청,관아		선배 한월어 엑셀 · 글자마다 한자음 검산
phó bản	副本	0				선배 한월어 엑셀 · 글자마다 한자음 검산
phụ	父	0		아버지		선배 한월어 엑셀 · 글자마다 한자음 검산
phụ	婦	0		아내,부인		선배 한월어 엑셀 · 글자마다 한자음 검산
phụ nhân	婦人	0				선배 한월어 엑셀 · 글자마다 한자음 검산
phụ	附	0		붙다,부가하다		선배 한월어 엑셀 · 글자마다 한자음 검산
phương	方	0		방향,방법		선배 한월어 엑셀 · 글자마다 한자음 검산
phương án	方案	0				선배 한월어 엑셀 · 글자마다 한자음 검산
phương đông	方東	0				선배 한월어 엑셀 · 글자마다 한자음 검산
phương tây	方西	0				선배 한월어 엑셀 · 글자마다 한자음 검산
quả thực	果實	0				선배 한월어 엑셀 · 글자마다 한자음 검산
quan	關	0		관계,관문		선배 한월어 엑셀 · 글자마다 한자음 검산
quán thông	貫通	0				선배 한월어 엑셀 · 글자마다 한자음 검산
quản	管	0		관리하다,관할하다		선배 한월어 엑셀 · 글자마다 한자음 검산
quản đốc	管督	0				선배 한월어 엑셀 · 글자마다 한자음 검산
quản chế	管制	0				선배 한월어 엑셀 · 글자마다 한자음 검산
quản thúc	管束	0				선배 한월어 엑셀 · 글자마다 한자음 검산
quản hạt	管轄	0				선배 한월어 엑셀 · 글자마다 한자음 검산
mao quản	毛管	0				선배 한월어 엑셀 · 글자마다 한자음 검산
quản huyền	管絃	0				선배 한월어 엑셀 · 글자마다 한자음 검산
quang học	光學	0				선배 한월어 엑셀 · 글자마다 한자음 검산
quang điện	光電	0				선배 한월어 엑셀 · 글자마다 한자음 검산
phong quang	風光	0				선배 한월어 엑셀 · 글자마다 한자음 검산
dạ quang	夜光	0				선배 한월어 엑셀 · 글자마다 한자음 검산
