# 단어(소문자)	한자	옛 한자음(1)	표준 한자음(옛일 때)	뜻 조건(쉼표, 앱 뜻에 이 말이 있을 때만 · 비면 늘)	한자인 음절(일부일 때)	근거
ai cập	埃及	0				영어판 (대문자 항목 등 원문 확인)
an	安	0				영어판 vi-etym-sino · 베트남어판 한자음 목록 대조
an dưỡng	安養	0				영어판 vi-etym-sino, 표준 한자음
an ninh	安寧	0				영어판 vi-etym-sino, 표준 한자음
an toàn	安全	0				영어판 vi-etym-sino, 표준 한자음
anh	英	0		영국		영어판 (대문자 항목 등 원문 확인)
ban	班	0		부서		영어판 vi-etym-sino (검수 목록 밖 앱 낱말, 원문 확인)
ban đầu	班頭	0				영어판 vi-etym-sino, 표준 한자음
bao	包	0				영어판 어원 여럿 중 앱 뜻에 맞는 절
bao la	包羅	0				영어판 vi-etym-sino, 표준 한자음
bi kịch	悲劇	0				영어판 vi-etym-sino, 표준 한자음
biên giới	邊界	0				영어판 vi-etym-sino, 표준 한자음
biên lai	編來	0				영어판 vi-etym-sino, 표준 한자음
biến cải	變改	0				영어판 vi-etym-sino, 표준 한자음
biến thành	變成	0				영어판 vi-etym-sino, 표준 한자음
biến động	變動	0				영어판 vi-etym-sino, 표준 한자음
biết	別	1	biệt			영어판 vi-etym-sino (hv=n·preMC 표시)
biếu	俵	0				영어판 vi-etym-sino · 베트남어판 한자음 목록 대조
biển	匾	0		표지판,간판		영어판 어원 여럿 중 앱 뜻에 맞는 절
biểu diễn	表演	0				영어판 vi-etym-sino, 표준 한자음
biểu hiện	表現	0				영어판 vi-etym-sino, 표준 한자음
biểu thị	表示	0				영어판 vi-etym-sino, 표준 한자음
biểu tượng	表象	0				영어판 vi-etym-sino, 표준 한자음
biện minh	辨明	0				영어판 vi-etym-sino, 표준 한자음
biện pháp	辦法	0				영어판 vi-etym-sino, 표준 한자음
biệt thự	別墅	0				영어판 vi-etym-sino, 표준 한자음
buồn	煩	1	phiền			영어판 어원 여럿 중 앱 뜻에 맞는 절
buồng	房	1	phòng			영어판 어원 여럿 중 앱 뜻에 맞는 절
bà	婆	0				영어판 vi-etym-sino · 베트남어판 한자음 목록 대조
bàn	盤	0		책상,탁자,테이블		영어판 어원 여럿 중 앱 뜻에 맞는 절
bàn	辦	1	biện	논의,의논		영어판 어원 여럿 중 앱 뜻에 맞는 절
bàn giao	盤交	0				영어판 vi-etym-sino (검수 목록 밖 앱 낱말, 원문 확인)
bào	刨	0				영어판 어원 여럿 중 앱 뜻에 맞는 절
bày	排	1	bài			영어판 vi-etym-sino · 베트남어판 한자음 목록 대조
bác sĩ	博士	0				영어판 (확인 필요 표시였던 것을 원문으로 확인)
bách khoa	百科	0				영어판 vi-etym-sino, 표준 한자음
bán dẫn	半引	0				영어판 vi-etym-sino, 표준 한자음
bán đảo	半島	0				영어판 vi-etym-sino, 표준 한자음
báo	報	0				영어판 어원 여럿 중 앱 뜻에 맞는 절
báo cáo	報告	0				영어판 vi-etym-sino, 표준 한자음
báo tin	報信	1	báo tín			영어판 vi-etym-sino (hv=n 옛 한자음)
bát	缽	0				영어판 어원 여럿 중 앱 뜻에 맞는 절
bão	暴	1	bạo			영어판 vi-etym-sino (hv=n·preMC 표시)
bé	庳	1	ti/tì			영어판 vi-etym-sino · 베트남어판 한자음 목록 대조
bên	邊	1	biên			영어판 vi-etym-sino (hv=n·preMC 표시)
bình dân	平民	0				영어판 vi-etym-sino, 표준 한자음
bình luận	評論	0				영어판 vi-etym-sino, 표준 한자음
bình minh	平明	0				영어판 vi-etym-sino, 표준 한자음
bình phục	平復	0				영어판 vi-etym-sino, 표준 한자음
bình thường	平常	0				영어판 vi-etym-sino, 표준 한자음
bình tĩnh	平靜	0				영어판 vi-etym-sino, 표준 한자음
bình yên	平安	0				영어판 vi-etym-sino, 표준 한자음
bình đẳng	平等	0				영어판 vi-etym-sino, 표준 한자음
bí mật	祕密	0				영어판 vi-etym-sino, 표준 한자음
bí quyết	秘訣	0				영어판 vi-etym-sino, 표준 한자음
búa	斧	1	phủ			영어판 vi-etym-sino (검수 목록 밖 앱 낱말, 원문 확인)
bút	筆	0				영어판 (확인 필요 표시였던 것을 원문으로 확인)
bưu kiện	郵件	0				영어판 vi-etym-sino, 표준 한자음
bưu thiếp	郵帖	0				영어판 vi-etym-sino, 표준 한자음
bưu điện	郵電	0				영어판 vi-etym-sino, 표준 한자음
bạc	白	1	bạch	은,돈		영어판 어원 여럿 중 앱 뜻에 맞는 절
bạn	伴	0				영어판 어원 여럿 중 앱 뜻에 맞는 절
bạo lực	暴力	0				영어판 vi-etym-sino, 표준 한자음
bản	版	0		판,버전		영어판 어원 여럿 중 앱 뜻에 맞는 절
bản sắc	本色	0				영어판 vi-etym-sino, 표준 한자음
bản đồ	版圖	0				영어판 vi-etym-sino, 표준 한자음
bảng	榜	0		칠판,판,표		영어판 어원 여럿 중 앱 뜻에 맞는 절
bảng	鎊	0		파운드		영어판 어원 여럿 중 앱 뜻에 맞는 절
bảo	報	1	báo			영어판 vi-etym-sino · 베트남어판 한자음 목록 대조
bảo hiểm	保險	0				영어판 vi-etym-sino, 표준 한자음
bảo hành	保行	0				영어판 vi-etym-sino, 표준 한자음
bảo thủ	保守	0				영어판 vi-etym-sino, 표준 한자음
bảo trì	保持	0				영어판 vi-etym-sino, 표준 한자음
bảo tàng	保藏	0				영어판 vi-etym-sino, 표준 한자음
bảo vệ	保衛	0				영어판 vi-etym-sino, 표준 한자음
bất cẩn	不謹	0				영어판 vi-etym-sino, 표준 한자음
bất cứ	不據	0				영어판 vi-etym-sino, 표준 한자음
bất hạnh	不幸	0				영어판 vi-etym-sino, 표준 한자음
bất hợp pháp	不合法	0				영어판 vi-etym-sino, 표준 한자음
bất khả kháng	不可抗	0				영어판 vi-etym-sino, 표준 한자음
bất kể	不計	1	bất kế			영어판 vi-etym-sino (hv=n 옛 한자음)
bất thường	不常	0				영어판 vi-etym-sino, 표준 한자음
bất tiện	不便	0				영어판 vi-etym-sino, 표준 한자음
bất định	不定	0				영어판 vi-etym-sino, 표준 한자음
bất đồng	不同	0				영어판 vi-etym-sino, 표준 한자음
bất động sản	不動產	0				영어판 vi-etym-sino, 표준 한자음
bần thần	貧神	0				영어판 vi-etym-sino, 표준 한자음
bầu	保	1	bảo	투표,뽑		영어판 어원 여럿 중 앱 뜻에 맞는 절
bắc	北	0				영어판 어원 여럿 중 앱 뜻에 맞는 절
bằng	憑	0		증서,면허		영어판 어원 여럿 중 앱 뜻에 맞는 절
bệnh	病	0				영어판 vi-etym-sino (hv=n·preMC 표시)
bệnh nhân	病人	0				영어판 vi-etym-sino, 표준 한자음
bệnh tật	病疾	0				영어판 vi-etym-sino, 표준 한자음
bệnh viện	病院	0				영어판 vi-etym-sino, 표준 한자음
bị	被	0				영어판 어원 여럿 중 앱 뜻에 맞는 절
bồi dưỡng	培養	0				영어판 vi-etym-sino, 표준 한자음
bồi thường	賠償	0				영어판 vi-etym-sino, 표준 한자음
bổ	補	0				영어판 어원 여럿 중 앱 뜻에 맞는 절
bổ ngữ	補語	0				영어판 vi-etym-sino, 표준 한자음
bổ nhiệm	補任	0				영어판 vi-etym-sino, 표준 한자음
bổ sung	補充	0				영어판 vi-etym-sino, 표준 한자음
bổ ích	補益	0				영어판 vi-etym-sino, 표준 한자음
bộ	部	0		벌,세트		영어판 어원 여럿 중 앱 뜻에 맞는 절
bộ phận	部分	0				영어판 vi-etym-sino, 표준 한자음
bội thu	倍收	0				영어판 vi-etym-sino, 표준 한자음
bức	幅	0				영어판 어원 여럿 중 앱 뜻에 맞는 절
ca nhạc	歌樂	0				영어판 vi-etym-sino, 표준 한자음
cam	柑	0				영어판 어원 여럿 중 앱 뜻에 맞는 절
cam kết	甘結	0				영어판 vi-etym-sino, 표준 한자음
cam đoan	甘端	0				영어판 vi-etym-sino, 표준 한자음
canh	羹	0				영어판 어원 여럿 중 앱 뜻에 맞는 절
cao	高	0				영어판 어원 여럿 중 앱 뜻에 맞는 절
cao huyết áp	高血壓	0				영어판 vi-etym-sino, 표준 한자음
cao học	高學	0				영어판 vi-etym-sino, 표준 한자음
cao nguyên	高原	0				영어판 vi-etym-sino, 표준 한자음
cao tốc	高速	0				영어판 vi-etym-sino, 표준 한자음
cao điểm	高點	0				영어판 vi-etym-sino, 표준 한자음
chanh	橙	1	tranh			영어판 어원 여럿 중 앱 뜻에 맞는 절
chi phí	支費	0				영어판 vi-etym-sino, 표준 한자음
chi phối	支配	0				영어판 vi-etym-sino
chi tiêu	支銷	0				영어판 vi-etym-sino, 표준 한자음
chi tiết	枝節	0				영어판 vi-etym-sino, 표준 한자음
chia	支	1	chi			영어판 vi-etym-sino (hv=n·preMC 표시)
chiêu đãi	招待	0				영어판 vi-etym-sino, 표준 한자음
chiếc	隻	1	chích			영어판 (확인 필요 표시였던 것을 원문으로 확인)
chiếm	佔	0				영어판 vi-etym-sino · 베트남어판 한자음 목록 대조
chiến lược	戰略	0				영어판 vi-etym-sino, 표준 한자음
chiến thắng	戰勝	0				영어판 vi-etym-sino, 표준 한자음
chiến tranh	戰爭	0				영어판 vi-etym-sino, 표준 한자음
chiết khấu	折扣	0				영어판 vi-etym-sino, 표준 한자음
chiếu	照	0				영어판 어원 여럿 중 앱 뜻에 맞는 절
chu trình	周程	0				영어판 vi-etym-sino, 표준 한자음
chu đáo	周到	0				영어판 vi-etym-sino, 표준 한자음
chung	眾	1	chúng			영어판 어원 여럿 중 앱 뜻에 맞는 절
chung kết	終結	0				영어판 vi-etym-sino, 표준 한자음
chung thủy	終始	0				베트남어판 vi-etym-sino (영어판은 i 철자 쪽에 있음)
chuyên	專	0				영어판 어원 여럿 중 앱 뜻에 맞는 절
chuyên biệt	專別	0				영어판 vi-etym-sino, 표준 한자음
chuyên gia	專家	0				영어판 vi-etym-sino, 표준 한자음
chuyên môn	專門	0				영어판 vi-etym-sino, 표준 한자음
chuyên nghiệp	專業	0				영어판 vi-etym-sino, 표준 한자음
chuyên đề	專題	0				영어판 vi-etym-sino, 표준 한자음
chuyến	轉	0				영어판 vi-etym-sino · 베트남어판 한자음 목록 대조
chuyển	轉	0				영어판 vi-etym-sino · 베트남어판 한자음 목록 대조
chuyển tiếp	轉接	0				영어판 vi-etym-sino, 표준 한자음
chuyện	傳	1	truyện			영어판 (확인 필요 표시였던 것을 원문으로 확인)
chuông	鐘	1	chung			영어판 vi-etym-sino · 베트남어판 한자음 목록 대조
chuẩn	準	0				영어판 vi-etym-sino (hv=n·preMC 표시)
chuẩn bị	準備	0				영어판 vi-etym-sino, 표준 한자음
chân dung	真容	0				영어판 vi-etym-sino, 표준 한자음
chân thành	真誠	0				영어판 vi-etym-sino, 표준 한자음
chè	茶	1	trà	; 차		영어판 (대문자 항목 등 원문 확인)
chén	盞	1	trản			영어판 vi-etym-sino (hv=n·preMC 표시)
chính	正	0				영어판 vi-etym-sino (hv=n·preMC 표시)
chính hiệu	正號	0				영어판 vi-etym-sino, 표준 한자음
chính phủ	政府	0				영어판 vi-etym-sino, 표준 한자음
chính quy	正規	0				영어판 vi-etym-sino, 표준 한자음
chính quyền	政權	0				영어판 vi-etym-sino, 표준 한자음
chính sách	政策	0				영어판 vi-etym-sino, 표준 한자음
chính thức	正式	0				영어판 vi-etym-sino, 표준 한자음
chính trị	政治	0				영어판 vi-etym-sino, 표준 한자음
chính trị gia	政治家	0				영어판 vi-etym-sino, 표준 한자음
chính trực	正直	0				영어판 vi-etym-sino, 표준 한자음
chính tả	正寫	0				영어판 vi-etym-sino, 표준 한자음
chính xác	正確	0				영어판 vi-etym-sino, 표준 한자음
chính đáng	正當	0				영어판 vi-etym-sino, 표준 한자음
chùa	寺	1	tự			영어판 vi-etym-sino · 베트남어판 한자음 목록 대조
chú thích	注釋	0				영어판 vi-etym-sino, 표준 한자음
chú ý	注意	0				영어판 vi-etym-sino, 표준 한자음
chúc	祝	0				영어판 어원 여럿 중 앱 뜻에 맞는 절
chúng	眾	0				영어판 vi-etym-sino · 베트남어판 한자음 목록 대조
chăn	氈	1	chiên	이불		영어판 어원 여럿 중 앱 뜻에 맞는 절
chương	章	0				영어판 vi-etym-sino · 베트남어판 한자음 목록 대조
chương trình	章程	0				영어판 vi-etym-sino, 표준 한자음
chả	鮓	1	trả	완자,햄		영어판 어원 여럿 중 앱 뜻에 맞는 절
chấn chỉnh	振整	0				영어판 vi-etym-sino, 표준 한자음
chấn thương	震傷	0				영어판 vi-etym-sino, 표준 한자음
chấp hành	執行	0				영어판 vi-etym-sino, 표준 한자음
chấp nhận	執認	0				영어판 vi-etym-sino, 표준 한자음
chất lượng	質量	0				영어판 vi-etym-sino, 표준 한자음
chất phác	質樸	0				영어판 vi-etym-sino, 표준 한자음
chẩn đoán	診斷	0				영어판 vi-etym-sino, 표준 한자음
chế biến	製變	0				영어판 vi-etym-sino, 표준 한자음
chế tạo	製造	0				영어판 vi-etym-sino, 표준 한자음
chế độ	制度	0				영어판 vi-etym-sino, 표준 한자음
chỉ	只	0		단지,오직,만		영어판 어원 여럿 중 앱 뜻에 맞는 절
chỉ dẫn	指引	0				영어판 vi-etym-sino, 표준 한자음
chỉ số	指數	0				영어판 vi-etym-sino, 표준 한자음
chỉ thị	指示	0				영어판 vi-etym-sino, 표준 한자음
chỉ trích	指摘	0				영어판 vi-etym-sino, 표준 한자음
chỉ đạo	指導	0				영어판 vi-etym-sino, 표준 한자음
chỉ định	指定	0				영어판 vi-etym-sino, 표준 한자음
chịu	受	1	thụ			영어판 vi-etym-sino (hv=n·preMC 표시)
chợ	市	1	thị			영어판 vi-etym-sino · 베트남어판 한자음 목록 대조
chủ	主	0				영어판 vi-etym-sino · 베트남어판 한자음 목록 대조
chủ nhiệm	主任	0				영어판 vi-etym-sino, 표준 한자음
chủ nhật	主日	0				영어판 vi-etym-sino, 표준 한자음
chủ thể	主體	0				영어판 vi-etym-sino, 표준 한자음
chủ tịch	主席	0				영어판 vi-etym-sino, 표준 한자음
chủ yếu	主要	0				영어판 vi-etym-sino, 표준 한자음
chủ ý	主意	0				영어판 vi-etym-sino, 표준 한자음
chủ đề	主題	0				영어판 vi-etym-sino, 표준 한자음
chủ động	主動	0				영어판 vi-etym-sino, 표준 한자음
chủng loại	種類	0				영어판 vi-etym-sino, 표준 한자음
chứa	貯	1	trữ			영어판 vi-etym-sino (hv=n·preMC 표시)
chức năng	職能	0				영어판 vi-etym-sino, 표준 한자음
chức vụ	職務	0				영어판 vi-etym-sino, 표준 한자음
chứng chỉ	證紙	0				영어판 vi-etym-sino, 표준 한자음
chứng kiến	證見	0				영어판 vi-etym-sino, 표준 한자음
chứng minh	證明	0				영어판 vi-etym-sino, 표준 한자음
chứng nhận	證認	0				영어판 vi-etym-sino, 표준 한자음
chứng từ	證詞	0				영어판 vi-etym-sino (검수 목록 밖 앱 낱말, 원문 확인)
chừng	程	1	trình			영어판 vi-etym-sino · 베트남어판 한자음 목록 대조
chữ	字	1	tự			영어판 vi-etym-sino · 베트남어판 한자음 목록 대조
cung cấp	供給	0				영어판 vi-etym-sino, 표준 한자음
cung điện	宮殿	0				영어판 vi-etym-sino, 표준 한자음
cuộc	局	0				영어판 vi-etym-sino · 베트남어판 한자음 목록 대조
càng	更	1	cánh			영어판 어원 여럿 중 앱 뜻에 맞는 절
cá nhân	個人	0				영어판 vi-etym-sino, 표준 한자음
các	各	0				영어판 어원 여럿 중 앱 뜻에 맞는 절
cách	格	0		방법,방식		영어판 어원 여럿 중 앱 뜻에 맞는 절
cách	隔	0		떨어져		영어판 어원 여럿 중 앱 뜻에 맞는 절
cách thức	格式	0				영어판 vi-etym-sino, 표준 한자음
cách tân	革新	0				영어판 vi-etym-sino, 표준 한자음
cám ơn	感恩	1	cảm ân			영어판 (확인 필요 표시였던 것을 원문으로 확인)
cán bộ	幹部	0				영어판 vi-etym-sino, 표준 한자음
cân	斤	0				영어판 vi-etym-sino · 베트남어판 한자음 목록 대조
câu	句	0		문장,말		영어판 어원 여럿 중 앱 뜻에 맞는 절
cô	姑	0		고모		영어판 어원 여럿 중 앱 뜻에 맞는 절
cô lập	孤立	0				영어판 vi-etym-sino, 표준 한자음
cô đơn	孤單	0				영어판 vi-etym-sino, 표준 한자음
côn	棍	0				영어판 어원 여럿 중 앱 뜻에 맞는 절
công an	公安	0				영어판 vi-etym-sino, 표준 한자음
công bố	公佈	0				영어판 vi-etym-sino, 표준 한자음
công cộng	公共	0				영어판 vi-etym-sino, 표준 한자음
công dân	公民	0				영어판 vi-etym-sino, 표준 한자음
công khai	公開	0				영어판 vi-etym-sino, 표준 한자음
công nghiệp	工業	0				영어판 vi-etym-sino, 표준 한자음
công nghệ	工藝	0				영어판 vi-etym-sino, 표준 한자음
công nhân	工人	0				영어판 vi-etym-sino, 표준 한자음
công nhận	公認	0				영어판 vi-etym-sino, 표준 한자음
công suất	功率	0				영어판 vi-etym-sino (검수 목록 밖 앱 낱말, 원문 확인)
công thức	公式	0				영어판 vi-etym-sino, 표준 한자음
công trình	工程	0				영어판 vi-etym-sino, 표준 한자음
công trường	工場	0				영어판 어원 여럿 중 앱 뜻에 맞는 절
công ty	公司	0				베트남어판 vi-etym-sino (영어판은 i 철자 쪽에 있음)
công tác	工作	0				영어판 vi-etym-sino, 표준 한자음
công viên	公園	0				영어판 vi-etym-sino, 표준 한자음
công đoàn	工團	0				영어판 vi-etym-sino, 표준 한자음
công đoạn	工段	0				영어판 vi-etym-sino, 표준 한자음
cùng	共	1	cộng			영어판 어원 여럿 중 앱 뜻에 맞는 절
cúi	跪	1	quỵ			영어판 어원 여럿 중 앱 뜻에 맞는 절
cúm	感	1	cảm			영어판 어원 여럿 중 앱 뜻에 맞는 절
căn	間	1	gian	칸,채,방		영어판 어원 여럿 중 앱 뜻에 맞는 절
căn bản	根本	0				영어판 vi-etym-sino, 표준 한자음
căn cước	根腳	0				영어판 vi-etym-sino, 표준 한자음
cũ	古	1	cổ			영어판 vi-etym-sino · 베트남어판 한자음 목록 대조
cũng	共	1	cộng			영어판 vi-etym-sino (hv=n·preMC 표시)
cơ bản	基本	0				영어판 vi-etym-sino, 표준 한자음
cơ hội	機會	0				영어판 vi-etym-sino, 표준 한자음
cơ quan	機關	0				영어판 vi-etym-sino, 표준 한자음
cơ sở	基礎	0				영어판 vi-etym-sino, 표준 한자음
cơ thể	肌體	0				영어판 vi-etym-sino, 표준 한자음
cơ động	機動	0				영어판 vi-etym-sino, 표준 한자음
cưa	鋸	1	cứ			영어판 vi-etym-sino (검수 목록 밖 앱 낱말, 원문 확인)
cước	腳	0				영어판 어원 여럿 중 앱 뜻에 맞는 절
cước phí	腳費	0				영어판 vi-etym-sino, 표준 한자음
cướp	劫	1	kiếp			영어판 vi-etym-sino (hv=n·preMC 표시)
cưỡng	強	0				영어판 어원 여럿 중 앱 뜻에 맞는 절
cạnh tranh	競爭	0				영어판 vi-etym-sino, 표준 한자음
cải cách	改革	0				영어판 vi-etym-sino, 표준 한자음
cải thiện	改善	0				영어판 vi-etym-sino, 표준 한자음
cải tiến	改進	0				영어판 vi-etym-sino, 표준 한자음
cải tạo	改造	0				영어판 vi-etym-sino, 표준 한자음
cải tổ	改組	0				영어판 vi-etym-sino, 표준 한자음
cảm	感	0				영어판 vi-etym-sino · 베트남어판 한자음 목록 대조
cảm biến	感變	0				영어판 vi-etym-sino, 표준 한자음
cảm giác	感覺	0				영어판 vi-etym-sino, 표준 한자음
cảm xúc	感觸	0				영어판 vi-etym-sino, 표준 한자음
cảm động	感動	0				영어판 vi-etym-sino, 표준 한자음
cảm ơn	感恩	1	cảm ân			영어판 (확인 필요 표시였던 것을 원문으로 확인)
cảng	港	0				영어판 vi-etym-sino (hv=n·preMC 표시)
cảnh	景	0				영어판 어원 여럿 중 앱 뜻에 맞는 절
cảnh báo	警報	0				영어판 vi-etym-sino, 표준 한자음
cảnh quan	景觀	0				영어판 vi-etym-sino, 표준 한자음
cảnh sát	警察	0				영어판 vi-etym-sino, 표준 한자음
cấm	禁	0				영어판 vi-etym-sino · 베트남어판 한자음 목록 대조
cấp	級	0		급,등급		영어판 어원 여럿 중 앱 뜻에 맞는 절
cấp	給	0		발급,공급		영어판 어원 여럿 중 앱 뜻에 맞는 절
cấp cứu	急救	0				영어판 vi-etym-sino, 표준 한자음
cấu trúc	構築	0				영어판 vi-etym-sino, 표준 한자음
cấu tạo	構造	0				영어판 vi-etym-sino, 표준 한자음
cầm	擒	0				영어판 어원 여럿 중 앱 뜻에 맞는 절
cầm quyền	擒權	0				영어판 vi-etym-sino, 표준 한자음
cần kiệm	勤儉	0				영어판 vi-etym-sino, 표준 한자음
cần mẫn	勤敏	0				영어판 vi-etym-sino, 표준 한자음
cần thiết	懃切	0				영어판 vi-etym-sino, 표준 한자음
cầu	橋	1	kiều	다리		영어판 어원 여럿 중 앱 뜻에 맞는 절
cầu	求	0		기도,바라		영어판 어원 여럿 중 앱 뜻에 맞는 절
cầu	球	0		셔틀콕,제기		영어판 어원 여럿 중 앱 뜻에 맞는 절
cầu hôn	求婚	0				영어판 vi-etym-sino, 표준 한자음
cầu nguyện	求願	0				영어판 vi-etym-sino, 표준 한자음
cầu thủ	球手	0				영어판 vi-etym-sino, 표준 한자음
cẩn thận	謹慎	0				영어판 vi-etym-sino, 표준 한자음
cẩn trọng	謹重	0				영어판 vi-etym-sino, 표준 한자음
cẩu thả	苟且	0				영어판 vi-etym-sino, 표준 한자음
cập nhật	及日	0				영어판 vi-etym-sino, 표준 한자음
cắc	角	1	giác	잔돈		영어판 vi-etym-sino · 베트남어판 한자음 목록 대조
cố tình	故情	0				영어판 vi-etym-sino, 표준 한자음
cố đô	故都	0				영어판 vi-etym-sino, 표준 한자음
cố định	固定	0				영어판 vi-etym-sino, 표준 한자음
cống hiến	貢獻	0				영어판 vi-etym-sino, 표준 한자음
cổ	古	0		옛,고대,오래		영어판 어원 여럿 중 앱 뜻에 맞는 절
cổ truyền	古傳	0				영어판 vi-etym-sino, 표준 한자음
cổ vũ	鼓舞	0				영어판 vi-etym-sino, 표준 한자음
cổ điển	古典	0				영어판 vi-etym-sino, 표준 한자음
cộng đồng	共同	0				영어판 vi-etym-sino, 표준 한자음
cờ	棋	1	kì	장기,체스		영어판 어원 여럿 중 앱 뜻에 맞는 절
cởi	解	1	giải			영어판 vi-etym-sino · 베트남어판 한자음 목록 대조
cụ thể	具體	0				영어판 vi-etym-sino, 표준 한자음
cục	局	0				영어판 어원 여럿 중 앱 뜻에 맞는 절
củng cố	鞏固	0				영어판 vi-etym-sino, 표준 한자음
cứ	據	0				영어판 vi-etym-sino · 베트남어판 한자음 목록 대조
cứu	救	0				영어판 vi-etym-sino · 베트남어판 한자음 목록 대조
cử	舉	0				영어판 어원 여럿 중 앱 뜻에 맞는 절
cử chỉ	舉止	0				영어판 vi-etym-sino, 표준 한자음
danh bạ	名簿	0				영어판 vi-etym-sino, 표준 한자음
danh hiệu	名號	0				영어판 vi-etym-sino, 표준 한자음
danh lam	名藍	0				영어판 vi-etym-sino, 표준 한자음
danh lam thắng cảnh	名藍勝景	0				영어판 vi-etym-sino, 표준 한자음
danh thiếp	名帖	0				영어판 vi-etym-sino, 표준 한자음
danh từ	名詞	0				영어판 vi-etym-sino, 표준 한자음
di chuyển	移轉	0				영어판 vi-etym-sino, 표준 한자음
di sản	遺產	0				영어판 vi-etym-sino, 표준 한자음
di tích	遺跡	0				영어판 vi-etym-sino, 표준 한자음
dinh	營	0				영어판 vi-etym-sino · 베트남어판 한자음 목록 대조
dinh dưỡng	營養	0				영어판 vi-etym-sino, 표준 한자음
diễn tả	演寫	0				영어판 vi-etym-sino, 표준 한자음
diễn viên	演員	0				영어판 vi-etym-sino, 표준 한자음
diễn đạt	演達	0				영어판 vi-etym-sino, 표준 한자음
diện	面	0				영어판 vi-etym-sino · 베트남어판 한자음 목록 대조
diện tích	面積	0				영어판 vi-etym-sino, 표준 한자음
do	由	0				영어판 vi-etym-sino · 베트남어판 한자음 목록 대조
doanh nghiệp	營業	0				영어판 vi-etym-sino, 표준 한자음
doanh nhân	營人	0				영어판 vi-etym-sino, 표준 한자음
doanh số	營數	0				영어판 vi-etym-sino, 표준 한자음
doanh thu	營收	0				영어판 vi-etym-sino, 표준 한자음
du học	遊學	0				영어판 vi-etym-sino, 표준 한자음
du khách	遊客	0				영어판 vi-etym-sino, 표준 한자음
du lịch	遊歷	0				영어판 vi-etym-sino, 표준 한자음
dung lượng	容量	0				영어판 vi-etym-sino, 표준 한자음
duy nhất	唯一	0				영어판 vi-etym-sino, 표준 한자음
duy trì	維持	0				영어판 vi-etym-sino, 표준 한자음
duyệt	閱	0				영어판 vi-etym-sino · 베트남어판 한자음 목록 대조
dáng	樣	1	dạng			영어판 vi-etym-sino · 베트남어판 한자음 목록 대조
dân chủ	民主	0				영어판 vi-etym-sino, 표준 한자음
dân cư	民居	0				영어판 vi-etym-sino, 표준 한자음
dân gian	民間	0				영어판 vi-etym-sino, 표준 한자음
dân số	民數	0				영어판 vi-etym-sino, 표준 한자음
dân trí	民智	0				영어판 vi-etym-sino, 표준 한자음
dân tộc	民族	0				영어판 vi-etym-sino, 표준 한자음
dân tộc học	民族學	0				영어판 vi-etym-sino, 표준 한자음
dã ngoại	野外	0				영어판 vi-etym-sino, 표준 한자음
dì	姨	1	di			영어판 vi-etym-sino (hv=n·preMC 표시)
dùng	用	1	dụng			영어판 어원 여럿 중 앱 뜻에 맞는 절
dĩ nhiên	已然	0				영어판 vi-etym-sino, 표준 한자음
dũng cảm	勇敢	0				영어판 vi-etym-sino, 표준 한자음
dư vị	餘味	0				영어판 vi-etym-sino, 표준 한자음
dưa	菹	1	trư	절임		영어판 어원 여럿 중 앱 뜻에 맞는 절
dương lịch	陽曆	0				영어판 vi-etym-sino, 표준 한자음
dược phẩm	藥品	0				영어판 vi-etym-sino, 표준 한자음
dượng	丈	1	trượng			영어판 vi-etym-sino (hv=n·preMC 표시)
dạng	樣	0				영어판 vi-etym-sino · 베트남어판 한자음 목록 대조
dẫn	引	0				영어판 vi-etym-sino · 베트남어판 한자음 목록 대조
dễ	易	1	dị			영어판 vi-etym-sino · 베트남어판 한자음 목록 대조
dị ứng	異應	0				영어판 vi-etym-sino, 표준 한자음
dịch	疫	0		전염병		영어판 어원 여럿 중 앱 뜻에 맞는 절
dịch	譯	0		번역,통역		영어판 어원 여럿 중 앱 뜻에 맞는 절
dịch thuật	譯術	0				영어판 vi-etym-sino, 표준 한자음
dịch vụ	役務	0				영어판 vi-etym-sino, 표준 한자음
dời	移	1	di			영어판 vi-etym-sino (hv=n·preMC 표시)
dụng cụ	用具	0				영어판 vi-etym-sino, 표준 한자음
dừng	停	1	đình			영어판 어원 여럿 중 앱 뜻에 맞는 절
dữ liệu	與料	0				영어판 vi-etym-sino, 표준 한자음
dự	預	0				영어판 vi-etym-sino · 베트남어판 한자음 목록 대조
dự báo	預報	0				영어판 vi-etym-sino, 표준 한자음
dự kiến	預見	0				영어판 vi-etym-sino, 표준 한자음
dự toán	預算	0				영어판 vi-etym-sino, 표준 한자음
dự trù	預籌	0				영어판 vi-etym-sino, 표준 한자음
dự án	預案	0				영어판 vi-etym-sino, 표준 한자음
dự đoán	預斷	0				영어판 vi-etym-sino, 표준 한자음
dự định	預定	0				영어판 vi-etym-sino, 표준 한자음
ghi	記	1	kí			영어판 어원 여럿 중 앱 뜻에 맞는 절
ghi chú	記註	1	kí chú			영어판 vi-etym-sino (hv=n 옛 한자음)
ghế	几	1	kỉ			영어판 vi-etym-sino · 베트남어판 한자음 목록 대조
gia hạn	加限	0				영어판 vi-etym-sino, 표준 한자음
gia nhập	加入	0				영어판 vi-etym-sino, 표준 한자음
gia súc	家畜	0				영어판 vi-etym-sino, 표준 한자음
gia trưởng	家長	0				영어판 vi-etym-sino, 표준 한자음
gia tăng	加增	0				영어판 vi-etym-sino, 표준 한자음
gia vị	加味	0				영어판 vi-etym-sino, 표준 한자음
gia đình	家庭	0				영어판 vi-etym-sino, 표준 한자음
giai đoạn	階段	0				영어판 vi-etym-sino, 표준 한자음
gian	間	0				영어판 어원 여럿 중 앱 뜻에 맞는 절
gian nan	艱難	0				영어판 vi-etym-sino, 표준 한자음
giao	交	0				영어판 vi-etym-sino · 베트남어판 한자음 목록 대조
giao dịch	交易	0				영어판 vi-etym-sino, 표준 한자음
giao thông	交通	0				영어판 vi-etym-sino, 표준 한자음
giao tiếp	交接	0				영어판 vi-etym-sino, 표준 한자음
giày	鞋	1	hài			영어판 vi-etym-sino · 베트남어판 한자음 목록 대조
giá	價	0		가격,값		영어판 어원 여럿 중 앱 뜻에 맞는 절
giá cả	價	0			giá	영어판 — 낱말 일부 음절만 한자어
giá thành	價成	0				영어판 vi-etym-sino, 표준 한자음
giá trị	價值	0				영어판 vi-etym-sino, 표준 한자음
giám sát	監察	0				영어판 vi-etym-sino, 표준 한자음
giám thị	監視	0				영어판 vi-etym-sino, 표준 한자음
giám đốc	監督	0				영어판 vi-etym-sino, 표준 한자음
gián tiếp	間接	0				영어판 vi-etym-sino, 표준 한자음
giáng sinh	降生	0				영어판 vi-etym-sino, 표준 한자음
giáo dục	教育	0				영어판 vi-etym-sino, 표준 한자음
giáo sư	教師	0				영어판 vi-etym-sino, 표준 한자음
giáo trình	教程	0				영어판 vi-etym-sino, 표준 한자음
giáo viên	教員	0				영어판 vi-etym-sino, 표준 한자음
giả thiết	假設	0				영어판 vi-etym-sino, 표준 한자음
giải	解	0		풀다,해결		영어판 어원 여럿 중 앱 뜻에 맞는 절
giải khát	解渴	0				영어판 vi-etym-sino, 표준 한자음
giải lao	解勞	0				영어판 vi-etym-sino, 표준 한자음
giải pháp	解法	0				영어판 vi-etym-sino, 표준 한자음
giải quyết	解決	0				영어판 vi-etym-sino, 표준 한자음
giải thích	解釋	0				영어판 vi-etym-sino, 표준 한자음
giải trí	解智	0				영어판 vi-etym-sino, 표준 한자음
giải tán	解散	0				영어판 vi-etym-sino, 표준 한자음
giải đáp	解答	0				영어판 vi-etym-sino, 표준 한자음
giảm	減	0				영어판 vi-etym-sino · 베트남어판 한자음 목록 대조
giảm giá	減價	0				영어판 vi-etym-sino, 표준 한자음
giản dị	簡易	0				영어판 vi-etym-sino, 표준 한자음
giảng	講	0				영어판 vi-etym-sino · 베트남어판 한자음 목록 대조
giảng viên	講員	0				영어판 vi-etym-sino, 표준 한자음
giấy	紙	1	chỉ			영어판 vi-etym-sino · 베트남어판 한자음 목록 대조
giới hạn	界限	0				영어판 vi-etym-sino, 표준 한자음
giới thiệu	介紹	0				영어판 vi-etym-sino, 표준 한자음
giới tính	界性	0				영어판 vi-etym-sino, 표준 한자음
giới từ	介詞	0				영어판 vi-etym-sino, 표준 한자음
giờ	時	1	thì/thời			영어판 vi-etym-sino · 베트남어판 한자음 목록 대조
gác	閣	1	các			영어판 어원 여럿 중 앱 뜻에 맞는 절
góc	角	1	giác			영어판 vi-etym-sino · 베트남어판 한자음 목록 대조
gói	裹	1	khoả			영어판 vi-etym-sino (hv=n·preMC 표시)
gươm	劍	1	kiếm			영어판 vi-etym-sino · 베트남어판 한자음 목록 대조
gương	鏡	1	kính			영어판 vi-etym-sino · 베트남어판 한자음 목록 대조
gả	嫁	1	giá			영어판 vi-etym-sino · 베트남어판 한자음 목록 대조
gấp	急	1	cấp	급하		영어판 어원 여럿 중 앱 뜻에 맞는 절
gỏi	膾	1	khoái			영어판 vi-etym-sino (hv=n·preMC 표시)
heo	豪	1	hào			영어판 vi-etym-sino (hv=n·preMC 표시)
hi sinh	犧牲	0				영어판 vi-etym-sino, 표준 한자음
hiếm	險	1	hiểm			영어판 vi-etym-sino (hv=n·preMC 표시)
hiếu	孝	0				영어판 어원 여럿 중 앱 뜻에 맞는 절
hiếu khách	好客	0				영어판 vi-etym-sino, 표준 한자음
hiển nhiên	顯然	0				영어판 vi-etym-sino, 표준 한자음
hiểu	曉	0				영어판 vi-etym-sino · 베트남어판 한자음 목록 대조
hiện	現	0				영어판 vi-etym-sino · 베트남어판 한자음 목록 대조
hiện diện	現面	0				영어판 vi-etym-sino, 표준 한자음
hiện thực	現實	0				영어판 vi-etym-sino, 표준 한자음
hiện trạng	現狀	0				영어판 vi-etym-sino, 표준 한자음
hiện tượng	現象	0				영어판 vi-etym-sino, 표준 한자음
hiện tại	現在	0				영어판 vi-etym-sino, 표준 한자음
hiện đại	現代	0				영어판 vi-etym-sino, 표준 한자음
hiệu	號	0				영어판 어원 여럿 중 앱 뜻에 맞는 절
hiệu trưởng	校長	0				영어판 vi-etym-sino, 표준 한자음
hoa	花	0				영어판 (확인 필요 표시였던 것을 원문으로 확인)
hoa hậu	花后	0				영어판 vi-etym-sino, 표준 한자음
hoa hồng	花紅	0		수수료,커미션		영어판 어원 여럿 중 앱 뜻에 맞는 절
hoa quả	花果	0				영어판 vi-etym-sino, 표준 한자음
hoa văn	花紋	0				영어판 vi-etym-sino, 표준 한자음
hoà giải	和解	0				영어판 vi-etym-sino, 표준 한자음
hoà hợp	和合	0				영어판 vi-etym-sino, 표준 한자음
hoà nhập	和入	0				영어판 vi-etym-sino, 표준 한자음
hoà thuận	和順	0				영어판 vi-etym-sino, 표준 한자음
hoàn chỉnh	完整	0				영어판 vi-etym-sino, 표준 한자음
hoàn hảo	完好	0				영어판 vi-etym-sino, 표준 한자음
hoàn thiện	完善	0				영어판 vi-etym-sino, 표준 한자음
hoàn thành	完成	0				영어판 vi-etym-sino, 표준 한자음
hoàn toàn	完全	0				영어판 vi-etym-sino, 표준 한자음
hoàng gia	皇家	0				영어판 vi-etym-sino, 표준 한자음
hoàng hôn	黃昏	0				영어판 vi-etym-sino, 표준 한자음
hoãn	緩	0				영어판 vi-etym-sino · 베트남어판 한자음 목록 대조
hoạ sĩ	畫士	0				영어판 vi-etym-sino, 표준 한자음
hoạt bát	活潑	0				영어판 vi-etym-sino, 표준 한자음
hoạt động	活動	0				영어판 vi-etym-sino, 표준 한자음
hoặc	或	0				영어판 어원 여럿 중 앱 뜻에 맞는 절
huy chương	徽章	0				영어판 vi-etym-sino, 표준 한자음
huyết áp	血壓	0				영어판 vi-etym-sino, 표준 한자음
huyền	玄	0				영어판 어원 여럿 중 앱 뜻에 맞는 절
huyện	縣	0				영어판 vi-etym-sino · 베트남어판 한자음 목록 대조
huỷ	毀	0				영어판 vi-etym-sino · 베트남어판 한자음 목록 대조
hy sinh	犧牲	0				베트남어판 vi-etym-sino (영어판은 i 철자 쪽에 있음)
hy vọng	希望	0				베트남어판 vi-etym-sino (영어판은 i 철자 쪽에 있음)
hà nội	河內	0				영어판 (대문자 항목 등 원문 확인)
hà tiện	下賤	1	hạ tiện			영어판 vi-etym-sino (hv=n 옛 한자음)
hài	諧	0				영어판 어원 여럿 중 앱 뜻에 맞는 절
hài hước	諧謔	0				영어판 vi-etym-sino, 표준 한자음
hài kịch	諧劇	0				영어판 vi-etym-sino, 표준 한자음
hàm ý	含意	0				영어판 vi-etym-sino, 표준 한자음
hàn	寒	0		차가운,춥		영어판 vi-etym-sino · 베트남어판 한자음 목록 대조
hàn	焊	1	hãn	용접		영어판 vi-etym-sino (hv=n·preMC 표시)
hàn quốc	韓國	0				영어판 (대문자 항목 등 원문 확인)
hàng	行	0				영어판 어원 여럿 중 앱 뜻에 맞는 절
hàng không	航空	0				영어판 vi-etym-sino, 표준 한자음
hành chính	行政	0				영어판 vi-etym-sino, 표준 한자음
hành lang	行廊	0				영어판 vi-etym-sino, 표준 한자음
hành trang	行裝	0				영어판 vi-etym-sino, 표준 한자음
hành trình	行程	0				영어판 vi-etym-sino, 표준 한자음
hành động	行動	0				영어판 vi-etym-sino, 표준 한자음
hào hứng	豪興	0				영어판 vi-etym-sino, 표준 한자음
há	何	1	hà			영어판 어원 여럿 중 앱 뜻에 맞는 절
hán việt	漢越	0				영어판 (대문자 항목 등 원문 확인)
hâm mộ	歆慕	0				영어판 vi-etym-sino, 표준 한자음
hân hạnh	欣幸	0				영어판 vi-etym-sino, 표준 한자음
hãng	行	0				영어판 vi-etym-sino · 베트남어판 한자음 목록 대조
hãnh diện	倖面	0				영어판 vi-etym-sino, 표준 한자음
hè	夏	1	hạ			영어판 어원 여럿 중 앱 뜻에 맞는 절
hình	形	0				영어판 vi-etym-sino (hv=n·preMC 표시)
hình dáng	型	0			hình	영어판 {{vi-etym-sino|型𠍵}} — 𠍵 은 한자음 없는 쯔놈 글자라 hình 만
hình thành	形成	0				영어판 vi-etym-sino, 표준 한자음
hình thức	形式	0				영어판 어원 여럿 중 앱 뜻에 맞는 절
hình ảnh	形影	0				영어판 vi-etym-sino, 표준 한자음
hô hấp	呼吸	0				영어판 vi-etym-sino, 표준 한자음
hôn nhân	婚姻	0				영어판 vi-etym-sino, 표준 한자음
hùng biện	雄辯	0				영어판 vi-etym-sino, 표준 한자음
hư	虛	0				영어판 vi-etym-sino · 베트남어판 한자음 목록 대조
hương	香	0				영어판 어원 여럿 중 앱 뜻에 맞는 절
hương vị	香味	0				영어판 vi-etym-sino, 표준 한자음
hướng	向	0				영어판 vi-etym-sino · 베트남어판 한자음 목록 대조
hướng dẫn	向引	0				영어판 vi-etym-sino, 표준 한자음
hướng dẫn viên	向引員	0				영어판 vi-etym-sino, 표준 한자음
hướng ngoại	向外	0				영어판 vi-etym-sino (검수 목록 밖 앱 낱말, 원문 확인)
hướng nội	向內	0				영어판 vi-etym-sino (검수 목록 밖 앱 낱말, 원문 확인)
hưởng	享	0				영어판 vi-etym-sino · 베트남어판 한자음 목록 대조
hưởng ứng	響應	0				영어판 vi-etym-sino, 표준 한자음
hại	害	0				영어판 vi-etym-sino · 베트남어판 한자음 목록 대조
hạn	限	0		기한,마감		영어판 vi-etym-sino (검수 목록 밖 앱 낱말, 원문 확인)
hạn chế	限制	0				영어판 vi-etym-sino, 표준 한자음
hạnh phúc	幸福	0				영어판 vi-etym-sino, 표준 한자음
hạt	核	1	hạch			영어판 어원 여럿 중 앱 뜻에 맞는 절
hải quan	海關	0				영어판 vi-etym-sino, 표준 한자음
hải sản	海產	0				영어판 vi-etym-sino, 표준 한자음
hấp dẫn	吸引	0				영어판 vi-etym-sino, 표준 한자음
hậu quả	後果	0				영어판 vi-etym-sino, 표준 한자음
hằng	恒	0				영어판 vi-etym-sino · 베트남어판 한자음 목록 대조
hẹn	限	1	hạn			영어판 vi-etym-sino (hv=n·preMC 표시)
hẹp	狹	1	hiệp			영어판 vi-etym-sino · 베트남어판 한자음 목록 대조
hễ	係	1	hệ			영어판 vi-etym-sino (hv=n·preMC 표시)
hệ quả	係果	0				영어판 vi-etym-sino, 표준 한자음
hệ thống	系統	0				영어판 vi-etym-sino, 표준 한자음
họ	戶	1	hộ			영어판 vi-etym-sino (hv=n·preMC 표시)
học	學	0				영어판 vi-etym-sino · 베트남어판 한자음 목록 대조
học bổng	學俸	0				영어판 vi-etym-sino, 표준 한자음
học kỳ	學期	0				베트남어판 vi-etym-sino (영어판은 i 철자 쪽에 있음)
học phí	學費	0				영어판 vi-etym-sino, 표준 한자음
học sinh	學生	0				영어판 vi-etym-sino, 표준 한자음
học tập	學習	0				영어판 vi-etym-sino, 표준 한자음
học viên	學員	0				영어판 vi-etym-sino, 표준 한자음
họp	合	1	hợp			영어판 vi-etym-sino · 베트남어판 한자음 목록 대조
hối hận	悔恨	0				영어판 vi-etym-sino, 표준 한자음
hồ	湖	0		호수		영어판 어원 여럿 중 앱 뜻에 맞는 절
hồi	回	0				영어판 vi-etym-sino · 베트남어판 한자음 목록 대조
hồi phục	回復	0				영어판 vi-etym-sino, 표준 한자음
hồng	紅	0				영어판 vi-etym-sino · 베트남어판 한자음 목록 대조
hồng hào	紅豪	0				영어판 vi-etym-sino, 표준 한자음
hỗ trợ	互助	0				영어판 vi-etym-sino, 표준 한자음
hộ chiếu	護照	0				영어판 vi-etym-sino, 표준 한자음
hội nghị	會議	0				영어판 vi-etym-sino, 표준 한자음
hội nhập	匯入	0				영어판 vi-etym-sino, 표준 한자음
hội thoại	會話	0				영어판 vi-etym-sino, 표준 한자음
hội thảo	會討	0				영어판 vi-etym-sino, 표준 한자음
hội đồng	會同	0				영어판 vi-etym-sino, 표준 한자음
hộp	盒	1	hạp			영어판 vi-etym-sino (hv=n·preMC 표시)
hợp	合	0				영어판 vi-etym-sino · 베트남어판 한자음 목록 대조
hợp nhất	合一	0				영어판 vi-etym-sino, 표준 한자음
hợp pháp	合法	0				영어판 vi-etym-sino, 표준 한자음
hợp tác	合作	0				영어판 vi-etym-sino, 표준 한자음
hợp đồng	合同	0				영어판 vi-etym-sino, 표준 한자음
hứa	許	0				영어판 vi-etym-sino · 베트남어판 한자음 목록 대조
hữu dụng	有用	0				영어판 vi-etym-sino, 표준 한자음
hữu hạn	有限	0				영어판 vi-etym-sino, 표준 한자음
hữu nghị	友誼	0				영어판 vi-etym-sino, 표준 한자음
hữu ích	有益	0				영어판 vi-etym-sino, 표준 한자음
in	印	1	ấn			영어판 어원 여럿 중 앱 뜻에 맞는 절
khai giảng	開講	0				영어판 vi-etym-sino, 표준 한자음
khiêm tốn	謙遜	0				영어판 vi-etym-sino, 표준 한자음
khiêu vũ	跳舞	0				영어판 vi-etym-sino, 표준 한자음
khiến	遣	1	khiển			영어판 vi-etym-sino (hv=n·preMC 표시)
khiếu nại	叫奈	0				영어판 vi-etym-sino, 표준 한자음
kho	庫	1	khố	창고		영어판 어원 여럿 중 앱 뜻에 맞는 절
khoa	科	0				영어판 vi-etym-sino · 베트남어판 한자음 목록 대조
khoa học	科學	0				영어판 vi-etym-sino, 표준 한자음
khoảng	曠	1	khoáng			영어판 vi-etym-sino (hv=n·preMC 표시)
khoảnh khắc	頃刻	0				영어판 vi-etym-sino, 표준 한자음
khu	區	0				영어판 어원 여럿 중 앱 뜻에 맞는 절
khu vực	區域	0				영어판 vi-etym-sino, 표준 한자음
khuya	虧	1	khuy			영어판 vi-etym-sino · 베트남어판 한자음 목록 대조
khuyên	勸	1	khuyến	권하,충고		영어판 어원 여럿 중 앱 뜻에 맞는 절
khuyến khích	勸激	0				영어판 vi-etym-sino, 표준 한자음
khuyến mãi	勸買	0				영어판 vi-etym-sino, 표준 한자음
khuyến mại	勸賣	0				영어판 vi-etym-sino, 표준 한자음
khuyết tật	缺疾	0				영어판 vi-etym-sino, 표준 한자음
khá	可	1	khả			영어판 vi-etym-sino (hv=n·preMC 표시)
khác	各	1	các			영어판 vi-etym-sino · 베트남어판 한자음 목록 대조
khác biệt	各別	1	các biệt			영어판 vi-etym-sino, 표준 한자음 · 베트남어판 한자음 목록 대조로 옛 한자음 표시
khách	客	0				영어판 어원 여럿 중 앱 뜻에 맞는 절
khách sạn	客棧	0				영어판 vi-etym-sino, 표준 한자음
khái niệm	概念	0				영어판 vi-etym-sino, 표준 한자음
khám bệnh	看病	1	khán bệnh			영어판 vi-etym-sino (hv=n 옛 한자음)
kháng sinh	抗生	0				영어판 vi-etym-sino, 표준 한자음
khát	渴	0				영어판 vi-etym-sino · 베트남어판 한자음 목록 대조
khéo	巧	1	xảo			영어판 어원 여럿 중 앱 뜻에 맞는 절
khí hậu	氣候	0				영어판 vi-etym-sino, 표준 한자음
khóc	哭	1	khốc			영어판 vi-etym-sino (hv=n·preMC 표시)
khô	枯	0				영어판 vi-etym-sino · 베트남어판 한자음 목록 대조
không	空	0				영어판 vi-etym-sino · 베트남어판 한자음 목록 대조
không gian	空間	0				영어판 vi-etym-sino, 표준 한자음
không khí	空氣	0				영어판 vi-etym-sino, 표준 한자음
khúc côn cầu	曲棍球	0				영어판 vi-etym-sino, 표준 한자음
khăn	巾	1	cân			영어판 vi-etym-sino · 베트남어판 한자음 목록 대조
khả năng	可能	0				영어판 vi-etym-sino, 표준 한자음
khả quan	可觀	0				영어판 vi-etym-sino, 표준 한자음
khả thi	可施	0				영어판 vi-etym-sino, 표준 한자음
khảo sát	考察	0				영어판 vi-etym-sino, 표준 한자음
khẩn	緊	0				영어판 vi-etym-sino · 베트남어판 한자음 목록 대조
khẩn cấp	緊急	0				영어판 vi-etym-sino, 표준 한자음
khẩu hiệu	口號	0				영어판 vi-etym-sino, 표준 한자음
khẩu ngữ	口語	0				영어판 vi-etym-sino, 표준 한자음
khẩu vị	口味	0				영어판 vi-etym-sino, 표준 한자음
khắc nghiệt	刻孽	0				영어판 vi-etym-sino, 표준 한자음
khẳng định	肯定	0				영어판 vi-etym-sino, 표준 한자음
khối	塊	0				영어판 vi-etym-sino · 베트남어판 한자음 목록 대조
khổ	苦	0				영어판 어원 여럿 중 앱 뜻에 맞는 절
khởi hành	起行	0				영어판 vi-etym-sino, 표준 한자음
khởi đầu	起頭	0				영어판 vi-etym-sino, 표준 한자음
khởi động	起動	0				영어판 vi-etym-sino, 표준 한자음
khủng khiếp	恐怯	0				영어판 vi-etym-sino, 표준 한자음
khứ hồi	去回	0				영어판 vi-etym-sino, 표준 한자음
kia	其	1	kì			영어판 vi-etym-sino · 베트남어판 한자음 목록 대조
kim	針	1	châm			영어판 어원 여럿 중 앱 뜻에 맞는 절
kim cương	金剛	0				영어판 vi-etym-sino, 표준 한자음
kim loại	金類	0				영어판 (확인 필요 표시였던 것을 원문으로 확인)
kim tự tháp	金字塔	0				영어판 vi-etym-sino, 표준 한자음
kinh doanh	經營	0				영어판 vi-etym-sino, 표준 한자음
kinh nghiệm	經驗	0				영어판 vi-etym-sino, 표준 한자음
kinh phí	經費	0				영어판 vi-etym-sino, 표준 한자음
kinh tế	經濟	0				영어판 vi-etym-sino, 표준 한자음
kinh điển	經典	0				영어판 vi-etym-sino, 표준 한자음
kinh đô	京都	0				영어판 vi-etym-sino, 표준 한자음
kiên nhẫn	堅忍	0				영어판 vi-etym-sino, 표준 한자음
kiên quyết	堅決	0				영어판 vi-etym-sino, 표준 한자음
kiên trì	堅持	0				영어판 vi-etym-sino, 표준 한자음
kiêng	敬	1	kính			영어판 vi-etym-sino · 베트남어판 한자음 목록 대조
kiếm	檢	1	kiểm	벌다,찾다,구하		영어판 어원 여럿 중 앱 뜻에 맞는 절
kiến thức	見識	0				영어판 vi-etym-sino, 표준 한자음
kiến trúc	建築	0				영어판 vi-etym-sino, 표준 한자음
kiến trúc sư	建築師	0				영어판 vi-etym-sino, 표준 한자음
kiểm	檢	0				영어판 vi-etym-sino · 베트남어판 한자음 목록 대조
kiểm kê	檢計	0				영어판 vi-etym-sino (검수 목록 밖 앱 낱말, 원문 확인)
kiểm soát	檢察	1	kiểm sát			영어판 vi-etym-sino (hv=n 옛 한자음)
kiểm sát	檢察	0				영어판 vi-etym-sino, 표준 한자음
kiểm tra	檢查	0				영어판 vi-etym-sino, 표준 한자음
kiểu	矯	0				영어판 vi-etym-sino · 베트남어판 한자음 목록 대조
kéo	鉸	1	giảo	가위		영어판 어원 여럿 중 앱 뜻에 맞는 절
kênh	巠	0				영어판 어원 여럿 중 앱 뜻에 맞는 절
kêu	叫	1	khiếu			영어판 vi-etym-sino (hv=n·preMC 표시)
kìa	其	1	kì			영어판 vi-etym-sino · 베트남어판 한자음 목록 대조
kìm	鉗	1	kiềm			영어판 vi-etym-sino (검수 목록 밖 앱 낱말, 원문 확인)
kí	記	0				영어판 어원 여럿 중 앱 뜻에 맞는 절
kí túc xá	寄宿舍	0				영어판 vi-etym-sino, 표준 한자음
kích thích	激刺	0				영어판 vi-etym-sino, 표준 한자음
kính	敬	0		존경		영어판 어원 여럿 중 앱 뜻에 맞는 절
kính	鏡	0		안경,유리		영어판 어원 여럿 중 앱 뜻에 맞는 절
kính trọng	敬重	0				영어판 vi-etym-sino, 표준 한자음
kế hoạch	計畫	0				영어판 vi-etym-sino, 표준 한자음
kế toán	計算	0				영어판 vi-etym-sino, 표준 한자음
kết bạn	結伴	0				영어판 vi-etym-sino, 표준 한자음
kết cấu	結構	0				영어판 vi-etym-sino, 표준 한자음
kết hôn	結婚	0				영어판 vi-etym-sino, 표준 한자음
kết hợp	結合	0				영어판 vi-etym-sino, 표준 한자음
kết luận	結論	0				영어판 vi-etym-sino, 표준 한자음
kết quả	結果	0				영어판 vi-etym-sino, 표준 한자음
kết thúc	結束	0				영어판 vi-etym-sino, 표준 한자음
kết từ	結詞	0				영어판 vi-etym-sino, 표준 한자음
kể	計	1	kế			영어판 vi-etym-sino (hv=n·preMC 표시)
kịch	劇	0				영어판 어원 여럿 중 앱 뜻에 맞는 절
kịp	及	1	cập			영어판 vi-etym-sino (hv=n·preMC 표시)
lan	蘭	0		난초		영어판 어원 여럿 중 앱 뜻에 맞는 절
lao động	勞動	0				영어판 vi-etym-sino, 표준 한자음
li hôn	離婚	0				영어판 vi-etym-sino, 표준 한자음
linh	零	0		영		영어판 어원 여럿 중 앱 뜻에 맞는 절
linh hoạt	靈活	0				영어판 vi-etym-sino, 표준 한자음
linh kiện	零件	0				영어판 vi-etym-sino, 표준 한자음
linh mục	靈牧	0				영어판 vi-etym-sino, 표준 한자음
liên	連	0				영어판 어원 여럿 중 앱 뜻에 맞는 절
liên hệ	聯繫	0				영어판 vi-etym-sino, 표준 한자음
liên lạc	聯絡	0				영어판 vi-etym-sino, 표준 한자음
liên minh	聯盟	0				영어판 vi-etym-sino, 표준 한자음
liên tiếp	連接	0				영어판 vi-etym-sino, 표준 한자음
liên tục	連續	0				영어판 vi-etym-sino, 표준 한자음
liền	連	1	liên			영어판 vi-etym-sino (hv=n·preMC 표시)
liệt kê	列計	0				영어판 vi-etym-sino, 표준 한자음
liệu	料	0				영어판 vi-etym-sino · 베트남어판 한자음 목록 대조
lo	慮	1	lự			영어판 vi-etym-sino (hv=n·preMC 표시)
loa	螺	0				영어판 vi-etym-sino · 베트남어판 한자음 목록 대조
loại	類	0				영어판 어원 여럿 중 앱 뜻에 맞는 절
loại từ	類詞	0				영어판 vi-etym-sino, 표준 한자음
luyện	練	0				영어판 vi-etym-sino · 베트남어판 한자음 목록 대조
luyện tập	練習	0				영어판 vi-etym-sino, 표준 한자음
luận văn	論文	0				영어판 vi-etym-sino, 표준 한자음
luận án	論案	0				영어판 vi-etym-sino, 표준 한자음
luật	律	0				영어판 vi-etym-sino · 베트남어판 한자음 목록 대조
luật sư	律師	0				영어판 vi-etym-sino, 표준 한자음
lân cận	鄰近	0				영어판 vi-etym-sino, 표준 한자음
lã	冷	1	lãnh			영어판 vi-etym-sino (검수 목록 밖 앱 낱말, 원문 확인)
lãi	利	1	lợi			영어판 어원 여럿 중 앱 뜻에 맞는 절
lãng mạn	浪漫	0				영어판 vi-etym-sino, 표준 한자음
lãng phí	浪費	0				영어판 vi-etym-sino (검수 목록 밖 앱 낱말, 원문 확인)
lãnh sự quán	領事館	0				영어판 vi-etym-sino, 표준 한자음
lãnh đạo	領導	0				영어판 vi-etym-sino, 표준 한자음
lão	老	0				영어판 vi-etym-sino · 베트남어판 한자음 목록 대조
lìa	離	1	li			영어판 vi-etym-sino · 베트남어판 한자음 목록 대조
lí do	理由	0				영어판 vi-etym-sino, 표준 한자음
lý do	理由	0				베트남어판 vi-etym-sino (영어판은 i 철자 쪽에 있음)
lĩnh vực	領域	0				영어판 vi-etym-sino, 표준 한자음
lưu	留	0				영어판 vi-etym-sino · 베트남어판 한자음 목록 대조
lưu niệm	留念	0				영어판 vi-etym-sino, 표준 한자음
lưu trú	留住	0				영어판 vi-etym-sino, 표준 한자음
lương	糧	0				영어판 어원 여럿 중 앱 뜻에 맞는 절
lương thực	糧食	0				영어판 vi-etym-sino, 표준 한자음
lượng	量	0				영어판 어원 여럿 중 앱 뜻에 맞는 절
lượng từ	量詞	0				영어판 vi-etym-sino, 표준 한자음
lạc	落	0				영어판 vi-etym-sino · 베트남어판 한자음 목록 대조
lạc hậu	落後	0				영어판 vi-etym-sino, 표준 한자음
lạng	兩	0				영어판 vi-etym-sino · 베트남어판 한자음 목록 대조
lạnh	冷	1	lãnh			영어판 vi-etym-sino (hv=n·preMC 표시)
lần	輪	1	luân			영어판 어원 여럿 중 앱 뜻에 맞는 절
lầu	樓	1	lâu			영어판 vi-etym-sino · 베트남어판 한자음 목록 대조
lập	立	0				영어판 vi-etym-sino · 베트남어판 한자음 목록 대조
lều	寮	1	liêu			영어판 vi-etym-sino (hv=n·preMC 표시)
lễ	禮	0				영어판 vi-etym-sino · 베트남어판 한자음 목록 대조
lễ hội	禮會	0				영어판 vi-etym-sino, 표준 한자음
lễ phép	禮法	1	lễ pháp			영어판 vi-etym-sino (hv=n 옛 한자음)
lễ tân	禮賓	0				영어판 vi-etym-sino, 표준 한자음
lệ phí	例費	0				영어판 vi-etym-sino, 표준 한자음
lịch	曆	0				영어판 어원 여럿 중 앱 뜻에 맞는 절
lịch sử	歷史	0				영어판 vi-etym-sino, 표준 한자음
lịch sự	歷事	0				영어판 vi-etym-sino, 표준 한자음
lịch trình	歷程	0				영어판 vi-etym-sino, 표준 한자음
lỗi	纇	0				영어판 vi-etym-sino · 베트남어판 한자음 목록 대조
lộc	祿	0				영어판 어원 여럿 중 앱 뜻에 맞는 절
lời	利	1	lợi	이익,이자		영어판 어원 여럿 중 앱 뜻에 맞는 절
lợi	利	0		이익		영어판 어원 여럿 중 앱 뜻에 맞는 절
lợi nhuận	利潤	0				영어판 vi-etym-sino, 표준 한자음
lợi tức	利息	0				영어판 vi-etym-sino, 표준 한자음
lợi ích	利益	0				영어판 vi-etym-sino, 표준 한자음
lụa	縷	1	lũ			영어판 vi-etym-sino · 베트남어판 한자음 목록 대조
lực	力	0				영어판 vi-etym-sino (hv=n·preMC 표시)
ma	魔	0				영어판 vi-etym-sino · 베트남어판 한자음 목록 대조
mai một	埋沒	0				영어판 vi-etym-sino, 표준 한자음
minh hoạ	明畫	0				영어판 vi-etym-sino, 표준 한자음
miêu tả	描寫	0				영어판 vi-etym-sino, 표준 한자음
miền	面	1	diện			영어판 vi-etym-sino · 베트남어판 한자음 목록 대조
miễn	免	0				영어판 vi-etym-sino · 베트남어판 한자음 목록 대조
miễn nhiệm	免任	0				영어판 vi-etym-sino, 표준 한자음
miễn phí	免費	0				영어판 vi-etym-sino, 표준 한자음
miễn thuế	免稅	0				영어판 vi-etym-sino, 표준 한자음
miệt thị	蔑視	0				영어판 vi-etym-sino, 표준 한자음
mong	望	1	vọng			영어판 어원 여럿 중 앱 뜻에 맞는 절
mua	務	1	vụ			영어판 어원 여럿 중 앱 뜻에 맞는 절
màn	幔	1	mạn			영어판 vi-etym-sino (hv=n·preMC 표시)
màu	貌	1	mạo			영어판 vi-etym-sino (hv=n·preMC 표시)
má	媽	1	ma	엄마		영어판 어원 여럿 중 앱 뜻에 맞는 절
mâu thuẫn	矛盾	0				영어판 vi-etym-sino, 표준 한자음
mã	碼	0		코드,번호		영어판 어원 여럿 중 앱 뜻에 맞는 절
mã	馬	0		말		영어판 어원 여럿 중 앱 뜻에 맞는 절
mãn tính	慢性	1	mạn tính			영어판 vi-etym-sino (hv=n 옛 한자음)
mê	迷	0				영어판 vi-etym-sino · 베트남어판 한자음 목록 대조
mô hình	模型	0				영어판 vi-etym-sino, 표준 한자음
mô phỏng	摸仿	0				영어판 vi-etym-sino, 표준 한자음
mô tả	模寫	0				영어판 vi-etym-sino, 표준 한자음
môi trường	媒場	0				영어판 vi-etym-sino, 표준 한자음
môn	門	0				영어판 vi-etym-sino · 베트남어판 한자음 목록 대조
mùi	味	1	vị			영어판 vi-etym-sino · 베트남어판 한자음 목록 대조
mũ	帽	1	mạo			영어판 vi-etym-sino (hv=n·preMC 표시)
mạch lạc	脈絡	0				영어판 vi-etym-sino, 표준 한자음
mạng	命	0		목숨		영어판 어원 여럿 중 앱 뜻에 맞는 절
mạng	網	1	võng	네트워크,인터넷		영어판 어원 여럿 중 앱 뜻에 맞는 절
mạnh	猛	1	mãnh			영어판 vi-etym-sino (hv=n·preMC 표시)
mả	墓	1	mộ			영어판 vi-etym-sino (검수 목록 밖 앱 낱말, 원문 확인)
mẫu	模	1	mô	견본,양식,패턴,모델,샘플		영어판 어원 여럿 중 앱 뜻에 맞는 절
mật	密	0		비밀		영어판 어원 여럿 중 앱 뜻에 맞는 절
mật	蜜	0		꿀		영어판 어원 여럿 중 앱 뜻에 맞는 절
mật khẩu	密口	0				영어판 vi-etym-sino, 표준 한자음
mền	棉	1	miên			영어판 vi-etym-sino (hv=n·preMC 표시)
mệnh lệnh	命令	0				영어판 vi-etym-sino, 표준 한자음
mệnh đề	命題	0				영어판 vi-etym-sino, 표준 한자음
mọi	每	1	mỗi			영어판 어원 여럿 중 앱 뜻에 맞는 절
mỗi	每	0				영어판 (확인 필요 표시였던 것을 원문으로 확인)
mục tiêu	目標	0				영어판 vi-etym-sino, 표준 한자음
mục đích	目的	0				영어판 vi-etym-sino, 표준 한자음
mức	墨	1	mặc			영어판 vi-etym-sino · 베트남어판 한자음 목록 대조
mứt	蜜	1	mật			영어판 vi-etym-sino · 베트남어판 한자음 목록 대조
mực	墨	1	mặc			영어판 vi-etym-sino · 베트남어판 한자음 목록 대조
mỹ	美	0		미국		영어판 (대문자 항목 등 원문 확인)
nam	南	0		남쪽,남부		영어판 어원 여럿 중 앱 뜻에 맞는 절
nam	男	0		남자,남성		영어판 어원 여럿 중 앱 뜻에 맞는 절
nam giới	男界	0				영어판 vi-etym-sino, 표준 한자음
nam tính	男性	0				영어판 vi-etym-sino, 표준 한자음
nga	俄	0		러시아		영어판 (대문자 항목 등 원문 확인)
ngan	雁	1	nhạn			영어판 vi-etym-sino (hv=n·preMC 표시)
nghi vấn	疑問	0				영어판 vi-etym-sino, 표준 한자음
nghiêm chỉnh	嚴整	0				영어판 vi-etym-sino, 표준 한자음
nghiêm khắc	嚴刻	0				영어판 vi-etym-sino, 표준 한자음
nghiêm trọng	嚴重	0				영어판 vi-etym-sino, 표준 한자음
nghiêm túc	嚴肅	0				영어판 vi-etym-sino, 표준 한자음
nghiên cứu	研究	0				영어판 vi-etym-sino, 표준 한자음
nghiệm thu	驗收	0				영어판 vi-etym-sino (검수 목록 밖 앱 낱말, 원문 확인)
nghèo nàn	難	1	nan		nàn	영어판 — 낱말 일부 음절만 한자어
nghêu	蟯	1	nhiêu			영어판 vi-etym-sino (hv=n·preMC 표시)
nghĩ	議	1	nghị			영어판 vi-etym-sino (hv=n·preMC 표시)
nghĩa	義	0				영어판 vi-etym-sino · 베트남어판 한자음 목록 대조
nghĩa địa	義地	0				영어판 vi-etym-sino, 표준 한자음
nghề	藝	1	nghệ			영어판 vi-etym-sino (hv=n·preMC 표시)
nghệ nhân	藝人	0				영어판 vi-etym-sino, 표준 한자음
nghệ thuật	藝術	0				영어판 vi-etym-sino, 표준 한자음
nghịch	逆	0				영어판 vi-etym-sino (hv=n·preMC 표시)
ngoan	愿	1	nguyện			영어판 vi-etym-sino (hv=n·preMC 표시)
ngoài	外	1	ngoại			영어판 vi-etym-sino · 베트남어판 한자음 목록 대조
ngoại	外	0				영어판 vi-etym-sino · 베트남어판 한자음 목록 대조
ngoại giao	外交	0				영어판 vi-etym-sino, 표준 한자음
ngoại hình	外形	0				영어판 vi-etym-sino, 표준 한자음
ngoại ngữ	外語	0				영어판 vi-etym-sino, 표준 한자음
ngoại thành	外城	0				영어판 vi-etym-sino, 표준 한자음
ngoại thương	外商	0				영어판 어원 여럿 중 앱 뜻에 맞는 절
ngoại tình	外情	0				영어판 vi-etym-sino, 표준 한자음
ngoại tệ	外幣	0				영어판 vi-etym-sino, 표준 한자음
ngu	愚	0				영어판 vi-etym-sino · 베트남어판 한자음 목록 대조
nguy hiểm	危險	0				영어판 vi-etym-sino, 표준 한자음
nguy kịch	危劇	0				영어판 vi-etym-sino, 표준 한자음
nguy nga	巍峨	0				영어판 vi-etym-sino, 표준 한자음
nguyên liệu	原料	0				영어판 vi-etym-sino, 표준 한자음
nguyên nhân	原因	0				영어판 vi-etym-sino, 표준 한자음
nguyên sinh	原生	0				영어판 vi-etym-sino, 표준 한자음
nguyên tắc	原則	0				영어판 vi-etym-sino, 표준 한자음
nguyên âm	元音	0				영어판 vi-etym-sino, 표준 한자음
nguyện vọng	願望	0				영어판 vi-etym-sino, 표준 한자음
nguồn	源	1	nguyên			영어판 vi-etym-sino (hv=n·preMC 표시)
ngân hàng	銀行	0				영어판 vi-etym-sino, 표준 한자음
ngân sách	銀策	0				영어판 vi-etym-sino, 표준 한자음
ngôn ngữ	言語	0				영어판 vi-etym-sino, 표준 한자음
ngưng	凝	0				영어판 vi-etym-sino · 베트남어판 한자음 목록 대조
ngưỡng mộ	仰慕	0				영어판 vi-etym-sino, 표준 한자음
ngược	逆	1	nghịch			영어판 vi-etym-sino (hv=n·preMC 표시)
ngạc nhiên	愕然	0				영어판 vi-etym-sino, 표준 한자음
ngại	礙	0				영어판 vi-etym-sino · 베트남어판 한자음 목록 대조
ngốc	呆	0				영어판 vi-etym-sino · 베트남어판 한자음 목록 대조
ngộ độc	遇毒	0				영어판 vi-etym-sino, 표준 한자음
ngừng	凝	1	ngưng			영어판 (확인 필요 표시였던 것을 원문으로 확인)
ngữ	語	0				영어판 어원 여럿 중 앱 뜻에 맞는 절
ngữ pháp	語法	0				영어판 vi-etym-sino, 표준 한자음
ngữ điệu	語調	0				영어판 vi-etym-sino, 표준 한자음
nhiều	饒	1	nhiêu			영어판 vi-etym-sino (hv=n·preMC 표시)
nhiệm vụ	任務	0				영어판 vi-etym-sino, 표준 한자음
nhiệt tình	熱情	0				영어판 vi-etym-sino, 표준 한자음
nhiệt độ	熱度	0				영어판 vi-etym-sino, 표준 한자음
nhiệt đới	熱帶	1	nhiệt đái			영어판 vi-etym-sino (hv=n 옛 한자음)
nhu cầu	需求	0				영어판 vi-etym-sino, 표준 한자음
nhàn	閒	0				영어판 vi-etym-sino · 베트남어판 한자음 목록 대조
nhân công	人工	0				영어판 vi-etym-sino, 표준 한자음
nhân dân	人民	0				영어판 vi-etym-sino, 표준 한자음
nhân loại	人類	0				영어판 vi-etym-sino, 표준 한자음
nhân quả	因果	0				영어판 vi-etym-sino, 표준 한자음
nhân sự	人事	0				영어판 vi-etym-sino, 표준 한자음
nhân tiện	因便	0				영어판 vi-etym-sino, 표준 한자음
nhân tố	因素	0				영어판 vi-etym-sino, 표준 한자음
nhân viên	人員	0				영어판 vi-etym-sino, 표준 한자음
nhân văn	人文	0				영어판 vi-etym-sino, 표준 한자음
nhân vật	人物	0				영어판 vi-etym-sino, 표준 한자음
nhân xưng	人稱	0				영어판 vi-etym-sino, 표준 한자음
như	如	0				영어판 vi-etym-sino · 베트남어판 한자음 목록 대조
như thế	如勢	0				영어판 vi-etym-sino, 표준 한자음
nhưng	仍	0				영어판 vi-etym-sino · 베트남어판 한자음 목록 대조
nhược điểm	弱點	0				영어판 vi-etym-sino, 표준 한자음
nhạc	樂	0				영어판 어원 여럿 중 앱 뜻에 맞는 절
nhất	一	0				영어판 vi-etym-sino · 베트남어판 한자음 목록 대조
nhất thiết	一切	0				영어판 vi-etym-sino, 표준 한자음
nhất trí	一致	0				영어판 vi-etym-sino, 표준 한자음
nhất định	一定	0				영어판 vi-etym-sino, 표준 한자음
nhận	認	0				영어판 어원 여럿 중 앱 뜻에 맞는 절
nhận định	認定	0				영어판 vi-etym-sino, 표준 한자음
nhập	入	0				영어판 vi-etym-sino · 베트남어판 한자음 목록 대조
nhập cảnh	入境	0				영어판 vi-etym-sino, 표준 한자음
nhập hội	入會	0				영어판 vi-etym-sino, 표준 한자음
nhập khẩu	入口	0				영어판 vi-etym-sino, 표준 한자음
nhập ngũ	入伍	0				영어판 vi-etym-sino, 표준 한자음
nhập viện	入院	0				영어판 vi-etym-sino, 표준 한자음
nhật	日	0		일본		영어판 (대문자 항목 등 원문 확인)
nhật bản	日本	0				영어판 (대문자 항목 등 원문 확인)
nhật ký	日記	0				베트남어판 vi-etym-sino (영어판은 i 철자 쪽에 있음)
nhịn	忍	1	nhẫn			영어판 vi-etym-sino · 베트남어판 한자음 목록 대조
những	仍	1	nhưng			영어판 vi-etym-sino · 베트남어판 한자음 목록 대조
niêm phong	粘封	0				영어판 vi-etym-sino (검수 목록 밖 앱 낱말, 원문 확인)
não	腦	0				영어판 vi-etym-sino · 베트남어판 한자음 목록 대조
nông	農	0		농		영어판 어원 여럿 중 앱 뜻에 맞는 절
nông dân	農民	0				영어판 vi-etym-sino, 표준 한자음
nông thôn	農村	0				영어판 vi-etym-sino, 표준 한자음
năng khiếu	能竅	0				영어판 vi-etym-sino, 표준 한자음
năng lượng	能量	0				영어판 vi-etym-sino, 표준 한자음
năng lực	能力	0				영어판 vi-etym-sino (검수 목록 밖 앱 낱말, 원문 확인)
năng suất	能率	0				영어판 vi-etym-sino, 표준 한자음
năng động	能動	0				영어판 vi-etym-sino, 표준 한자음
nổi	能	1	năng	할 수 있		영어판 어원 여럿 중 앱 뜻에 맞는 절
nỗ lực	努力	0				영어판 vi-etym-sino, 표준 한자음
nội	內	0				영어판 어원 여럿 중 앱 뜻에 맞는 절
nội dung	內容	0				영어판 vi-etym-sino, 표준 한자음
nội thất	內室	0				영어판 vi-etym-sino, 표준 한자음
nội trợ	內助	0				영어판 vi-etym-sino, 표준 한자음
nội tâm	內心	0				영어판 vi-etym-sino, 표준 한자음
nội địa	內地	0				영어판 vi-etym-sino, 표준 한자음
nộp	納	1	nạp			영어판 vi-etym-sino (hv=n·preMC 표시)
nữ	女	0				영어판 vi-etym-sino · 베트남어판 한자음 목록 대조
nữ giới	女界	0				영어판 vi-etym-sino, 표준 한자음
nữ tính	女性	0				영어판 vi-etym-sino, 표준 한자음
pha lê	玻瓈	0				영어판 vi-etym-sino, 표준 한자음
phiên bản	翻版	0				영어판 vi-etym-sino, 표준 한자음
phiên dịch	翻譯	0				영어판 vi-etym-sino, 표준 한자음
phiếm	泛	0				영어판 vi-etym-sino · 베트남어판 한자음 목록 대조
phiếm chỉ	泛指	0				영어판 vi-etym-sino, 표준 한자음
phiếu	票	0				영어판 어원 여럿 중 앱 뜻에 맞는 절
phiền	煩	0				영어판 vi-etym-sino · 베트남어판 한자음 목록 대조
phiền phức	煩複	0				영어판 vi-etym-sino, 표준 한자음
phong bì	封皮	0				영어판 vi-etym-sino, 표준 한자음
phong cách	風格	0				영어판 vi-etym-sino, 표준 한자음
phong cảnh	風景	0				영어판 vi-etym-sino, 표준 한자음
phong kiến	封建	0				영어판 vi-etym-sino, 표준 한자음
phong phú	豐富	0				영어판 vi-etym-sino, 표준 한자음
phong trào	風潮	0				영어판 vi-etym-sino, 표준 한자음
phong tục	風俗	0				영어판 vi-etym-sino, 표준 한자음
phong vị	風味	0				영어판 vi-etym-sino, 표준 한자음
phàn nàn	繁難	1	phồn nan			영어판 vi-etym-sino, 표준 한자음 · 베트남어판 한자음 목록 대조로 옛 한자음 표시
phá	破	0				영어판 어원 여럿 중 앱 뜻에 맞는 절
phái đoàn	派團	0				영어판 vi-etym-sino, 표준 한자음
pháp	法	0				영어판 vi-etym-sino (hv=n·preMC 표시)
pháp luật	法律	0				영어판 vi-etym-sino, 표준 한자음
pháp nhân	法人	0				영어판 vi-etym-sino, 표준 한자음
phát biểu	發表	0				영어판 vi-etym-sino, 표준 한자음
phát hiện	發現	0				영어판 vi-etym-sino, 표준 한자음
phát huy	發揮	0				영어판 vi-etym-sino, 표준 한자음
phát ngôn	發言	0				영어판 vi-etym-sino, 표준 한자음
phát thanh	發聲	0				영어판 vi-etym-sino, 표준 한자음
phát triển	發展	0				영어판 vi-etym-sino, 표준 한자음
phát âm	發音	0				영어판 vi-etym-sino, 표준 한자음
phát đạt	發達	0				영어판 vi-etym-sino, 표준 한자음
phân	分	0				영어판 어원 여럿 중 앱 뜻에 맞는 절
phân biệt	分別	0				영어판 vi-etym-sino, 표준 한자음
phân bổ	分補	0				영어판 vi-etym-sino, 표준 한자음
phân công	分工	0				영어판 vi-etym-sino, 표준 한자음
phân loại	分類	0				영어판 vi-etym-sino, 표준 한자음
phân phối	分配	0				영어판 vi-etym-sino, 표준 한자음
phân tích	分析	0				영어판 vi-etym-sino
phân vân	紛紜	0				영어판 vi-etym-sino, 표준 한자음
phê bình	批評	0				영어판 vi-etym-sino, 표준 한자음
phê duyệt	批閱	0				영어판 vi-etym-sino, 표준 한자음
phê phán	批判	0				영어판 vi-etym-sino, 표준 한자음
phí	費	0				영어판 vi-etym-sino · 베트남어판 한자음 목록 대조
phòng	房	0		방,호실,객실		영어판 어원 여럿 중 앱 뜻에 맞는 절
phòng	防	0		막다,예방		영어판 어원 여럿 중 앱 뜻에 맞는 절
phó	副	0				영어판 어원 여럿 중 앱 뜻에 맞는 절
phó giám đốc	副監督	0				영어판 vi-etym-sino, 표준 한자음
phó từ	副詞	0				영어판 vi-etym-sino, 표준 한자음
phóng	放	0				영어판 어원 여럿 중 앱 뜻에 맞는 절
phóng viên	訪員	0				영어판 vi-etym-sino, 표준 한자음
phù hợp	符合	0				영어판 vi-etym-sino, 표준 한자음
phù sa	浮沙	0				영어판 vi-etym-sino, 표준 한자음
phú quốc	富國	0				영어판 (대문자 항목 등 원문 확인)
phúc lợi	福利	0				영어판 vi-etym-sino, 표준 한자음
phương hướng	方向	0				영어판 vi-etym-sino, 표준 한자음
phương pháp	方法	0				영어판 vi-etym-sino, 표준 한자음
phương thức	方式	0				영어판 vi-etym-sino, 표준 한자음
phương tiện	方便	0				영어판 vi-etym-sino, 표준 한자음
phường	坊	0				영어판 vi-etym-sino · 베트남어판 한자음 목록 대조
phượng	鳳	0				영어판 vi-etym-sino · 베트남어판 한자음 목록 대조
phạm	犯	0				영어판 vi-etym-sino · 베트남어판 한자음 목록 대조
phạm lỗi	犯纇	0				영어판 vi-etym-sino, 표준 한자음
phạm vi	範圍	0				영어판 vi-etym-sino, 표준 한자음
phạt	罰	0				영어판 어원 여럿 중 앱 뜻에 맞는 절
phải	被	1	bị			영어판 vi-etym-sino · 베트남어판 한자음 목록 대조
phản bác	反駁	0				영어판 vi-etym-sino, 표준 한자음
phản hồi	返回	0				영어판 vi-etym-sino, 표준 한자음
phản kháng	反抗	0				영어판 vi-etym-sino, 표준 한자음
phản đối	反對	0				영어판 vi-etym-sino, 표준 한자음
phản ứng	反應	0				영어판 vi-etym-sino, 표준 한자음
phấn	粉	0				영어판 vi-etym-sino · 베트남어판 한자음 목록 대조
phấn khích	奮激	0				영어판 vi-etym-sino, 표준 한자음
phấn đấu	奮鬥	0				영어판 vi-etym-sino, 표준 한자음
phất	拂	0				영어판 vi-etym-sino · 베트남어판 한자음 목록 대조
phần	分	0				영어판 vi-etym-sino · 베트남어판 한자음 목록 대조
phần lan	芬蘭	1	phân lan			영어판 (대문자 항목 등 원문 확인)
phẫu thuật	剖術	0				영어판 vi-etym-sino, 표준 한자음
phỏng vấn	訪問	0				영어판 vi-etym-sino, 표준 한자음
phỏng đoán	仿斷	0				영어판 vi-etym-sino, 표준 한자음
phố	舖	0				영어판 vi-etym-sino · 베트남어판 한자음 목록 대조
phối hợp	配合	0				영어판 vi-etym-sino (검수 목록 밖 앱 낱말, 원문 확인)
phổ	普	0				영어판 vi-etym-sino · 베트남어판 한자음 목록 대조
phổ biến	普遍	0				영어판 vi-etym-sino, 표준 한자음
phổ thông	普通	0				영어판 vi-etym-sino, 표준 한자음
phụ huynh	父兄	0				영어판 vi-etym-sino, 표준 한자음
phụ nữ	婦女	0				영어판 vi-etym-sino, 표준 한자음
phụ thuộc	附屬	0				영어판 vi-etym-sino, 표준 한자음
phụ trách	負責	0				영어판 vi-etym-sino, 표준 한자음
phụ tùng	附從	0				영어판 vi-etym-sino (검수 목록 밖 앱 낱말, 원문 확인)
phụ từ	附詞	0				영어판 vi-etym-sino, 표준 한자음
phụ âm	輔音	0				영어판 vi-etym-sino, 표준 한자음
phụ đề	附題	0				영어판 vi-etym-sino, 표준 한자음
phục vụ	服務	0				영어판 vi-etym-sino, 표준 한자음
phủ định	否定	0				영어판 vi-etym-sino, 표준 한자음
phức tạp	複雜	0				영어판 vi-etym-sino, 표준 한자음
qua	過	0				영어판 어원 여럿 중 앱 뜻에 맞는 절
quan hệ	關係	0				영어판 vi-etym-sino, 표준 한자음
quan niệm	觀念	0				영어판 vi-etym-sino, 표준 한자음
quan sát	觀察	0				영어판 vi-etym-sino, 표준 한자음
quan trọng	關重	0				영어판 vi-etym-sino, 표준 한자음
quan tâm	關心	0				영어판 vi-etym-sino, 표준 한자음
quan điểm	觀點	0				영어판 vi-etym-sino, 표준 한자음
quang	光	0				영어판 어원 여럿 중 앱 뜻에 맞는 절
quen	慣	1	quán			영어판 vi-etym-sino · 베트남어판 한자음 목록 대조
quy hoạch	規劃	0				영어판 vi-etym-sino, 표준 한자음
quy luật	規律	0				영어판 vi-etym-sino, 표준 한자음
quy mô	規模	0				영어판 vi-etym-sino, 표준 한자음
quy trình	規程	0				영어판 vi-etym-sino, 표준 한자음
quy tắc	規則	0				영어판 vi-etym-sino
quy định	規定	0				영어판 vi-etym-sino, 표준 한자음
quyết	決	0				영어판 vi-etym-sino · 베트남어판 한자음 목록 대조
quyết toán	決算	0				영어판 vi-etym-sino (검수 목록 밖 앱 낱말, 원문 확인)
quyết tâm	決心	0				영어판 vi-etym-sino, 표준 한자음
quyết đoán	決斷	0				영어판 vi-etym-sino, 표준 한자음
quyết định	決定	0				영어판 vi-etym-sino, 표준 한자음
quyền	權	0				영어판 어원 여럿 중 앱 뜻에 맞는 절
quyền hạn	權限	0				영어판 vi-etym-sino, 표준 한자음
quyền lợi	權利	0				영어판 vi-etym-sino, 표준 한자음
quyển	卷	0				영어판 어원 여럿 중 앱 뜻에 맞는 절
quá	過	0				영어판 vi-etym-sino · 베트남어판 한자음 목록 대조
quá khứ	過去	0				영어판 vi-etym-sino, 표준 한자음
quá trình	過程	0				영어판 vi-etym-sino, 표준 한자음
quá tải	過載	0				영어판 vi-etym-sino, 표준 한자음
quán	館	0				영어판 vi-etym-sino · 베트남어판 한자음 목록 대조
quân sự	軍事	0				영어판 vi-etym-sino, 표준 한자음
quân đội	軍隊	0				영어판 vi-etym-sino, 표준 한자음
quê hương	鄉	0			hương	영어판 — 낱말 일부 음절만 한자어
quý	貴	0				영어판 어원 여럿 중 앱 뜻에 맞는 절
quý khách	貴客	0				영어판 vi-etym-sino, 표준 한자음
quý vị	貴位	0				영어판 vi-etym-sino, 표준 한자음
quýt	橘	1	quất			영어판 vi-etym-sino (hv=n·preMC 표시)
quả	果	0				영어판 어원 여럿 중 앱 뜻에 맞는 절
quả nhiên	果然	0				영어판 vi-etym-sino, 표준 한자음
quảng cáo	廣告	0				영어판 vi-etym-sino, 표준 한자음
quần	裙	0				영어판 어원 여럿 중 앱 뜻에 맞는 절
quầy	櫃	1	quỹ			영어판 vi-etym-sino (hv=n·preMC 표시)
quận	郡	0				영어판 vi-etym-sino · 베트남어판 한자음 목록 대조
quẻ	卦	1	quái			영어판 vi-etym-sino (hv=n·preMC 표시)
quốc gia	國家	0				영어판 vi-etym-sino, 표준 한자음
quốc khánh	國慶	0				영어판 vi-etym-sino, 표준 한자음
quốc kỳ	國旗	0				베트남어판 vi-etym-sino (영어판은 i 철자 쪽에 있음)
quốc tế	國際	0				영어판 vi-etym-sino, 표준 한자음
quốc tịch	國籍	0				영어판 vi-etym-sino, 표준 한자음
quỳ	跪	1	quỵ			영어판 vi-etym-sino · 베트남어판 한자음 목록 대조
rét	冽	1	liệt			영어판 vi-etym-sino (hv=n·preMC 표시)
rể	婿	1	tế			영어판 vi-etym-sino (hv=n·preMC 표시)
rời	離	1	li			영어판 vi-etym-sino · 베트남어판 한자음 목록 대조
sa mạc	沙漠	0				영어판 vi-etym-sino, 표준 한자음
sa thải	沙汰	0				영어판 vi-etym-sino, 표준 한자음
sai	差	0				영어판 어원 여럿 중 앱 뜻에 맞는 절
sinh	生	0				영어판 vi-etym-sino · 베트남어판 한자음 목록 대조
sinh hoạt	生活	0				영어판 vi-etym-sino, 표준 한자음
sinh nhật	生日	0				영어판 vi-etym-sino, 표준 한자음
sinh tố	生素	0				영어판 vi-etym-sino, 표준 한자음
sinh viên	生員	0				영어판 vi-etym-sino, 표준 한자음
sinh động	生動	0				영어판 vi-etym-sino, 표준 한자음
siêu nhân	超人	0				영어판 vi-etym-sino, 표준 한자음
siêu thị	超市	0				영어판 vi-etym-sino, 표준 한자음
song song	雙雙	0				영어판 vi-etym-sino, 표준 한자음
sung sướng	充暢	0				영어판 vi-etym-sino, 표준 한자음
suy tư	推思	0				영어판 vi-etym-sino, 표준 한자음
sách	冊	0				영어판 vi-etym-sino · 베트남어판 한자음 목록 대조
sáng tác	創作	0				영어판 vi-etym-sino, 표준 한자음
sáng tạo	創造	0				영어판 vi-etym-sino, 표준 한자음
sân vận động	運動	0			vận động	영어판 — 낱말 일부 음절만 한자어
sính	逞	0				영어판 어원 여럿 중 앱 뜻에 맞는 절
sơ tán	疏散	0				영어판 vi-etym-sino (검수 목록 밖 앱 낱말, 원문 확인)
sơ đồ	疏圖	0				영어판 vi-etym-sino, 표준 한자음
sư phạm	師範	0				영어판 vi-etym-sino, 표준 한자음
sưu tầm	搜尋	0				영어판 vi-etym-sino, 표준 한자음
sưu tập	搜集	0				영어판 vi-etym-sino, 표준 한자음
sản lượng	產量	0				영어판 vi-etym-sino, 표준 한자음
sản phẩm	產品	0				영어판 vi-etym-sino, 표준 한자음
sản phụ	產婦	0				영어판 vi-etym-sino, 표준 한자음
sản vật	產物	0				영어판 vi-etym-sino, 표준 한자음
sản xuất	產出	0				영어판 vi-etym-sino, 표준 한자음
sảng khoái	爽快	0				영어판 vi-etym-sino, 표준 한자음
sầm uất	岑蔚	0				영어판 vi-etym-sino, 표준 한자음
sắc	色	0		색		영어판 어원 여럿 중 앱 뜻에 맞는 절
sắc thái	色彩	0				영어판 vi-etym-sino, 표준 한자음
số	數	0				영어판 (확인 필요 표시였던 것을 원문으로 확인)
số liệu	數料	0				영어판 vi-etym-sino (검수 목록 밖 앱 낱말, 원문 확인)
số lượng	數量	0				영어판 vi-etym-sino, 표준 한자음
số từ	數詞	0				영어판 vi-etym-sino, 표준 한자음
sở thích	所適	0				영어판 (확인 필요 표시였던 것을 원문으로 확인)
sứ mệnh	使命	0				영어판 vi-etym-sino, 표준 한자음
sử dụng	使用	0				영어판 vi-etym-sino, 표준 한자음
sử sách	史冊	0				영어판 vi-etym-sino, 표준 한자음
sự	事	0				영어판 vi-etym-sino · 베트남어판 한자음 목록 대조
sự cố	事故	0				영어판 vi-etym-sino, 표준 한자음
sự kiện	事件	0				영어판 vi-etym-sino, 표준 한자음
sự nghiệp	事業	0				영어판 vi-etym-sino, 표준 한자음
sự thật	事實	0				영어판 vi-etym-sino, 표준 한자음
sự tích	事蹟	0				영어판 vi-etym-sino, 표준 한자음
sự vật	事物	0				영어판 vi-etym-sino, 표준 한자음
tai nạn	災難	0				영어판 vi-etym-sino, 표준 한자음
tang	喪	0				영어판 어원 여럿 중 앱 뜻에 맞는 절
tham dự	參與	0				영어판 vi-etym-sino, 표준 한자음
tham gia	參加	0				영어판 vi-etym-sino, 표준 한자음
tham khảo	參考	0				영어판 vi-etym-sino, 표준 한자음
tham quan	參觀	0				영어판 vi-etym-sino, 표준 한자음
than	嘆	1	thán	불평		영어판 어원 여럿 중 앱 뜻에 맞는 절
than	炭	1	thán	석탄,숯		영어판 어원 여럿 중 앱 뜻에 맞는 절
thanh	聲	0		성조,소리		영어판 어원 여럿 중 앱 뜻에 맞는 절
thanh bình	清平	0				영어판 vi-etym-sino, 표준 한자음
thanh long	青龍	0				영어판 vi-etym-sino, 표준 한자음
thanh niên	青年	0				영어판 vi-etym-sino, 표준 한자음
thanh thản	清坦	0				영어판 vi-etym-sino, 표준 한자음
thanh toán	清算	0				영어판 vi-etym-sino, 표준 한자음
thanh điệu	聲調	0				영어판 vi-etym-sino, 표준 한자음
thay	替	1	thế			영어판 어원 여럿 중 앱 뜻에 맞는 절
thi	試	1	thí			영어판 어원 여럿 중 앱 뜻에 맞는 절
thi công	施工	0				영어판 vi-etym-sino (검수 목록 밖 앱 낱말, 원문 확인)
thi vị	詩味	0				영어판 vi-etym-sino, 표준 한자음
thiên	偏	0				영어판 어원 여럿 중 앱 뜻에 맞는 절
thiên nhiên	天然	0				영어판 vi-etym-sino, 표준 한자음
thiên tai	天災	0				영어판 vi-etym-sino, 표준 한자음
thiếp	帖	0				영어판 어원 여럿 중 앱 뜻에 맞는 절
thiết bị	設備	0				영어판 vi-etym-sino, 표준 한자음
thiết kế	設計	0				영어판 vi-etym-sino, 표준 한자음
thiết thực	切實	0				영어판 vi-etym-sino, 표준 한자음
thiếu	少	0				영어판 vi-etym-sino · 베트남어판 한자음 목록 대조
thiếu nhi	少兒	0				영어판 vi-etym-sino, 표준 한자음
thiền	禪	0				영어판 어원 여럿 중 앱 뜻에 맞는 절
thiểu số	少數	0				영어판 vi-etym-sino, 표준 한자음
thoát	脫	0				영어판 vi-etym-sino · 베트남어판 한자음 목록 대조
thoả hiệp	妥協	0				영어판 vi-etym-sino, 표준 한자음
thu nhập	收入	0				영어판 vi-etym-sino, 표준 한자음
thu phục	收服	0				영어판 vi-etym-sino, 표준 한자음
thu thập	收拾	0				영어판 vi-etym-sino, 표준 한자음
thua	輸	1	thâu			영어판 vi-etym-sino (hv=n·preMC 표시)
thuyết	說	0				영어판 vi-etym-sino · 베트남어판 한자음 목록 대조
thuyết phục	說服	0				영어판 vi-etym-sino, 표준 한자음
thuyết trình	說呈	0				영어판 vi-etym-sino, 표준 한자음
thuyền	船	0				영어판 vi-etym-sino · 베트남어판 한자음 목록 대조
thuê	稅	1	thuế			영어판 vi-etym-sino · 베트남어판 한자음 목록 대조
thuần thục	純熟	0				영어판 vi-etym-sino, 표준 한자음
thuận hòa	順和	0				영어판 vi-etym-sino, 표준 한자음
thuận lợi	順利	0				영어판 vi-etym-sino, 표준 한자음
thuận tiện	順便	0				영어판 vi-etym-sino, 표준 한자음
thuật ngữ	術語	0				영어판 vi-etym-sino, 표준 한자음
thuật toán	術算	0				영어판 (확인 필요 표시였던 것을 원문으로 확인)
thuế	稅	0				영어판 vi-etym-sino · 베트남어판 한자음 목록 대조
thuốc	毒	1	độc			영어판 vi-etym-sino · 베트남어판 한자음 목록 대조
thuộc	屬	0		속하		영어판 어원 여럿 중 앱 뜻에 맞는 절
thuộc	熟	1	thục	외우		영어판 어원 여럿 중 앱 뜻에 맞는 절
thuộc tính	屬性	0				영어판 vi-etym-sino, 표준 한자음
thành	成	0				영어판 어원 여럿 중 앱 뜻에 맞는 절
thành công	成功	0				영어판 vi-etym-sino, 표준 한자음
thành lập	成立	0				영어판 vi-etym-sino, 표준 한자음
thành phần	成分	0				영어판 vi-etym-sino, 표준 한자음
thành phố	城庯	0				영어판 vi-etym-sino, 표준 한자음
thành thật	誠實	0				영어판 vi-etym-sino, 표준 한자음
thành thị	城市	0				영어판 vi-etym-sino, 표준 한자음
thành tích	成績	0				영어판 vi-etym-sino, 표준 한자음
thành viên	成員	0				영어판 vi-etym-sino, 표준 한자음
thành đạt	成達	0				영어판 vi-etym-sino, 표준 한자음
thái lan	泰蘭	0				영어판 (대문자 항목 등 원문 확인)
thái độ	態度	0				영어판 vi-etym-sino, 표준 한자음
thám hiểm	探險	0				영어판 vi-etym-sino, 표준 한자음
thán từ	嘆詞	0				영어판 vi-etym-sino, 표준 한자음
tháng giêng	正	1	chính		giêng	영어판 — 낱말 일부 음절만 한자어
tháp	塔	0				영어판 vi-etym-sino · 베트남어판 한자음 목록 대조
thâm nhập	深入	0				영어판 vi-etym-sino, 표준 한자음
thân	親	0		친한,친하		영어판 어원 여럿 중 앱 뜻에 맞는 절
thân	身	0		몸		영어판 어원 여럿 중 앱 뜻에 맞는 절
thân mật	親密	0				영어판 vi-etym-sino, 표준 한자음
thân thiết	親切	0				영어판 vi-etym-sino, 표준 한자음
thân thiện	親善	0				영어판 vi-etym-sino, 표준 한자음
thân thể	身體	0				영어판 vi-etym-sino, 표준 한자음
thèm	饞	1	sàm			영어판 vi-etym-sino (hv=n·preMC 표시)
thêm	添	1	thiêm			영어판 vi-etym-sino (hv=n·preMC 표시)
thìa	匙	1	thi			영어판 vi-etym-sino · 베트남어판 한자음 목록 대조
thích	適	0		좋아		영어판 어원 여럿 중 앱 뜻에 맞는 절
thích hợp	適合	0				영어판 vi-etym-sino, 표준 한자음
thích nghi	適宜	0				영어판 vi-etym-sino, 표준 한자음
thích thú	適趣	0				영어판 vi-etym-sino, 표준 한자음
thích ứng	適應	0				영어판 vi-etym-sino, 표준 한자음
thím	嬸	1	thẩm			영어판 vi-etym-sino (hv=n·preMC 표시)
thôi	退	1	thoái			영어판 어원 여럿 중 앱 뜻에 맞는 절
thông báo	通報	0				영어판 vi-etym-sino, 표준 한자음
thông cảm	通感	0				영어판 vi-etym-sino, 표준 한자음
thông minh	聰明	0				영어판 vi-etym-sino, 표준 한자음
thông thường	通常	0				영어판 vi-etym-sino, 표준 한자음
thông tin	通信	1	thông tín			영어판 vi-etym-sino (hv=n 옛 한자음)
thùng	桶	1	dũng			영어판 어원 여럿 중 앱 뜻에 맞는 절
thú thật	首實	0				영어판 vi-etym-sino, 표준 한자음
thú vị	趣味	0				영어판 vi-etym-sino, 표준 한자음
thăm	探	1	thám			영어판 어원 여럿 중 앱 뜻에 맞는 절
thư	書	0		편지		영어판 vi-etym-sino · 베트남어판 한자음 목록 대조
thư	舒	0		휴식,힐링		영어판 vi-etym-sino · 베트남어판 한자음 목록 대조
thư ký	書記	0				베트남어판 vi-etym-sino (영어판은 i 철자 쪽에 있음)
thư mục	書目	0				영어판 vi-etym-sino, 표준 한자음
thư pháp	書法	0				영어판 vi-etym-sino, 표준 한자음
thư viện	書院	0				영어판 vi-etym-sino, 표준 한자음
thương	傷	0				영어판 어원 여럿 중 앱 뜻에 맞는 절
thương lượng	商量	0				영어판 vi-etym-sino, 표준 한자음
thương mại	商賣	0				영어판 vi-etym-sino, 표준 한자음
thương nghiệp	商業	0				영어판 vi-etym-sino, 표준 한자음
thương thuyết	商說	0				영어판 vi-etym-sino, 표준 한자음
thước	尺	1	xích			영어판 vi-etym-sino · 베트남어판 한자음 목록 대조
thường	常	0				영어판 어원 여럿 중 앱 뜻에 맞는 절
thường dân	常民	0				영어판 vi-etym-sino, 표준 한자음
thường xuyên	常川	0				영어판 vi-etym-sino, 표준 한자음
thưởng	賞	0				영어판 vi-etym-sino · 베트남어판 한자음 목록 대조
thưởng thức	賞識	0				영어판 vi-etym-sino, 표준 한자음
thượng đế	上帝	0				베트남어판 vi-etym-sino (영어판은 i 철자 쪽에 있음)
thả	赦	1	xá			영어판 vi-etym-sino (hv=n·preMC 표시)
thảm	慘	0		비참		영어판 어원 여럿 중 앱 뜻에 맞는 절
thảm	毯	0		카펫,양탄자		영어판 어원 여럿 중 앱 뜻에 맞는 절
thảo luận	討論	0				영어판 vi-etym-sino, 표준 한자음
thấm	沁	0				영어판 vi-etym-sino · 베트남어판 한자음 목록 대조
thấp	隰	0				영어판 vi-etym-sino · 베트남어판 한자음 목록 대조
thất	失	0				영어판 vi-etym-sino · 베트남어판 한자음 목록 대조
thất bại	失敗	0				영어판 vi-etym-sino, 표준 한자음
thất học	失學	0				영어판 vi-etym-sino, 표준 한자음
thất lạc	失落	0				영어판 vi-etym-sino, 표준 한자음
thất nghiệp	失業	0				영어판 vi-etym-sino, 표준 한자음
thất vọng	失望	0				영어판 vi-etym-sino, 표준 한자음
thấy	視	1	thị			영어판 vi-etym-sino · 베트남어판 한자음 목록 대조
thần	神	0				영어판 어원 여럿 중 앱 뜻에 맞는 절
thần tượng	神像	0				영어판 vi-etym-sino, 표준 한자음
thầy giáo	教	0			giáo	영어판 — 낱말 일부 음절만 한자어
thẩm mỹ	審美	0				베트남어판 vi-etym-sino (영어판은 i 철자 쪽에 있음)
thậm chí	甚至	0				영어판 vi-etym-sino, 표준 한자음
thập cẩm	什錦	0				영어판 vi-etym-sino, 표준 한자음
thập phương	十方	0				영어판 vi-etym-sino, 표준 한자음
thật	實	0				영어판 vi-etym-sino · 베트남어판 한자음 목록 대조
thật sự	實事	0				영어판 vi-etym-sino, 표준 한자음
thắng	勝	0				영어판 어원 여럿 중 앱 뜻에 맞는 절
thắng cảnh	勝景	0				영어판 vi-etym-sino, 표준 한자음
thẻ	矢	1	thỉ			영어판 vi-etym-sino (hv=n·preMC 표시)
thế chấp	貰執	0				영어판 vi-etym-sino, 표준 한자음
thế giới	世界	0				영어판 vi-etym-sino, 표준 한자음
thế hệ	世系	0				영어판 vi-etym-sino, 표준 한자음
thế kỷ	世紀	0				베트남어판 vi-etym-sino (영어판은 i 철자 쪽에 있음)
thề	誓	1	thệ			영어판 vi-etym-sino (hv=n·preMC 표시)
thể dục	體育	0				영어판 vi-etym-sino, 표준 한자음
thể hiện	體現	0				영어판 vi-etym-sino, 표준 한자음
thể hình	體形	0				영어판 vi-etym-sino, 표준 한자음
thể loại	體類	0				영어판 vi-etym-sino, 표준 한자음
thể lực	體力	0				영어판 vi-etym-sino, 표준 한자음
thể thao	體操	0				영어판 (확인 필요 표시였던 것을 원문으로 확인)
thị lực	視力	0				영어판 vi-etym-sino, 표준 한자음
thị thực	視實	0				영어판 vi-etym-sino, 표준 한자음
thị trường	市場	0				영어판 어원 여럿 중 앱 뜻에 맞는 절
thị xã	市社	0				영어판 vi-etym-sino, 표준 한자음
thịnh hành	盛行	0				영어판 vi-etym-sino, 표준 한자음
thỏ	兔	0				영어판 vi-etym-sino · 베트남어판 한자음 목록 대조
thống kê	統計	0				영어판 vi-etym-sino, 표준 한자음
thống nhất	統一	0				영어판 vi-etym-sino, 표준 한자음
thốt	說	1	thuyết			영어판 vi-etym-sino · 베트남어판 한자음 목록 대조
thời	時	0				영어판 vi-etym-sino · 베트남어판 한자음 목록 대조
thời gian	時間	0				영어판 vi-etym-sino, 표준 한자음
thời gian biểu	時間表	0				영어판 vi-etym-sino, 표준 한자음
thời hạn	時限	0				영어판 vi-etym-sino, 표준 한자음
thời lượng	時量	0				영어판 vi-etym-sino, 표준 한자음
thời tiết	時節	0				영어판 vi-etym-sino, 표준 한자음
thời trang	時裝	0				영어판 vi-etym-sino, 표준 한자음
thời điểm	時點	0				영어판 vi-etym-sino, 표준 한자음
thủ công	手工	0				영어판 vi-etym-sino, 표준 한자음
thủ quỹ	守櫃	0				영어판 vi-etym-sino, 표준 한자음
thủ tục	手續	0				영어판 vi-etym-sino, 표준 한자음
thủ đô	首都	0				영어판 vi-etym-sino, 표준 한자음
thứ	次	0				영어판 어원 여럿 중 앱 뜻에 맞는 절
thứ tự	次序	0				영어판 vi-etym-sino, 표준 한자음
thừa kế	承繼	0				영어판 vi-etym-sino, 표준 한자음
thử	試	1	thí			영어판 vi-etym-sino (hv=n·preMC 표시)
thử nghiệm	試驗	1	thí nghiệm			영어판 vi-etym-sino (hv=n 옛 한자음)
thực hiện	實現	0				영어판 vi-etym-sino, 표준 한자음
thực hành	實行	0				영어판 vi-etym-sino, 표준 한자음
thực phẩm	食品	0				영어판 vi-etym-sino, 표준 한자음
thực sự	實事	0				영어판 vi-etym-sino, 표준 한자음
thực trạng	實狀	0				영어판 vi-etym-sino, 표준 한자음
thực tế	實際	0				영어판 vi-etym-sino, 표준 한자음
thực đơn	食單	0				영어판 vi-etym-sino, 표준 한자음
tim	心	1	tâm			영어판 vi-etym-sino (hv=n·preMC 표시)
tin	信	1	tín			영어판 vi-etym-sino (hv=n·preMC 표시)
tin tức	信息	1	tín tức			영어판 vi-etym-sino (hv=n 옛 한자음)
tinh thần	精神	0				영어판 vi-etym-sino, 표준 한자음
tinh tế	精細	0				영어판 vi-etym-sino, 표준 한자음
tiên	仙	0				영어판 어원 여럿 중 앱 뜻에 맞는 절
tiên đoán	先斷	0				영어판 vi-etym-sino, 표준 한자음
tiêu	椒	0		후추		영어판 어원 여럿 중 앱 뜻에 맞는 절
tiêu	消	0		소비,쓰		영어판 어원 여럿 중 앱 뜻에 맞는 절
tiêu chuẩn	標準	0				영어판 vi-etym-sino, 표준 한자음
tiêu chí	標誌	0				영어판 vi-etym-sino, 표준 한자음
tiêu cực	消極	0				영어판 vi-etym-sino, 표준 한자음
tiêu phí	消費	0				영어판 vi-etym-sino, 표준 한자음
tiêu thụ	銷售	0				영어판 vi-etym-sino, 표준 한자음
tiêu đề	標題	0				영어판 vi-etym-sino, 표준 한자음
tiếc	惜	1	tích			영어판 vi-etym-sino (hv=n·preMC 표시)
tiến bộ	進步	0				영어판 vi-etym-sino, 표준 한자음
tiến hành	進行	0				영어판 vi-etym-sino, 표준 한자음
tiến triển	進展	0				영어판 vi-etym-sino, 표준 한자음
tiến độ	進度	0				영어판 vi-etym-sino, 표준 한자음
tiếp	接	0				영어판 vi-etym-sino · 베트남어판 한자음 목록 대조
tiếp cận	接近	0				영어판 vi-etym-sino, 표준 한자음
tiếp diễn	接演	0				영어판 vi-etym-sino, 표준 한자음
tiếp khách	接客	0				영어판 vi-etym-sino, 표준 한자음
tiếp nhận	接認	0				영어판 vi-etym-sino, 표준 한자음
tiếp thị	接市	0				영어판 (확인 필요 표시였던 것을 원문으로 확인)
tiếp tân	接賓	0				영어판 vi-etym-sino, 표준 한자음
tiếp tục	接續	0				영어판 vi-etym-sino, 표준 한자음
tiếp xúc	接觸	0				영어판 vi-etym-sino, 표준 한자음
tiết kiệm	節儉	0				영어판 vi-etym-sino, 표준 한자음
tiết mục	節目	0				영어판 vi-etym-sino, 표준 한자음
tiềm năng	潛能	0				영어판 vi-etym-sino, 표준 한자음
tiền	錢	0				영어판 어원 여럿 중 앱 뜻에 맞는 절
tiền thưởng	錢賞	0				영어판 vi-etym-sino, 표준 한자음
tiểu học	小學	0				영어판 vi-etym-sino, 표준 한자음
tiểu thuyết	小說	0				영어판 vi-etym-sino, 표준 한자음
tiểu tiện	小便	0				영어판 vi-etym-sino, 표준 한자음
tiễn	餞	0				영어판 vi-etym-sino · 베트남어판 한자음 목록 대조
tiệc	席	1	tịch			영어판 vi-etym-sino (hv=n·preMC 표시)
tiệm	店	1	điếm			영어판 vi-etym-sino (hv=n·preMC 표시)
tiện	便	0				영어판 어원 여럿 중 앱 뜻에 맞는 절
tiện lợi	便利	0				영어판 vi-etym-sino, 표준 한자음
tiện nghi	便宜	0				영어판 vi-etym-sino, 표준 한자음
tiện ích	便益	0				영어판 vi-etym-sino, 표준 한자음
toàn bộ	全部	0				영어판 vi-etym-sino, 표준 한자음
toàn cầu	全球	0				영어판 vi-etym-sino, 표준 한자음
toán	算	0				영어판 어원 여럿 중 앱 뜻에 맞는 절
tra cứu	查究	0				영어판 vi-etym-sino, 표준 한자음
trang bị	裝備	0				영어판 vi-etym-sino, 표준 한자음
trang hoàng	粧煌	0				영어판 vi-etym-sino, 표준 한자음
trang phục	裝服	0				영어판 vi-etym-sino, 표준 한자음
trang sức	裝飾	0				영어판 vi-etym-sino, 표준 한자음
trang trí	裝置	0				영어판 vi-etym-sino, 표준 한자음
trang trọng	莊重	0				영어판 vi-etym-sino, 표준 한자음
trang điểm	妝點	0				영어판 vi-etym-sino, 표준 한자음
tranh	幀	1	tránh	그림		영어판 어원 여럿 중 앱 뜻에 맞는 절
tranh chấp	爭執	0				영어판 vi-etym-sino, 표준 한자음
tranh thủ	爭取	0				영어판 vi-etym-sino, 표준 한자음
tri thức	知識	0				영어판 vi-etym-sino, 표준 한자음
trinh thám	偵探	0				영어판 vi-etym-sino, 표준 한자음
triết học	哲學	0				영어판 vi-etym-sino, 표준 한자음
triều đại	朝代	0				영어판 vi-etym-sino, 표준 한자음
triển lãm	展覽	0				영어판 vi-etym-sino, 표준 한자음
triệu	兆	0				영어판 vi-etym-sino · 베트남어판 한자음 목록 대조
triệu chứng	兆症	0				영어판 vi-etym-sino, 표준 한자음
trung bình	中平	0				영어판 vi-etym-sino, 표준 한자음
trung học	中學	0				영어판 vi-etym-sino, 표준 한자음
trung niên	中年	0				영어판 vi-etym-sino, 표준 한자음
trung quốc	中國	0				영어판 (대문자 항목 등 원문 확인)
trung thu	中秋	0				영어판 (대문자 항목 등 원문 확인)
trung thực	忠實	0				영어판 vi-etym-sino, 표준 한자음
trung tâm	中心	0				영어판 vi-etym-sino, 표준 한자음
trung ương	中央	0				영어판 vi-etym-sino, 표준 한자음
truyền	傳	0				영어판 vi-etym-sino · 베트남어판 한자음 목록 대조
truyền thuyết	傳說	0				영어판 vi-etym-sino, 표준 한자음
truyền thông	傳通	0				영어판 vi-etym-sino, 표준 한자음
truyền thống	傳統	0				영어판 vi-etym-sino, 표준 한자음
truyện	傳	0				영어판 vi-etym-sino · 베트남어판 한자음 목록 대조
trà	茶	0				영어판 어원 여럿 중 앱 뜻에 맞는 절
trách	責	0				영어판 어원 여럿 중 앱 뜻에 맞는 절
trách nhiệm	責任	0				영어판 vi-etym-sino, 표준 한자음
trân trọng	珍重	0				영어판 vi-etym-sino, 표준 한자음
trì trệ	遲滯	0				영어판 vi-etym-sino, 표준 한자음
trình	呈	0				영어판 어원 여럿 중 앱 뜻에 맞는 절
trình độ	程度	0				영어판 vi-etym-sino, 표준 한자음
trí não	智腦	0				영어판 vi-etym-sino, 표준 한자음
trí tuệ	智慧	0				영어판 vi-etym-sino, 표준 한자음
trí tưởng tượng	智想像	0				영어판 vi-etym-sino, 표준 한자음
trú	住	0				영어판 vi-etym-sino · 베트남어판 한자음 목록 대조
trúc	竹	0				영어판 vi-etym-sino · 베트남어판 한자음 목록 대조
trúng số	中數	0				영어판 vi-etym-sino, 표준 한자음
trường	場	0				영어판 어원 여럿 중 앱 뜻에 맞는 절
trường học	場學	0				영어판 vi-etym-sino, 표준 한자음
trường hợp	場合	0				영어판 vi-etym-sino, 표준 한자음
trưởng thành	長成	0				영어판 vi-etym-sino, 표준 한자음
trạm	站	0				영어판 vi-etym-sino · 베트남어판 한자음 목록 대조
trạng thái	狀態	0				영어판 vi-etym-sino, 표준 한자음
trạng từ	狀詞	0				영어판 vi-etym-sino, 표준 한자음
trấn tĩnh	鎮靜	0				영어판 vi-etym-sino, 표준 한자음
trầm cảm	沉感	0				영어판 vi-etym-sino, 표준 한자음
trầm trọng	沈重	0				영어판 vi-etym-sino, 표준 한자음
trầm tĩnh	沉靜	0				영어판 vi-etym-sino, 표준 한자음
trận	陣	0				영어판 vi-etym-sino · 베트남어판 한자음 목록 대조
trận đấu	陣鬥	0				영어판 vi-etym-sino, 표준 한자음
trật tự	秩序	0				영어판 vi-etym-sino, 표준 한자음
trịnh trọng	鄭重	0				영어판 vi-etym-sino, 표준 한자음
trọng lượng	重量	0				영어판 vi-etym-sino, 표준 한자음
trọng tài	仲裁	0				영어판 vi-etym-sino, 표준 한자음
trọng tâm	重心	0				영어판 vi-etym-sino, 표준 한자음
trở ngại	阻礙	0				영어판 vi-etym-sino, 표준 한자음
trợ từ	助詞	0				영어판 vi-etym-sino, 표준 한자음
trụ sở	柱所	0				영어판 vi-etym-sino, 표준 한자음
trừ	除	0				영어판 vi-etym-sino · 베트남어판 한자음 목록 대조
trừng	瞪	0				영어판 vi-etym-sino · 베트남어판 한자음 목록 대조
trực thuộc	直屬	0				영어판 vi-etym-sino, 표준 한자음
trực tiếp	直接	0				영어판 vi-etym-sino, 표준 한자음
tuy	雖	0				영어판 vi-etym-sino · 베트남어판 한자음 목록 대조
tuy nhiên	雖然	0				영어판 vi-etym-sino, 표준 한자음
tuyên bố	宣布	0				영어판 vi-etym-sino, 표준 한자음
tuyến	線	0				영어판 어원 여럿 중 앱 뜻에 맞는 절
tuyết	雪	0				영어판 vi-etym-sino · 베트남어판 한자음 목록 대조
tuyển dụng	選用	0				영어판 vi-etym-sino, 표준 한자음
tuyển thủ	選手	0				영어판 vi-etym-sino, 표준 한자음
tuyệt	絕	0				영어판 vi-etym-sino · 베트남어판 한자음 목록 대조
tuyệt đối	絕對	0				영어판 vi-etym-sino, 표준 한자음
tuân thủ	遵守	0				영어판 vi-etym-sino, 표준 한자음
tuần	旬	0				영어판 어원 여럿 중 앱 뜻에 맞는 절
tuần lễ	旬禮	0				영어판 vi-etym-sino, 표준 한자음
tuổi	歲	1	tuế			영어판 vi-etym-sino (hv=n·preMC 표시)
tài	才	0				영어판 어원 여럿 중 앱 뜻에 맞는 절
tài chính	財政	0				영어판 vi-etym-sino, 표준 한자음
tài khoản	財款	0				영어판 vi-etym-sino, 표준 한자음
tài liệu	材料	0				영어판 vi-etym-sino, 표준 한자음
tài sản	財產	0				영어판 vi-etym-sino, 표준 한자음
tài trợ	財助	0				영어판 vi-etym-sino, 표준 한자음
tàn tật	殘疾	0				영어판 vi-etym-sino, 표준 한자음
tàu	艚	1	tào			영어판 어원 여럿 중 앱 뜻에 맞는 절
tác dụng	作用	0				영어판 vi-etym-sino, 표준 한자음
tác giả	作者	0				영어판 vi-etym-sino, 표준 한자음
tác phẩm	作品	0				영어판 vi-etym-sino, 표준 한자음
tác vụ	作務	0				영어판 vi-etym-sino, 표준 한자음
tác động	作動	0				영어판 vi-etym-sino, 표준 한자음
tái	再	0		다시,재		영어판 어원 여럿 중 앱 뜻에 맞는 절
tái diễn	再演	0				영어판 vi-etym-sino, 표준 한자음
tái hiện	再現	0				영어판 vi-etym-sino, 표준 한자음
táo	棗	0				영어판 어원 여럿 중 앱 뜻에 맞는 절
tâm chí	心志	0				영어판 vi-etym-sino, 표준 한자음
tâm hồn	心魂	0				영어판 vi-etym-sino, 표준 한자음
tâm linh	心靈	0				영어판 vi-etym-sino, 표준 한자음
tâm lí	心理	0				영어판 vi-etym-sino, 표준 한자음
tâm lý	心理	0				베트남어판 vi-etym-sino (영어판은 i 철자 쪽에 있음)
tâm sự	心事	0				영어판 vi-etym-sino, 표준 한자음
tâm trí	心智	0				영어판 vi-etym-sino, 표준 한자음
tâm trạng	心狀	0				영어판 vi-etym-sino, 표준 한자음
tây	西	0				영어판 어원 여럿 중 앱 뜻에 맞는 절
tây ban nha	西班牙	0				영어판 (대문자 항목 등 원문 확인)
tây nguyên	西原	0				영어판 (대문자 항목 등 원문 확인)
tìm	尋	1	tầm			영어판 vi-etym-sino (hv=n·preMC 표시)
tìm kiếm	尋檢	1	tầm kiểm			영어판 vi-etym-sino (hv=n 옛 한자음)
tình bạn	情伴	0				영어판 vi-etym-sino, 표준 한자음
tình cảm	情感	0				영어판 vi-etym-sino, 표준 한자음
tình huống	情況	0				영어판 vi-etym-sino, 표준 한자음
tình hình	情形	0				영어판 vi-etym-sino, 표준 한자음
tình nguyện	情願	0				영어판 vi-etym-sino, 표준 한자음
tình thế	情勢	0				영어판 vi-etym-sino, 표준 한자음
tình trạng	情狀	0				영어판 vi-etym-sino, 표준 한자음
tích cực	積極	0				영어판 vi-etym-sino, 표준 한자음
tín dụng	信用	0				영어판 vi-etym-sino, 표준 한자음
tín hiệu	信號	0				영어판 vi-etym-sino, 표준 한자음
tính	併	1	tính	계산		영어판 어원 여럿 중 앱 뜻에 맞는 절
tính	性	0		성질,성격,성		영어판 어원 여럿 중 앱 뜻에 맞는 절
tính chất	性質	0				영어판 vi-etym-sino, 표준 한자음
tính cách	性格	0				영어판 vi-etym-sino, 표준 한자음
tính năng	性能	0				영어판 vi-etym-sino, 표준 한자음
tính tình	性情	0				영어판 vi-etym-sino, 표준 한자음
tính từ	性詞	0				영어판 vi-etym-sino, 표준 한자음
tôn giáo	宗教	1	tông giáo			영어판 vi-etym-sino (hv=n 옛 한자음)
tôn trọng	尊重	0				영어판 vi-etym-sino, 표준 한자음
tôn vinh	尊榮	0				영어판 vi-etym-sino, 표준 한자음
tăng	增	0				영어판 어원 여럿 중 앱 뜻에 맞는 절
tăng cường	增強	0				영어판 vi-etym-sino, 표준 한자음
tăng trưởng	增長	0				영어판 vi-etym-sino, 표준 한자음
tĩnh điện	靜電	0				영어판 vi-etym-sino (검수 목록 밖 앱 낱말, 원문 확인)
tư duy	思維	0				영어판 vi-etym-sino, 표준 한자음
tư nhân	私人	0				영어판 vi-etym-sino, 표준 한자음
tư vấn	諮問	0				영어판 vi-etym-sino, 표준 한자음
tương lai	將來	0				영어판 vi-etym-sino, 표준 한자음
tương phản	相反	0				영어판 vi-etym-sino, 표준 한자음
tương quan	相關	0				영어판 vi-etym-sino, 표준 한자음
tương tự	相似	0				영어판 vi-etym-sino, 표준 한자음
tương đối	相對	0				영어판 vi-etym-sino, 표준 한자음
tương ứng	相應	0				영어판 vi-etym-sino, 표준 한자음
tường	墻	0				영어판 어원 여럿 중 앱 뜻에 맞는 절
tường thuật	詳述	0				영어판 vi-etym-sino, 표준 한자음
tưởng tượng	想像	0				영어판 vi-etym-sino, 표준 한자음
tại	在	0				영어판 어원 여럿 중 앱 뜻에 맞는 절
tại chức	在職	0				영어판 vi-etym-sino, 표준 한자음
tạm	暫	0				영어판 vi-etym-sino · 베트남어판 한자음 목록 대조
tạm biệt	暫別	0				영어판 vi-etym-sino, 표준 한자음
tạm trú	暫住	0				영어판 vi-etym-sino, 표준 한자음
tạm ứng	暫應	0				영어판 vi-etym-sino (검수 목록 밖 앱 낱말, 원문 확인)
tạo	造	0				영어판 어원 여럿 중 앱 뜻에 맞는 절
tạo thành	造成	0				영어판 vi-etym-sino, 표준 한자음
tả	寫	0		묘사		영어판 어원 여럿 중 앱 뜻에 맞는 절
tải	載	0				영어판 vi-etym-sino · 베트남어판 한자음 목록 대조
tấn công	進攻	0				영어판 vi-etym-sino, 표준 한자음
tất	悉	0		다,모두		영어판 어원 여럿 중 앱 뜻에 맞는 절
tất nhiên	必然	0				영어판 vi-etym-sino, 표준 한자음
tần suất	頻率	0				영어판 vi-etym-sino, 표준 한자음
tầng	層	0				영어판 vi-etym-sino · 베트남어판 한자음 목록 대조
tận dụng	盡用	0				영어판 vi-etym-sino, 표준 한자음
tận hưởng	盡享	0				영어판 vi-etym-sino, 표준 한자음
tận tình	盡情	0				영어판 vi-etym-sino, 표준 한자음
tập	習	0		연습,익히		영어판 어원 여럿 중 앱 뜻에 맞는 절
tập hợp	集合	0				영어판 vi-etym-sino, 표준 한자음
tập luyện	習練	0				영어판 vi-etym-sino, 표준 한자음
tập quán	習慣	0				영어판 vi-etym-sino, 표준 한자음
tập thể	集體	0				영어판 vi-etym-sino, 표준 한자음
tập trung	集中	0				영어판 vi-etym-sino, 표준 한자음
tập tục	習俗	0				영어판 vi-etym-sino, 표준 한자음
tập đoàn	集團	0				영어판 vi-etym-sino, 표준 한자음
tật	疾	0				영어판 vi-etym-sino · 베트남어판 한자음 목록 대조
tặng	贈	0				영어판 vi-etym-sino · 베트남어판 한자음 목록 대조
tết	節	1	tiết	설,명절		영어판 (대문자 항목 등 원문 확인)
tệ nạn	弊難	0				영어판 vi-etym-sino, 표준 한자음
tỉ giá	比價	0				영어판 vi-etym-sino, 표준 한자음
tỉ lệ	比例	0				영어판 vi-etym-sino, 표준 한자음
tỉ số	比數	0				영어판 vi-etym-sino, 표준 한자음
tỉnh	省	0		성,지방		영어판 어원 여럿 중 앱 뜻에 맞는 절
tỉnh	醒	0		깨다,정신		영어판 어원 여럿 중 앱 뜻에 맞는 절
tỉnh lược	省略	0				영어판 vi-etym-sino, 표준 한자음
tốc độ	速度	0				영어판 vi-etym-sino, 표준 한자음
tối giản	最簡	0				영어판 vi-etym-sino, 표준 한자음
tối ưu	最優	0				영어판 vi-etym-sino, 표준 한자음
tốn	損	1	tổn			영어판 어원 여럿 중 앱 뜻에 맞는 절
tốt nghiệp	卒業	0				영어판 vi-etym-sino, 표준 한자음
tồi	頹	1	đồi			영어판 vi-etym-sino · 베트남어판 한자음 목록 대조
tồn tại	存在	0				영어판 vi-etym-sino, 표준 한자음
tổ chức	組織	0				영어판 vi-etym-sino, 표준 한자음
tổ hợp	組合	0				영어판 vi-etym-sino, 표준 한자음
tổ tiên	祖先	0				영어판 vi-etym-sino, 표준 한자음
tổ trưởng	組長	0				영어판 vi-etym-sino, 표준 한자음
tổn thương	損傷	0				영어판 vi-etym-sino, 표준 한자음
tổng cộng	總共	0				영어판 vi-etym-sino, 표준 한자음
tổng kết	總結	0				영어판 vi-etym-sino, 표준 한자음
tổng số	總數	0				영어판 vi-etym-sino, 표준 한자음
tổng đài	總臺	0				영어판 vi-etym-sino, 표준 한자음
tới	逮	1	đãi			영어판 vi-etym-sino (hv=n·preMC 표시)
tờ	詞	1	từ			영어판 vi-etym-sino · 베트남어판 한자음 목록 대조
từ	自	1	tự	부터,에서		영어판 어원 여럿 중 앱 뜻에 맞는 절
từ	詞	0		단어		영어판 어원 여럿 중 앱 뜻에 맞는 절
từ ngữ	詞語	0				영어판 vi-etym-sino, 표준 한자음
từ từ	徐徐	0				영어판 vi-etym-sino, 표준 한자음
từ vựng	詞彙	0				영어판 vi-etym-sino
từ điển	詞典	0				영어판 vi-etym-sino, 표준 한자음
từng	曾	1	tằng			영어판 어원 여럿 중 앱 뜻에 맞는 절
tử tế	仔細	0				영어판 vi-etym-sino, 표준 한자음
tự	自	0				영어판 어원 여럿 중 앱 뜻에 맞는 절
tự do	自由	0				영어판 vi-etym-sino, 표준 한자음
tự hào	自豪	0				영어판 vi-etym-sino, 표준 한자음
tự nhiên	自然	0				영어판 vi-etym-sino, 표준 한자음
tự ti	自卑	0				영어판 vi-etym-sino, 표준 한자음
tự tin	自信	1	tự tín			영어판 vi-etym-sino (hv=n 옛 한자음)
tự tôn	自尊	0				영어판 vi-etym-sino, 표준 한자음
tự xưng	自稱	0				영어판 vi-etym-sino, 표준 한자음
tự động	自動	0				영어판 vi-etym-sino (검수 목록 밖 앱 낱말, 원문 확인)
tựa	似	1	tự	닮		영어판 어원 여럿 중 앱 뜻에 맞는 절
tựa	序	1	tự	서문		영어판 어원 여럿 중 앱 뜻에 맞는 절
tỷ	秭	0				베트남어판 vi-etym-sino (영어판은 i 철자 쪽에 있음)
ung thư	癰疽	0				영어판 vi-etym-sino, 표준 한자음
uy tín	威信	0				영어판 vi-etym-sino, 표준 한자음
uốn	宛	1	uyển			영어판 vi-etym-sino (hv=n·preMC 표시)
vi phạm	違犯	0				영어판 vi-etym-sino, 표준 한자음
vinh dự	榮譽	0				영어판 vi-etym-sino, 표준 한자음
viêm	炎	0				영어판 vi-etym-sino · 베트남어판 한자음 목록 대조
viễn đông	遠東	0				영어판 (대문자 항목 등 원문 확인)
việc	役	1	dịch			영어판 vi-etym-sino · 베트남어판 한자음 목록 대조
viện	院	0				영어판 어원 여럿 중 앱 뜻에 맞는 절
việt nam	越南	0				영어판 (대문자 항목 등 원문 확인)
việt nam học	越南學	0				영어판 (대문자 항목 등 원문 확인)
việt quất	越橘	0				영어판 vi-etym-sino, 표준 한자음
vuông	方	1	phương			영어판 vi-etym-sino (hv=n·preMC 표시)
và	和	1	hoà			영어판 어원 여럿 중 앱 뜻에 맞는 절
vàng	黃	1	hoàng			영어판 vi-etym-sino (hv=n·preMC 표시)
vân vân	云云	0				영어판 vi-etym-sino, 표준 한자음
vé	貨	1	hoá			영어판 vi-etym-sino (hv=n·preMC 표시)
vì	爲	1	vị			영어판 어원 여럿 중 앱 뜻에 맞는 절
vô cùng	無窮	0				영어판 vi-etym-sino, 표준 한자음
vô sản	無產	0				영어판 vi-etym-sino, 표준 한자음
vô thời hạn	無時限	0				영어판 vi-etym-sino, 표준 한자음
vô tuyến	無線	0				영어판 어원 여럿 중 앱 뜻에 맞는 절
vô tình	無情	0				영어판 vi-etym-sino, 표준 한자음
vô vị	無味	0				영어판 vi-etym-sino, 표준 한자음
vô địch	無敵	0				영어판 vi-etym-sino, 표준 한자음
võ sĩ	武士	1	vũ sĩ			영어판 vi-etym-sino (hv=n 옛 한자음)
võ thuật	武術	0				영어판 vi-etym-sino, 표준 한자음
văn	文	0				영어판 vi-etym-sino · 베트남어판 한자음 목록 대조
văn bản	文本	0				영어판 vi-etym-sino, 표준 한자음
văn minh	文明	0				영어판 vi-etym-sino, 표준 한자음
văn phòng	文房	0				영어판 vi-etym-sino, 표준 한자음
văn phòng phẩm	文房品	0				영어판 vi-etym-sino, 표준 한자음
vĩ đại	偉大	0				영어판 vi-etym-sino, 표준 한자음
vĩnh viễn	永遠	0				영어판 vi-etym-sino, 표준 한자음
vũ trang	武裝	0				영어판 vi-etym-sino, 표준 한자음
vũ trường	舞場	0				영어판 vi-etym-sino, 표준 한자음
vũ trụ	宇宙	0				영어판 vi-etym-sino, 표준 한자음
vườn	園	1	viên			영어판 vi-etym-sino (hv=n·preMC 표시)
vượt	越	1	việt			영어판 vi-etym-sino (hv=n·preMC 표시)
vượt qua	越過	1	việt qua			영어판 vi-etym-sino (hv=n 옛 한자음)
vạn	萬	0				영어판 어원 여럿 중 앱 뜻에 맞는 절
vấn đáp	問答	0				영어판 vi-etym-sino, 표준 한자음
vấn đề	問題	0				영어판 vi-etym-sino, 표준 한자음
vận chuyển	運轉	0				영어판 vi-etym-sino, 표준 한자음
vận dụng	運用	0				영어판 vi-etym-sino, 표준 한자음
vận hành	運行	0				영어판 vi-etym-sino, 표준 한자음
vận tải	運載	0				영어판 vi-etym-sino, 표준 한자음
vận động	運動	0				영어판 vi-etym-sino, 표준 한자음
vận động viên	運動員	0				영어판 vi-etym-sino, 표준 한자음
vật	物	0		물건,사물		영어판 어원 여럿 중 앱 뜻에 맞는 절
vật dụng	物用	0				영어판 vi-etym-sino, 표준 한자음
vật liệu	物料	0				영어판 vi-etym-sino, 표준 한자음
vật thể	物體	0				영어판 vi-etym-sino, 표준 한자음
vẽ	畫	1	hoạ			영어판 어원 여럿 중 앱 뜻에 맞는 절
vệ sinh	衛生	0				영어판 vi-etym-sino, 표준 한자음
vị	味	0		맛		영어판 어원 여럿 중 앱 뜻에 맞는 절
vị ngữ	謂語	0				영어판 vi-etym-sino, 표준 한자음
vị trí	位置	0				영어판 vi-etym-sino, 표준 한자음
vốn	本	1	bản/bổn			영어판 vi-etym-sino · 베트남어판 한자음 목록 대조
xa	賒	0				영어판 어원 여럿 중 앱 뜻에 맞는 절
xa xỉ	奢侈	0				영어판 vi-etym-sino, 표준 한자음
xanh	青	1	thanh			영어판 vi-etym-sino · 베트남어판 한자음 목록 대조
xe	車	1	xa			영어판 어원 여럿 중 앱 뜻에 맞는 절
xem	占	1	chiêm			영어판 vi-etym-sino · 베트남어판 한자음 목록 대조
xem xét	占察	1	chiêm sát			영어판 vi-etym-sino (hv=n 옛 한자음)
xinh	清	1	thanh			영어판 vi-etym-sino · 베트남어판 한자음 목록 대조
xu hướng	趨向	0				영어판 vi-etym-sino, 표준 한자음
xung đột	衝突	0				영어판 vi-etym-sino, 표준 한자음
xuân	春	0				영어판 vi-etym-sino · 베트남어판 한자음 목록 대조
xuất bản	出版	0				영어판 vi-etym-sino, 표준 한자음
xuất cảnh	出境	0				영어판 vi-etym-sino, 표준 한자음
xuất hiện	出現	0				영어판 vi-etym-sino, 표준 한자음
xuất khẩu	出口	0				영어판 vi-etym-sino, 표준 한자음
xuất nhập cảnh	出入境	0				영어판 vi-etym-sino, 표준 한자음
xuất sắc	出色	0				영어판 vi-etym-sino, 표준 한자음
xuất viện	出院	0				영어판 vi-etym-sino, 표준 한자음
xào	炒	1	sao			영어판 vi-etym-sino · 베트남어판 한자음 목록 대조
xác nhận	確認	0				영어판 vi-etym-sino, 표준 한자음
xác suất	確率	0				영어판 vi-etym-sino, 표준 한자음
xác định	確定	0				영어판 vi-etym-sino, 표준 한자음
xã	社	0				영어판 vi-etym-sino · 베트남어판 한자음 목록 대조
xã hội	社會	0				영어판 vi-etym-sino, 표준 한자음
xí nghiệp	企業	0				영어판 vi-etym-sino, 표준 한자음
xưng hô	稱呼	0				영어판 vi-etym-sino, 표준 한자음
xấu	醜	1	xú			영어판 vi-etym-sino (hv=n·preMC 표시)
xẻng	鏟	1	sản			영어판 vi-etym-sino (hv=n·preMC 표시)
xứng đáng	稱當	0				영어판 vi-etym-sino, 표준 한자음
xử lí	處理	0				영어판 vi-etym-sino, 표준 한자음
xử lý	處理	0				베트남어판 vi-etym-sino (영어판은 i 철자 쪽에 있음)
y học	醫學	0				영어판 vi-etym-sino, 표준 한자음
y tá	醫佐	0				영어판 vi-etym-sino, 표준 한자음
y tế	醫濟	0				영어판 vi-etym-sino, 표준 한자음
yên	鞍	0		안장		영어판 어원 여럿 중 앱 뜻에 맞는 절
yên tâm	安心	0				영어판 vi-etym-sino, 표준 한자음
yên tĩnh	安靜	0				영어판 vi-etym-sino, 표준 한자음
yêu cầu	要求	0				영어판 vi-etym-sino, 표준 한자음
yếu	夭	1	yêu/yểu			영어판 vi-etym-sino · 베트남어판 한자음 목록 대조
yếu tố	要素	0				영어판 vi-etym-sino, 표준 한자음
ác mộng	惡夢	0				영어판 vi-etym-sino, 표준 한자음
áp dụng	壓用	0				영어판 vi-etym-sino, 표준 한자음
áp lực	壓力	0				영어판 vi-etym-sino, 표준 한자음
áp suất	壓率	0				영어판 vi-etym-sino (검수 목록 밖 앱 낱말, 원문 확인)
âm	音	0				영어판 어원 여럿 중 앱 뜻에 맞는 절
âm lịch	陰曆	0				영어판 vi-etym-sino, 표준 한자음
ân	恩	0				영어판 vi-etym-sino · 베트남어판 한자음 목록 대조
ích lợi	益利	0				영어판 vi-etym-sino, 표준 한자음
ô nhiễm	污染	0				영어판 vi-etym-sino, 표준 한자음
ôn	溫	0				영어판 어원 여럿 중 앱 뜻에 맞는 절
ôn tập	溫習	0				영어판 vi-etym-sino, 표준 한자음
ông	翁	0				영어판 vi-etym-sino · 베트남어판 한자음 목록 대조
úc	澳	1	áo	호주		영어판 (대문자 항목 등 원문 확인)
ý chí	意志	0				영어판 vi-etym-sino, 표준 한자음
ý kiến	意見	0				영어판 vi-etym-sino, 표준 한자음
ý nghĩa	意義	0				영어판 vi-etym-sino, 표준 한자음
ý thức	意識	0				영어판 vi-etym-sino, 표준 한자음
ý tưởng	意想	0				영어판 vi-etym-sino, 표준 한자음
đa dạng	多樣	0				영어판 vi-etym-sino, 표준 한자음
đa phần	多分	0				영어판 vi-etym-sino, 표준 한자음
đa số	多數	0				영어판 vi-etym-sino, 표준 한자음
đang	當	0				영어판 vi-etym-sino · 베트남어판 한자음 목록 대조
đinh	釘	0		못		영어판 vi-etym-sino (검수 목록 밖 앱 낱말, 원문 확인)
điên	癲	0				영어판 vi-etym-sino · 베트남어판 한자음 목록 대조
điềm tĩnh	恬靜	0				영어판 vi-etym-sino, 표준 한자음
điền	填	0				영어판 vi-etym-sino · 베트남어판 한자음 목록 대조
điền kinh	田徑	0				영어판 vi-etym-sino, 표준 한자음
điều	條	0				영어판 어원 여럿 중 앱 뜻에 맞는 절
điều chỉnh	調整	0				영어판 vi-etym-sino, 표준 한자음
điều hành	調行	0				영어판 vi-etym-sino, 표준 한자음
điều khiển	調遣	0				영어판 vi-etym-sino, 표준 한자음
điều khoản	條款	0				영어판 vi-etym-sino, 표준 한자음
điều kiện	條件	0				영어판 vi-etym-sino, 표준 한자음
điều tra	調查	0				영어판 vi-etym-sino, 표준 한자음
điều trị	調治	0				영어판 vi-etym-sino, 표준 한자음
điều ước	條	0			điều	영어판: 條約에서 왔으나 điều(일)+ước(바라다)로 새로 읽힘 — 앱 뜻(소원)에 맞는 điều 만
điểm	點	0				영어판 vi-etym-sino (hv=n·preMC 표시)
điểm danh	點名	0				영어판 vi-etym-sino (검수 목록 밖 앱 낱말, 원문 확인)
điển hình	典型	0				영어판 vi-etym-sino, 표준 한자음
điện	電	0				영어판 어원 여럿 중 앱 뜻에 맞는 절
điện thoại	電話	0				영어판 vi-etym-sino, 표준 한자음
điện trở	電阻	0				영어판 vi-etym-sino (검수 목록 밖 앱 낱말, 원문 확인)
điện tử	電子	0				영어판 vi-etym-sino, 표준 한자음
điện áp	電壓	0				영어판 vi-etym-sino (검수 목록 밖 앱 낱말, 원문 확인)
điện ảnh	電影	0				영어판 vi-etym-sino, 표준 한자음
điệu	調	0				영어판 vi-etym-sino (hv=n·preMC 표시)
đo	度	1	độ/đạc			영어판 vi-etym-sino · 베트남어판 한자음 목록 대조
đo lường	度量	1	độ lượng			영어판 vi-etym-sino (hv=n 옛 한자음)
đoán	斷	0				영어판 vi-etym-sino · 베트남어판 한자음 목록 대조
đoạn	段	0				영어판 vi-etym-sino · 베트남어판 한자음 목록 대조
đài	臺	0				영어판 vi-etym-sino · 베트남어판 한자음 목록 대조
đài loan	臺灣	0				영어판 (대문자 항목 등 원문 확인)
đàm phán	談判	0				영어판 vi-etym-sino, 표준 한자음
đàn	彈	0				영어판 어원 여럿 중 앱 뜻에 맞는 절
đào tạo	陶造	0				영어판 vi-etym-sino, 표준 한자음
đáng	當	0				영어판 vi-etym-sino · 베트남어판 한자음 목록 대조
đáp	答	0				영어판 vi-etym-sino · 베트남어판 한자음 목록 대조
đáp án	答案	0				영어판 vi-etym-sino, 표준 한자음
đáp ứng	答應	0				영어판 vi-etym-sino, 표준 한자음
đãng trí	盪智	0				영어판 vi-etym-sino, 표준 한자음
đèn lồng	燈籠	1	đăng lung			영어판 vi-etym-sino (hv=n 옛 한자음)
đình công	停工	0				영어판 vi-etym-sino (검수 목록 밖 앱 낱말, 원문 확인)
đích	的	0				영어판 vi-etym-sino · 베트남어판 한자음 목록 대조
đích thân	的身	0				영어판 vi-etym-sino, 표준 한자음
đò	渡	1	độ			영어판 vi-etym-sino · 베트남어판 한자음 목록 대조
đóng	凍	1	đống			영어판 vi-etym-sino · 베트남어판 한자음 목록 대조
đô	都	0		수도,도시		영어판 어원 여럿 중 앱 뜻에 맞는 절
đô thị	都市	0				영어판 vi-etym-sino, 표준 한자음
đôi	對	1	đối			영어판 vi-etym-sino (hv=n·preMC 표시)
đông	冬	0		겨울		영어판 어원 여럿 중 앱 뜻에 맞는 절
đông	東	0		동쪽		영어판 어원 여럿 중 앱 뜻에 맞는 절
đùi	腿	1	thối			영어판 vi-etym-sino · 베트남어판 한자음 목록 대조
đăng nhập	登入	0				영어판 vi-etym-sino, 표준 한자음
đăng tải	登載	0				영어판 vi-etym-sino, 표준 한자음
đăng xuất	登出	0				영어판 vi-etym-sino, 표준 한자음
đũa	箸	1	trợ			영어판 vi-etym-sino (hv=n·preMC 표시)
đơn	單	0				영어판 어원 여럿 중 앱 뜻에 맞는 절
đơn vị	單位	0				영어판 vi-etym-sino, 표준 한자음
đương nhiên	當然	0				영어판 vi-etym-sino, 표준 한자음
đường	糖	0		설탕		영어판 어원 여럿 중 앱 뜻에 맞는 절
đường phố	塘舖	0				영어판 vi-etym-sino, 표준 한자음
được	得	1	đắc			영어판 vi-etym-sino (hv=n·preMC 표시)
đại	大	0				영어판 어원 여럿 중 앱 뜻에 맞는 절
đại diện	代面	0				영어판 vi-etym-sino, 표준 한자음
đại dương	大洋	0				영어판 vi-etym-sino, 표준 한자음
đại học	大學	0				영어판 vi-etym-sino, 표준 한자음
đại hội	大會	0				영어판 vi-etym-sino, 표준 한자음
đại sứ quán	大使館	0				영어판 vi-etym-sino, 표준 한자음
đại tiện	大便	0				영어판 vi-etym-sino, 표준 한자음
đại từ	代詞	0				영어판 vi-etym-sino, 표준 한자음
đạo diễn	導演	0				영어판 vi-etym-sino, 표준 한자음
đạp	踏	0				영어판 vi-etym-sino · 베트남어판 한자음 목록 대조
đạt	達	0				영어판 (확인 필요 표시였던 것을 원문으로 확인)
đảm bảo	擔保	0				영어판 vi-etym-sino, 표준 한자음
đảm nhận	擔認	0				영어판 vi-etym-sino, 표준 한자음
đấu tranh	鬥爭	0				영어판 vi-etym-sino, 표준 한자음
đầu	頭	0				영어판 vi-etym-sino · 베트남어판 한자음 목록 대조
đầu não	頭腦	0				영어판 vi-etym-sino, 표준 한자음
đầu tiên	頭先	0				영어판 vi-etym-sino, 표준 한자음
đầu tư	投資	0				영어판 vi-etym-sino, 표준 한자음
đắc lực	得力	0				영어판 vi-etym-sino, 표준 한자음
đặc biệt	特別	0				영어판 vi-etym-sino, 표준 한자음
đặc sản	特產	0				영어판 vi-etym-sino, 표준 한자음
đặc sắc	特色	0				영어판 vi-etym-sino, 표준 한자음
đặc điểm	特點	0				영어판 vi-etym-sino, 표준 한자음
đề bạt	提拔	0				영어판 vi-etym-sino, 표준 한자음
đề cập	提及	0				영어판 vi-etym-sino, 표준 한자음
đề kháng	抵抗	1	để kháng			영어판 (확인 필요 표시였던 것을 원문으로 확인)
đề nghị	提議	0				영어판 vi-etym-sino, 표준 한자음
đề tài	題材	0				영어판 vi-etym-sino, 표준 한자음
đề xuất	提出	0				영어판 vi-etym-sino, 표준 한자음
đền	填	1	điền	배상,갚		영어판 어원 여럿 중 앱 뜻에 맞는 절
đền	殿	1	điện	사당,신전		영어판 어원 여럿 중 앱 뜻에 맞는 절
đều	調	1	điều			영어판 vi-etym-sino (hv=n·preMC 표시)
đệm	墊	1	điếm			영어판 vi-etym-sino (hv=n·preMC 표시)
đỉnh	頂	0				영어판 어원 여럿 중 앱 뜻에 맞는 절
địa bàn	地盤	0				영어판 vi-etym-sino, 표준 한자음
địa chỉ	地址	0				영어판 vi-etym-sino, 표준 한자음
địa hình	地形	0				영어판 vi-etym-sino, 표준 한자음
địa phương	地方	0				영어판 vi-etym-sino, 표준 한자음
địa điểm	地點	0				영어판 vi-etym-sino, 표준 한자음
định	定	0				영어판 vi-etym-sino · 베트남어판 한자음 목록 대조
định cư	定居	0				영어판 vi-etym-sino, 표준 한자음
định kiến	定見	0				영어판 vi-etym-sino, 표준 한자음
định mệnh	定命	0				영어판 vi-etym-sino, 표준 한자음
định ngữ	定語	0				영어판 vi-etym-sino, 표준 한자음
đọc	讀	1	độc			영어판 vi-etym-sino (hv=n·preMC 표시)
đọng	凍	1	đống			영어판 vi-etym-sino · 베트남어판 한자음 목록 대조
đối chiếu	對照	0				영어판 vi-etym-sino, 표준 한자음
đối diện	對面	0				영어판 vi-etym-sino, 표준 한자음
đối lập	對立	0				영어판 vi-etym-sino, 표준 한자음
đối phó	對付	0				영어판 vi-etym-sino, 표준 한자음
đối thoại	對話	0				영어판 vi-etym-sino, 표준 한자음
đối tác	對作	0				영어판 vi-etym-sino, 표준 한자음
đối tượng	對象	0				영어판 vi-etym-sino, 표준 한자음
đối xử	對處	0				영어판 vi-etym-sino, 표준 한자음
đồng	銅	1	đồng	동,돈,구리		영어판 어원 여럿 중 앱 뜻에 맞는 절
đồng hương	同鄉	0				영어판 vi-etym-sino, 표준 한자음
đồng hồ	銅壺	0				영어판 vi-etym-sino, 표준 한자음
đồng minh	同盟	0				영어판 vi-etym-sino, 표준 한자음
đồng nghiệp	同業	0				영어판 vi-etym-sino, 표준 한자음
đồng nhất	同一	0				영어판 vi-etym-sino, 표준 한자음
đồng phục	同服	0				영어판 vi-etym-sino, 표준 한자음
đồng thời	同時	0				영어판 vi-etym-sino, 표준 한자음
đồng tiền	銅錢	0				영어판 vi-etym-sino, 표준 한자음
đồng ý	同意	0				영어판 vi-etym-sino, 표준 한자음
độ	度	0				영어판 vi-etym-sino · 베트남어판 한자음 목록 대조
độ lượng	度量	0				영어판 vi-etym-sino, 표준 한자음
độc thân	獨身	0				영어판 vi-etym-sino, 표준 한자음
độc đoán	獨斷	0				영어판 vi-etym-sino, 표준 한자음
độc đáo	獨到	0				영어판 vi-etym-sino, 표준 한자음
đội	戴	1	đái	쓰다		영어판 어원 여럿 중 앱 뜻에 맞는 절
đội	隊	0		팀		영어판 어원 여럿 중 앱 뜻에 맞는 절
đội ngũ	隊伍	0				영어판 vi-etym-sino, 표준 한자음
động	動	0		움직,건드리		영어판 어원 여럿 중 앱 뜻에 맞는 절
động	洞	0		동굴		영어판 어원 여럿 중 앱 뜻에 맞는 절
động cơ	動機	0				영어판 vi-etym-sino, 표준 한자음
động lực	動力	0				영어판 vi-etym-sino, 표준 한자음
động tác	動作	0				영어판 vi-etym-sino, 표준 한자음
động từ	動詞	0				영어판 vi-etym-sino, 표준 한자음
động viên	動員	0				영어판 vi-etym-sino, 표준 한자음
động vật	動物	0				영어판 vi-etym-sino, 표준 한자음
đột ngột	突兀	0				영어판 vi-etym-sino, 표준 한자음
đột nhiên	突然	0				영어판 vi-etym-sino, 표준 한자음
đột nhập	突入	0				영어판 vi-etym-sino, 표준 한자음
đột xuất	突出	0				영어판 vi-etym-sino, 표준 한자음
đời	代	1	đại			영어판 vi-etym-sino · 베트남어판 한자음 목록 대조
đỡ	助	1	trợ			영어판 vi-etym-sino (hv=n·preMC 표시)
đợi	待	1	đãi			영어판 vi-etym-sino (hv=n·preMC 표시)
đức	德	0				영어판 vi-etym-sino (hv=n·preMC 표시)
đừng	停	1	đình			영어판 vi-etym-sino (hv=n·preMC 표시)
ơn	恩	1	ân			영어판 vi-etym-sino · 베트남어판 한자음 목록 대조
ưu tiên	優先	0				영어판 vi-etym-sino, 표준 한자음
ưu điểm	優點	0				영어판 vi-etym-sino, 표준 한자음
ảnh	影	0				영어판 어원 여럿 중 앱 뜻에 맞는 절
ảnh hưởng	影響	0				영어판 vi-etym-sino, 표준 한자음
ảo	幻	1	huyễn			영어판 (확인 필요 표시였던 것을 원문으로 확인)
ấn tượng	印象	0				영어판 vi-etym-sino, 표준 한자음
ấn độ	印度	0				영어판 (대문자 항목 등 원문 확인)
ẩm thực	飲食	0				영어판 vi-etym-sino, 표준 한자음
ổn	穩	0				영어판 vi-etym-sino · 베트남어판 한자음 목록 대조
ổn định	穩定	0				영어판 vi-etym-sino, 표준 한자음
ủi	熨	1	uất			영어판 어원 여럿 중 앱 뜻에 맞는 절
ủng hộ	擁護	0				영어판 vi-etym-sino, 표준 한자음
ứng dụng	應用	0				영어판 vi-etym-sino, 표준 한자음
ứng viên	應員	0				영어판 vi-etym-sino, 표준 한자음
