bệnh than	탄저병
bệnh tim mạch	심혈관 질환
bệnh tình	병세, 병의 상태
bệnh tòng khẩu nhập, hoạ tòng khẩu xuất	병은 입으로 들어오고 화는 입에서 나온다
bệnh tật	질병, 병
bệnh viện	병원
bệnh viện dã chiến	야전 병원
bệnh xá	진료소, 의무실
bệnh án	진료 기록, 병력 기록
bệu bạo	(울려고) 입을 삐죽거리다
bỉ bai	깎아내리다, 헐뜯다
Bỉ Lợi Thì	(옛) 벨기에
Bỉ Quốc	벨기에
bỉ sắc tư phong	이쪽이 모자라면 저쪽이 넉넉하다(다 가질 수는 없다)
bỉ vỏ	(옛 범죄 은어, 북부) 여자 소매치기
bỉ ổi	비열한, 추잡한
bỉm sữa	갓난아기의, 아기 키우는(mẹ bỉm sữa 육아맘)
bỉnh bút	(드묾) 붓을 들다, 집필하다 · 필진, 기자
bị can	(법) 피의자
bị chú	비고, 주석
bị cáo	(법) 피고인
bị cảm	감기에 걸리다
bị gậy	거지(자루와 지팡이)
bị hại	피해를 입은, 피해자의
bị thịt	(낮잡아) 덩치만 크고 쓸모없는 사람
bị Tào Tháo đuổi	(우스개) 조조에게 쫓기다, 설사가 나다
bị đơn	(법) 피고(민사)
bị động	수동적인 · (문법) 피동의
bịa đặt	날조하다, 지어내다
bịn rịn	헤어지기 아쉬워하다
bịp bợm	사기 치는, 협잡하는
bịt miệng	입을 막다, 입막음하다
bịt mắt	눈을 가리다 · 속이다
bịt mắt bắt dê	눈 가리고 술래잡기
bịt tai trộm chuông	귀 막고 방울 도둑질하기, 눈 가리고 아웅
bọ chét	벼룩
bọ chét mèo	고양이벼룩
bọ chó	개벼룩·진드기 · 부들레야(꽃나무)
bọ cánh cứng	딱정벌레
Bọ Cạp	전갈 · (별자리) 전갈자리
bọ dừa	야자잎벌레
bọ gậy	(북부) 장구벌레
bọ hung	쇠똥구리
bọ ngựa	사마귀
bọ que	대벌레
bọ rùa	무당벌레
bọ xít	노린재
bọng đái	방광
bọt biển	해면, 스펀지
bỏ bê	소홀히 하다, 내팽개치다
bỏ bớt	덜어 내다, 줄이다
bỏ chạy	도망치다, 달아나다
bỏ cuộc	포기하다, 그만두다
bỏ dở	하다 말다, 중도에 그만두다
bỏ lỡ	놓치다
bỏ mặc	내버려 두다, 방치하다
bỏ mẹ	(북부, 상스러운 말) 망했다 · 젠장 · 엄청
bỏ mối	(상품을) 위탁 공급하다, 도매로 대 주다
bỏ mứa	(음식을) 남기다
bỏ ngang	중도에 그만두다
bỏ ngoài tai	흘려듣다, 귓등으로 듣다
bỏ ngỏ	(문제가) 미해결로 남은, 열려 있는
bỏ nhỏ	(구기) 짧게 차 넣다, 드롭샷
bỏ phiếu	투표하다
bỏ qua	건너뛰다 · 용서하다, 넘어가다 · 놓치다
bỏ quên	깜빡 두고 오다, 잊다
bỏ rơi	버리다, 내버려 두다
bỏ sót	빠뜨리다, 누락하다
bỏ trốn	도망치다, 도주하다
bỏ tù	투옥하다
bỏ túi	주머니 크기의 · (돈을) 챙기다 · (경험을) 얻다
bỏ việc	일을 그만두다
bỏ về	(도중에) 가 버리다
bỏ xót	빠뜨리다(= bỏ sót)
bỏm bẻm	우물우물(느긋하게 씹는 모양)
bỏng ngô	(북부) 팝콘
bố cáo	포고하다, 공고하다
bố cục	구성, 짜임새 · 구도 · 구성하다
bố khỉ	(북부) 젠장, 에잇
bố mày	(상스러운 말) 이 몸, 나
bố mẹ	부모님
bố nó	(북부) 애 아빠(부부 사이 호칭) · (문장 끝, 상스러운) 젠장
bố phòng	방어 태세를 갖추다
bố ráp	기습 단속하다 · 불시 단속
bố thí	보시하다, 베풀다 · 보시
bố trí	배치하다 · 마련하다(bố trí thời gian 시간을 내다)
bố trận	진을 치다
Bố Y	부이족
bố đường	(속어) 스폰서(젊은 애인에게 돈을 쓰는 남자)
Bố Đại	포대화상
bố đời	(구어) 거들먹거리는 남자
bốc cháy	불이 붙다, 활활 타오르다
bốc hoả	불길이 치솟다 · 발끈하다 · (갱년기) 열감
bốc phét	(구어) 허풍 떨다
bốc thăm	제비를 뽑다, 추첨하다
bốc đầu	(오토바이) 앞바퀴 들기, 윌리
bốc đồng	충동적인
bối cảnh	배경, 상황
bối rối	당황하다 · 혼란스럽다
bốn bề	사방, 온 사방
bốn bể	사해, 온 세상
bốn mắt	(구어) 안경 쓴, 안경잡이
bốn phương	사방 · 온 세상
bốt đờ sô	군화, 전투화
bồ bịch	(쌀 담는) 대바구니 · (구어) 애인 · 연애하다
bồ các	까치
bồ câu	비둘기
bồ côi	(방언) 고아의(= mồ côi)
bồ công anh	민들레
bồ hòn	무환자나무(열매)
bồ hóng	그을음, 검댕
bồ kết	주엽나무(열매로 머리를 감음)
bồ nhí	(속어) 나이 차 많은 젊은 애인, 내연녀
bồ nông	펠리컨
Bồ Tát	보살 · 관음보살
Bồ Tát Quan Thế Âm	관세음보살
bồ đào cầu khuẩn	포도상구균
bồ đề	보리(깨달음) · 보리수
bồ đề tâm	보리심
bồi bàn	웨이터, 종업원
bồi bút	(낮잡아) 적에 협력한 어용 문인
bồi bếp	(옛) 부엌 하인, 요리사
bồi bổ	(몸을) 보하다, 보양하다 · 강화하다
bồi dưỡng	(몸을) 보양하다 · 교육하다, 양성하다
bồi hoàn	변상하다, 배상하다
bồi hồi	설레는, 마음이 싱숭생숭한
bồi thường	배상하다, 보상하다
bồi thẩm	배심원
bồi thẩm đoàn	배심원단
bồi tự	(옛) 제사를 돕다, 배향하다
bồi đắp	(흙이) 쌓이다 · (감정·지식을) 쌓다, 다지다
bồm bộp	쿵쿵, 퍽퍽
bồn binh	로터리
bồn chồn	안절부절못하는, 초조한
bồn cầu	변기
Bồn Man	(옛) 무앙푸안(라오스의 옛 왕국)
bồn tắm	욕조
bồn địa	분지
bồng bềnh	두둥실 떠다니다, 출렁이다
bồng bột	충동적인, 혈기 넘치는
bồng chanh	물총새
bồng cốt	(하이퐁) 셔츠를 바지에 넣어 입다
bồng lai	봉래, 선경, 낙원
bổ chính	보정하다
bổ củi	방아벌레
bổ dưỡng	영양이 풍부한, 몸에 좋은
bổ dụng	임용하다
bổ khuyết	보완하다, 채우다
bổ nghĩa	(문법) 수식하다, 뜻을 보충하다
bổ ngữ	(문법) 보어
bổ nhiệm	임명하다
bổ sung	보충하다 · 추가의
bổ thể	(면역) 보체
bổ túc	보충하다 · 보충의(bổ túc văn hóa 검정 교육)
bổ ích	유익한, 도움이 되는
bổ đề	(수학) 보조정리
bổi hổi	(구어) 두근두근, 설레는
bổn cũ soạn lại	낡은 수법을 되풀이하다
bổn phận	본분, 의무
bổng lộc	봉록, 녹봉 · 특혜
bỗ bã	(음식이) 많지만 맛없는 · 거친, 막된
bỗng chốc	순식간에, 갑자기
bỗng dưng	갑자기, 느닷없이
bỗng nhiên	갑자기, 뜻밖에
bộ Anh	피트(길이 단위)
bộ ba	트리오, 3인조, 삼총사
bộ binh	보병
bộ bài	카드 한 벌
bộ bài Tây	트럼프 카드 한 벌(52장)
bộ bảy	7중주
bộ chính trị	정치국
bộ chế hoà khí	기화기, 카뷰레터
bộ chế hòa khí	기화기, 카뷰레터
bộ dạng	모습, 꼴
bộ gõ	타악기 · (컴퓨터) 입력기
bộ hành	걸어가는 · 걷다 · 보행자
bộ hạ	부하
bộ luật	법전
bộ luật dân sự	민법
bộ luật hình sự	형법
bộ lạc	부락, 부족
bộ máy	기구, 기관, 조직(bộ máy nhà nước 국가 기구)
bộ môn	분야, 종목 · (대학) 학과
bộ mặt	얼굴 모습 · 겉모습, 면모
bộ nhớ	메모리, 기억 장치
bộ nhớ truy cập ngẫu nhiên	램, 임의 접근 기억 장치
bộ nhớ đệm	버퍼 · 캐시
bộ nhớ ảo	가상 메모리
bộ năm	5중주
bộ phận	부분, 부품 · 부서
bộ sáu	6중주
bộ sậu	(구어) 패거리, 일당
bộ thủ	(한자) 부수
bộ trưởng	장관
bộ tám	8중주
bộ tộc	부족, 종족
bộ tứ	4중주, 4인조
bộ vuông	제곱피트
bộ xương	해골, 골격
bộ xử lí	프로세서
bộ xử lí trung tâm	중앙 처리 장치, 시피유
bộ óc	두뇌
bộ điệu	몸짓, 거동, 태도
bộ đôi	듀오, 2인조, 콤비
bộ đồ	한 벌의 옷
bộ đội	군인(베트남군), 군대
bộc bạch	털어놓다, 속마음을 밝히다
bộc lộ	드러내다, 드러나다
bộc phát	갑자기 터지다, 폭발하다
bộc trực	솔직한, 직설적인
bội bạc	배은망덕한
bội chi	적자, 초과 지출
bội chung nhỏ nhất	최소 공배수
bội nghịch	반역하는, 거역하는
bội phản	배반하다
bội phần	몇 배나, 훨씬
bội số	배수
bội số chung nhỏ nhất	최소 공배수
bội thu	풍작이다, 수입이 크게 늘다
bội thực	과식해 체하다
bội tinh	훈장
bội tín	신의를 저버리다, 배신하다
bội ước	약속을 어기다, 위약하다
bộp chộp	덜렁대는, 성급한 · 성급하게
bột bán	타피오카 펄
bột báng	카사바 가루(음식 식감용)
bột chiên	벗찌엔(튀긴 떡 요리, 남부)
bột giặt	가루 세제
bột khởi	세차게 일어나다
bột ngọt	(남부) 조미료, 글루탐산나트륨
bột năng	타피오카 전분
bột phát	갑자기 일어나다, 폭발하다
bột ớt	고춧가루
bới lông tìm vết	털을 헤쳐 흠을 찾다, 트집을 잡다
bới móc	흠을 들추어내다
bớt miệng	말을 삼가다, 입을 다물다
bờ bến	(문어) 물가, 끝(한없는 것에 대해)
bờ kè	제방 산책로, 둑
bờ lu	청바지 작업복(= blu)
bờ lốc	블로그 · 블록 · (연락을) 차단하다
bờ mẫu	논 가장자리 큰 둑
Bờ Tây	요르단강 서안
bời bời	무성한, 넘쳐나는
bời lời	녹나무과 나무의 한 종류
bời rời	흩어진, 부서진 · 녹초가 된
bờm xờm	(머리가) 덥수룩한, 부스스한
bở hơi tai	녹초가 되다, 진땀을 빼다
bởi chưng	(옛) ~때문에
bởi lẽ	왜냐하면, ~ 때문에
bởi thế	그러므로, 그래서
