# 사전(위키낱말)에 유의어·반의어 표시가 없는 앱 낱말 — 클로드가 낱말마다 읽고 지은 짝 (2026-09-29, 대표님: "표시가 안 되어 있다면 니가 이제 작업해야 하는 것")
# 칸: 낱말 ⇥ s=유의어,… ⇥ a=반의어,…   뜻이 여러 개인 낱말은 짝@뜻번호(data/_senses.json 차례). 짝은 우리 사전에 한국어 뜻이 있는 낱말만 들어간다(tools/rel_mine/apply.py 가 거름).
# 후보: 같은 한국어 뜻을 가진 낱말 · 한국어기초사전(국립국어원) 유의어·반대말을 베트남어 대역어로 옮긴 것 — 후보는 참고일 뿐, 넣는 것은 판정한 것만
a lô	s=alô,a-lô
alô	s=a lô@1,a-lô@1
an	s=an toàn,bình an	a=nguy
an ninh	s=trị an,bảo an
an toàn	s=bình an@1	a=nguy hiểm@1
anh chàng	s=gã
anh ruột	s=anh trai
anh út	a=anh cả
atm	s=cây atm
ba lô	s=balo,ba-lô
ban công	s=bao lơn,ban-công
ban ngày	a=ban đêm
ban đêm	a=ban ngày
bao	s=túi@1,gói@1,hộp@2,khao@4,bảo đảm@5
bao nhiêu	s=mấy@1
bia	s=bia mộ@2,đích@3
biên lai	s=hóa đơn,hoá đơn,biên nhận,chứng từ
biếm họa	s=tranh biếm họa,biếm hoạ
biến cải	s=cải tạo,cải hoán
biến thành	s=trở thành,hoá thành
biến động	s=dao động@1,biến thiên@1
biết	s=hiểu biết@1,nhận biết@1	a=không biết@1
biết chữ	a=mù chữ
biếu	s=tặng,dâng
biện minh	s=thanh minh,biện giải,bào chữa
biểu diễn	s=trình diễn@1
buồn chán	s=u buồn,sầu muộn,chán nản	a=vui vẻ
buồn ngủ	a=tỉnh táo
buồng	s=phòng@1
buổi chiều	s=chiều	a=buổi sáng
buổi tối	s=tối	a=buổi sáng
bv chuyên khoa	s=bệnh viện chuyên khoa
bv đa khoa	s=bệnh viện đa khoa
bà chủ	a=ông chủ
bài kiểm tra	s=bài thi
bài phát biểu	s=diễn văn
bàn	s=bàn bạc@2,bàn luận@2,thảo luận@2
bàn chải đánh răng	s=bàn chải
bàn giao	s=chuyển giao,giao	a=tiếp nhận
bàn làm việc	s=bàn giấy
bác gái	a=bác trai
bác trai	a=bác gái
bác sỹ	s=bác sĩ,đốc-tờ
bán buôn	s=bán sỉ	a=bán lẻ
bán sỉ	s=bán buôn	a=bán lẻ
bán lẻ	a=bán sỉ,bán buôn
bán dẫn	s=chất bán dẫn
bán hàng	s=buôn bán@2	a=mua hàng@1
bánh	s=bánh xe@2
bánh ngọt	s=bánh ga-tô
bánh xe	s=bánh
báo cáo	s=tường trình@2
báo thức	s=đánh thức@2
bã	s=cặn bã,cặn
bãi giữ xe	s=bãi đỗ xe,bãi gửi xe,nơi đỗ xe
bãi đỗ xe	s=bãi giữ xe,bãi gửi xe,nơi đỗ xe
bão	s=bão táp@1,giông bão@1
bé gái	s=cô bé	a=bé trai
béo ra	s=lên cân,mập ra	a=gầy đi
bên dưới	a=bên trên
bên trên	a=bên dưới
bên phải	a=bên trái
bên trái	a=bên phải
bình luận	s=còm@1,nhận xét@2
bình tĩnh	s=điềm tĩnh,trầm tĩnh	a=hoảng hốt
bình đẳng	a=bất bình đẳng@1
bí	s=bí đỏ@1
bí quyết	s=bí kíp
bí đỏ	s=bí
bó	s=buộc@2
bóng bàn	s=binh bông@1
bóng chuyền	s=bóng truyền@1
bóng râm	s=bóng mát
bông sen	s=hoa sen,sen
bù đắp	s=bù@1,đền bù@1
búa	s=cái búa
băn khoăn	s=phân vân,lưỡng lự,do dự
băng qua	s=qua
bơm	s=ống bơm@1
bưng	s=bê@1
bưu kiện	s=bưu phẩm
bước	s=giai đoạn@3
bước tiến	s=tiến bộ	a=bước lùi
bạn cũ	s=cố nhân	a=bạn mới
bạn mới	a=bạn cũ
bạo lực	s=vũ lực@1
bản	s=phiên bản@1,làng@2
bản gốc	s=nguyên bản	a=bản sao
bản lý lịch	s=sơ yếu lý lịch,lí lịch
bản thảo	s=dự thảo
bảng	s=bảng đen@1,pao@3
bảo thủ	s=cứng đầu@2	a=cấp tiến@1
bất cẩn	s=cẩu thả,sơ suất	a=cẩn thận
bất hạnh	a=hạnh phúc
bất kỳ	s=bất cứ
bất ngờ	s=không ngờ@1,đột ngột@1,bất thình lình@2,bỗng nhiên@2,bỗng dưng@2,ngạc nhiên@3
bất tiện	a=tiện lợi,thuận tiện
bất đồng	s=mâu thuẫn	a=đồng thuận
bầu	s=bầu cử@1,bỏ phiếu@1
bầu không khí	s=không khí
bầu trời	s=trời
bận rộn	s=bận,bận bịu	a=rảnh rỗi,rảnh
bật đèn	s=bật đèn lên	a=tắt đèn
bật đèn lên	s=bật đèn	a=tắt đèn
bật quạt	a=tắt quạt
bật điều hòa	a=tắt điều hòa
bắt máy	s=nghe máy,nghe điện thoại
bắt tay	s=hợp tác@2,cộng tác@2
bằng lòng	s=đồng ý@1,tán thành@1,hài lòng@2,vừa lòng@2
bến	s=bến xe@1,bến tàu@2,bến cảng@2
bến xe buýt	s=trạm xe buýt
bếp	s=nhà bếp@1,phòng bếp@1,đầu bếp@3
bền	s=bền vững@1,vững chắc@1
bền vững	s=bền
bệnh sốt rét	s=sốt rét
bệnh tả	s=dịch tả
bệnh viện chuyên khoa	s=bv chuyên khoa
bệnh viện đa khoa	s=bv đa khoa,tổng y viện
bị	s=bao tải@3	a=được@1
bị bệnh	s=phát bệnh,sinh bệnh,bị ốm
bị cảm	s=bị cảm lạnh
bị cảm lạnh	s=bị cảm
bị hỏng	s=hỏng
bị thu hẹp	a=được mở rộng
bị thương	s=tổn thương
bị ốm	s=bị bệnh,ốm
bỏ	s=vứt@1,từ bỏ@2,cởi@4	a=mặc@4
bối rối	s=lúng túng@1,hoảng@1
bồi dưỡng	s=bồi bổ@1,đào tạo@2
bồn phun nước	s=đài phun nước
bổ	s=bổ dưỡng@1,bửa@2,chẻ@2
bổ sung	s=bổ túc@1
bổ ích	s=hữu ích,có ích	a=vô ích
bộ	s=bộ dạng@5,dáng vẻ@5
bộ com-lê	s=bộ vest,com lê
bộ vest	s=bộ com-lê,com lê
bộ mặt	s=khuôn mặt@1,gương mặt@1,diện mạo@2,bề ngoài@2
bộ phim	s=phim
bộ sạc	s=cục sạc
bớt	s=giảm bớt@2,đỡ@3
bởi vì	s=vì,tại vì
bỡ ngỡ	s=lạ lẫm	a=quen thuộc
bụi	s=lùm@2
bức chân dung	s=chân dung
bức tranh	s=tranh,tranh vẽ
bức tượng	s=tượng,pho tượng
bức ảnh	s=ảnh,hình ảnh
bừa bộn	s=lộn xộn	a=gọn gàng
bữa cơm	s=bữa ăn
bữa tiệc	s=tiệc,buổi tiệc
bữa tối	s=bữa ăn tối
bữa ăn tối	s=bữa tối
bữa ăn sáng	s=bữa sáng,điểm tâm
bữa trưa	s=bữa ăn trưa
bực tức	s=bực mình
cam	s=quả cam@1,màu cam@2,cam chịu@4
cam kết	s=hứa@1,lời hứa@2
cam lòng	s=cam chịu
cam đoan	s=bảo đảm,bảo chứng
canada	s=ca-na-đa,gia nã đại
cao huyết áp	s=tăng xông
cao học	s=trường cao học
cao lớn	s=cao to	a=thấp bé
cao to	s=cao lớn	a=thấp bé
cao tốc	s=đường cao tốc@2,xa lộ@2
cao điểm	s=giờ cao điểm
cau	s=cau có@2,nhíu@2
cau có	s=nhăn nhó
cay	s=cay cú@2
chan	s=rưới
che khuất	s=che
chen	s=chen lấn
chi phối	s=thống trị,thao túng
chi tiết	s=kỹ@1,phụ tùng@3,linh kiện@3
chia lìa	s=chia ly,chia li,biệt li	a=sum họp
chia tay	s=tạm biệt@1,giã từ@1,chia ly@2
chile	s=chí lợi
chiêu đãi	s=đãi,thết,khao
chiếc váy	s=váy,cái váy
chiến lược	s=sách lược@1
chiến thắng	s=thắng@1,đánh bại@1,thắng lợi@2	a=thua@1,thất bại@2
chiến tranh	s=cuộc chiến,chinh chiến	a=hòa bình
chiết khấu	s=giảm giá
chiếu	s=trình chiếu@1,soi@2,rọi@2,chiếu sáng@2
cho nên	s=vì vậy,vì thế,nên,bởi vậy,thành ra
cho đến	s=đến,tới
chu trình	s=chu kì
chu đáo	s=kĩ càng@1,chu toàn@1,kỹ lưỡng@2	a=qua loa@2
chua	a=ngọt@1
chung kết	s=trận chung kết
chung thủy	a=phản bội
chuyên	s=chuyên môn@1,siêng năng@2,chăm chỉ@2	a=lười@2
chuyên gia	s=chuyên viên,nhà nghề
chuyên môn	s=chuyên khoa@1
chuyên đề	s=chủ đề,đề tài
chuyến du lịch	s=chuyến đi
chuyển nhà	s=dọn nhà
chuyển qua	s=chuyển sang
chuyển sang	s=chuyển qua
chuyển tải	s=vận chuyển,truyền tải
chuông	s=nhạc chuông@3
chuối	s=quả chuối@1,sến sẩm@2
chuột	s=con chuột@1
chàng trai	s=thanh niên	a=cô gái
chào hàng	s=mời chào@1
chào hỏi	s=hỏi thăm,thăm hỏi
chào mời	s=mời chào,chào hàng
chào tạm biệt	s=tạ từ,cáo từ
chán	s=nhàm chán@1,buồn tẻ@1,tẻ nhạt@1,thất vọng@3	a=thú vị@1
chán chê	s=chê chán
chán nản	s=nản lòng
chát	s=đắt@2,mắc@2	a=rẻ@2
cháu	s=cháu nội@1,cháu ngoại@1
cháu gái	a=cháu trai
cháu trai	a=cháu gái
cháu ngoại	a=cháu nội
cháu nội	a=cháu ngoại
cháy bỏng	s=nóng bỏng
chân dung	s=bức chân dung
chân tay	s=tay chân,tứ chi
chín chắn	s=thận trọng,cẩn trọng	a=bồng bột
chính thức	a=không chính thức
chính trị	s=chánh trị@1
chính trực	s=ngay thẳng,trung thực,chánh trực
chính đáng	s=thỏa đáng,thích đáng
chóng mặt	s=choáng,hoa mắt
chóng vánh	s=chớp nhoáng
chú	s=dượng@5
chúc	s=cầu chúc@1
chúc mừng	s=chúc tụng
chút	s=chút ít@1,một chút@1,một ít@1,chốc lát@2,một lát@2
chăm	s=chăm chỉ@1,siêng năng@1,chăm sóc@2	a=lười@1
chăm sóc	s=săn sóc,chăm nom,trông nom
chơi thể thao	s=tập thể dục
chơi game	s=chơi điện tử
chơi điện tử	s=chơi game
chưa bao giờ	s=chưa hề
chạy xe	s=lái xe
chảy	s=trôi@1,tan@2,rò rỉ@3
chấm hỏi	s=dấu chấm hỏi
chấm than	s=dấu chấm than
chấn thương	s=thương tích@1,bị thương@2
chấp hành	s=tuân thủ@1,tuân theo@1,thi hành@2
chất giọng	s=giọng nói,giọng
chất lượng	s=phẩm chất
chất phác	s=mộc mạc,bình dị
chất độc da cam	s=da cam
chậm trễ	s=trì hoãn
chật chội	s=chật hẹp	a=rộng rãi
chậu cây	s=chậu hoa
chắc chắn	s=nhất định@1,vững chắc@3,kiên cố@3
chắc hẳn	s=hẳn là,chắc là,ắt
chắc là	s=chắc hẳn,hẳn là
chẳng hạn như	s=chẳng hạn,tỉ như,ví dụ như
chế biến	s=gia công@1
chế độ	s=thể chế@1,chế độ ăn@4
chỉ số	s=chỉ tiêu@1
chỉ tay	s=chỉ trỏ,trỏ
chỉ thị	s=chỉ đạo@1
chỉ tiêu	s=mục tiêu,tiêu chuẩn
chỉ đạo	s=chỉ huy
chỉn chu	s=chỉnh tề,tươm tất,gọn gàng
chỉnh sửa	s=sửa,chỉnh lí,hiệu đính
chị cả	a=chị út
chị út	a=chị cả
chị ruột	s=chị gái
chịu	s=chịu đựng@1,chịu được@1,nhịn@1
chịu khó	s=cố gắng@1,cần cù@2,siêng năng@2	a=lười@2
chịu được	s=chịu đựng,chịu,kham
chổi	s=chủi
chỗ này	s=đây
chỗ ở	s=nhà ở@2,nơi ở@2
chở	s=chuyên chở
chợ	s=chợ búa
chợ phiên	s=phiên chợ
chụp	s=chụp ảnh@1,chụp hình@1
chụp ảnh	s=chụp hình,nhiếp ảnh
chủ	s=chủ nhân@1,ông chủ@2	a=đầy tớ@1
chủ nhà	s=gia chủ@1	a=khách@2
chủ nhật	s=chúa nhật
chủ đề	s=đề tài,chuyên đề
chủng loại	s=loại,chủng
chứa	s=đựng@1,chứa đựng@1,bao gồm@1
chức vụ	s=chức vị,cương vị
chứng chỉ	s=giấy chứng nhận,văn bằng
chứng minh	s=chứng tỏ
chữ	s=chữ cái@1,ký tự@1,chữ viết@3
chữa trị	s=điều trị,chữa bệnh,chữa
coi	s=xem@1,xem như@2,trông coi@3
coi là	s=xem như,coi như
con cá	s=cá
con cá heo	s=cá heo
con cái	s=con
con cả	s=con đầu lòng	a=con út
con út	s=em út	a=con cả
con dâu	s=dâu	a=con rể
con rể	s=rể	a=con dâu
con dấu	s=triện,ấn
con hẻm	s=hẻm,ngõ,ngõ hẻm
con hổ	s=hổ,cọp
con lợn	s=lợn,heo
con mèo	s=mèo
con số	s=chữ số,số
con thỏ	s=thỏ
con trai	a=con gái@1,bé gái@2
con tôm	s=tôm
con voi	s=voi
con vịt	s=vịt
con đường	s=đường@1
con đường tắt	s=đường tắt
con đầu lòng	s=con cả
con đẻ	s=con ruột	a=con nuôi
con nuôi	a=con đẻ
cung điện	s=cung đình
cuối năm	a=đầu năm
cuối tuần	a=đầu tuần
cuốn tiểu thuyết	s=tiểu thuyết
cuộc	s=cuộc thi@2
cuộc hẹn	s=hẹn
cuộc họp	s=buổi họp,hội nghị
cuộc sống	s=đời sống
cà phê	s=phê
cà rốt	s=củ cải đỏ
cài đặt	s=lắp đặt@1,cài@1,thiết lập@2
càng ngày càng	s=ngày càng
cày	s=cái cày@2
cá	s=con cá@1,cược@2
cách nghĩ	s=não trạng
cách tân	s=duy tân,đổi mới
cách đây	s=trước đây
cái gì	s=gì@1
cái kia	s=kia
cái này	s=này
cái đó	s=đó
cán bộ	s=công chức@1,viên chức@1,nhân viên@2
cánh	s=nhóm@3,tụi@3
cân nhắc	s=đắn đo@1,suy tính@1
cân đối	s=quân bình@1
câu chuyện	s=chuyện@1,vấn đề@2
câu trả lời	s=đáp án	a=câu hỏi
câu hỏi	a=câu trả lời
cây atm	s=atm
cây cầu	s=cầu
cây gia hệ	s=gia phả,gia phổ
cây nước nóng lạnh	s=cây nước
cây xanh	s=cây cối,cây cỏ
còn giá trị	s=hữu hiệu	a=vô hiệu
còn lại	s=dư@2,thừa@2
còn thiếu	s=thiếu hụt
có hại	s=hại	a=có lợi
có lợi	s=hữu ích@1	a=có hại@1,bất lợi@1
có sẵn	s=có trong tay
có trong tay	s=có sẵn
có vẻ	s=trông,coi bộ
có điều	s=tuy nhiên,cơ mà,thế nhưng
cô độc	s=đơn độc,cô đơn
côi cút	s=bơ vơ,cô quạnh
công an	s=cảnh sát@1,cớm@2
công bố	s=ban bố,bố cáo
công dân	s=người dân,quốc dân
công khai	s=hé lộ@1	a=bí mật@2
công nghệ	s=kĩ thuật@1
công nhân	s=phu
công suất	s=dung lượng@2
công sức	s=nỗ lực,công lênh
công ty	s=hãng,công ti
công tác	s=công việc@2
công tắc	s=chuyển mạch
công đoạn	s=giai đoạn,khâu
cùng	s=cùng nhau@1,với@1,giống@2
cùng chúng tôi	s=với chúng tôi
cùng một lúc	s=đồng thời,cùng lúc
cùng với	s=với
cúc áo	s=khuy,nút
cúm	s=cảm cúm@1
căn hộ	s=chung cư,căn hộ chung cư
căn hộ chung cư	s=căn hộ,chung cư
căng thẳng	s=áp lực
cũng như	s=không những
cũng được	s=không sao
cơ	s=cơ bắp@1,cơ hội@2,dịp@2
cơ hội	s=thời cơ,dịp,cơ
cơ quan	s=viện@1,bộ phận@3
cơ thể	s=thân thể,thể xác
cơm	s=bữa ăn@2,bữa cơm@2
cơm chiên	s=cơm rang
cơm rang	s=cơm chiên
cước phí	s=cước,phí,lệ phí
cười	s=cười nhạo@2,chế giễu@2	a=khóc@1
cược	s=cá,đánh cược
cạnh tranh	s=ganh đua@1,thi đua@1,tranh đua@1
cả người	s=toàn thân,mình mẩy
cả nhà	s=quý vị@2
cả đêm	s=thâu đêm
cải tạo	s=tân trang@1,cải hoá@2
cải tổ	s=cải cách@2,đổi mới@2
cảm cúm	s=cúm,cảm nặng
cảm lạnh	s=làm cảm@1
cảm nặng	s=cảm cúm,cúm
cảm thấy mệt	s=thấy mệt
cảm xúc	s=tình cảm@1,xúc động@2
cảm động	s=xúc động@1,mùi mẫn@2
cảng	s=bến cảng,hải cảng
cảnh	s=phong cảnh@1,cảnh vật@1,cảnh sắc@1,hoàn cảnh@3,tình cảnh@3
cảnh báo	s=cảnh cáo@1
cảnh sát	s=công an@1,cớm@2
cấp dưới	s=thuộc cấp,bộ hạ	a=cấp trên
cấp trên	s=sếp,thượng cấp	a=cấp dưới
cất	s=bảo quản@1,dọn@1,nhấc@2,chưng cất@3
cấu tạo	s=cấu trúc@1,kết cấu@1,cơ cấu@1
cầm	s=nắm@1,cầm đồ@2	a=thả@1
cầm quyền	s=cai trị,chấp chính
cần	s=cần thiết@1,cần câu@2,rau cần@3
cần mẫn	s=cần cù,siêng năng	a=lười biếng
cần thiết	s=cần,thiết yếu
cầu khiến	s=mệnh lệnh
cầu kỳ	s=cầu kì,kỳ khu	a=đơn giản
cầu nguyện	s=cầu,khấn,cầu chúc
cầu thủ	s=tuyển thủ,vận động viên
cầu xin	s=van xin,khẩn cầu
cập nhật	s=cập nhập@1,cập nhật hoá@1
cậu bé	s=thiếu niên	a=cô bé
cắc cớ	s=oái oăm,khó tính
cặp kính	s=kính,kính mắt,mắt kính
cặp nhiệt độ	s=đo nhiệt độ
cặp sách	s=xà cột
cọ	s=chà@1,chùi@1,xát@1
cỏ	s=cần sa@3
cố định	a=di động@1
cống hiến	s=dâng hiến@2,hiến dâng@2
cổ họng	s=họng,yết hầu
cổ truyền	s=truyền thống,chính tông	a=hiện đại
cộ	s=xe bò
cộng đồng	s=cộng đoàn@1,công cộng@2
cờ	s=cờ xí@1
cờ lê	s=lắc lê
cờ vua	s=cờ
cởi mở	s=khai phóng@1	a=khép kín@1
cụ già	s=ông cụ,người già,cụ	a=cụ bà
cục sạc	s=bộ sạc
cục tẩy	s=gôm,tẩy
cụng ly	s=nâng ly,nâng cốc,cạn chén
củ	s=rễ@1
củ khoai tây	s=khoai tây
của	s=của cải@2,tài sản@2
củng cố	s=tăng cường,thắt chặt	a=suy yếu
cứu	s=cứu hộ,ứng cứu
cứu tôi với	s=giúp tôi
cử	s=bổ nhiệm@1	a=miễn nhiệm@1,bãi nhiệm@1
cử chỉ	s=điệu bộ@1,bộ điệu@1,hành động@2,thái độ@2
cửa chính	s=cổng
cực kỳ	s=cực kì
da ngăm đen	s=nước da đen	a=da trắng
dai	s=dai dẳng@2,kiên trì@2	a=mềm@1
danh bạ	s=niên giám điện thoại
danh hiệu	s=danh xưng,xưng hiệu
danh lam thắng cảnh	s=thắng cảnh
danh ngữ	s=cụm danh từ
danh tiếng	s=tiếng tăm@1,thanh danh@1,danh vọng@1
danh từ	s=thuật ngữ@2
di sản	s=gia tài
di tích	s=phế tích,di vật
diễn ra	s=xảy ra
diễn tả	s=miêu tả,mô tả,diễn đạt
diễn đạt	s=diễn tả,biểu đạt,bày tỏ
doanh nghiệp	s=xí nghiệp
du khách	s=khách du lịch
du lịch	s=lữ hành@1,du hành@1,đi du lịch@1
du lịch trọn gói	s=tour trọn gói
dung lượng	s=dung tích@1
duy nhất	s=độc nhất,duy
duy trì	s=giữ vững@1,giữ gìn@1
duyệt	s=phê duyệt@1,phê chuẩn@1,thông qua@1	a=bác bỏ@1
dàn dựng	s=đạo diễn@1,dựng chuyện@2
dành	s=chừa@1,để dành@1,dành dụm@1
dành cho	s=cho
dáng	s=dáng người,vóc dáng,thân hình
dáng người	s=thân hình,vóc dáng,dáng
dân cư	s=cư dân,người dân
dân gian	s=dân chúng
dây chuyền	s=vòng cổ@2
dãy	s=dãy núi@2
dè dặt	s=thận trọng,cẩn trọng
dép	s=dép lê,dép lào
dép lê	s=dép,dép lào
dông	s=bão,giông,giông bão
dù vậy	s=tuy vậy,dù sao
dĩ nhiên	s=tất nhiên,đương nhiên,hẳn nhiên
dư vị	s=dư âm
dưa	s=dưa chuột@3,dưa leo@3
dưa hấu	s=dưa đỏ,hấu
dưới đây	s=sau đây	a=trên đây
dượng	s=chú@1
dạo	s=đi dạo@1,dạo này@2
dạo này	s=gần đây,dạo gần đây,mấy hôm nay
dạy	s=giảng dạy,dạy học,dạy bảo	a=học
dấu phẩy	s=phẩy
dần	s=dần dần@1,từ từ@1
dầu	s=dù@2,mặc dù@2
dầu gội	s=dầu gội đầu
dầu gội đầu	s=dầu gội
dẫn	s=dẫn dắt@1,dắt@1,trích dẫn@3
dẫn đến	s=gây ra,dẫn tới
dậy	s=thức dậy@1,đứng dậy@2	a=ngủ@1
dậy sớm	a=ngủ nướng
dắt	s=dẫn@1,dẫn dắt@1,dìu dắt@1
dễ gần	s=gần gũi,thân thiện	a=khó gần
dệt	s=dệt vải
dệt vải	s=dệt
dịch	s=phiên dịch@1,biên dịch@1,thông dịch@1,dịch bệnh@2
dịch thuật	s=phiên dịch,biên dịch
dịch vụ hậu mãi	s=hậu mãi
dịp	s=thời cơ@2,cơ hội@2
dịu dàng	s=êm ái,hiền hoà,ôn hoà	a=thô bạo
dọn dẹp	s=quét dọn,lau chùi,dọn sạch
dọn nhà	s=dọn dẹp@1,quét dọn@1,chuyển nhà@2
dọn sạch	s=dọn dẹp,quét dọn
dừng lại	s=dừng@1,ngừng@1,ngừng lại@1	a=tiếp tục@1
dữ dội	s=mãnh liệt,gay gắt,kịch liệt
dự	s=tham dự@1,tham gia@1,có mặt@1
dự hội nghị	s=tham dự hội nghị
dự kiến	s=dự tính@1,dự định@1,dự liệu@2,lường trước@2,kế hoạch@3
dự thi	s=ứng thí
dự toán	s=ngân sách@2
dự trù	s=dự trữ,trừ bị
dự đoán	s=tiên đoán@1,dự liệu@1,dự phóng@1
dự định	s=định@1,dự tính@1,trù tính@1,kế hoạch@2
dựa theo	s=theo,dựa vào,căn cứ vào
dựa vào	s=dựa theo@1,căn cứ vào@1,tựa@2,ỷ@2
em bé	s=bé,hài nhi,trẻ sơ sinh
em rể	a=em dâu
em dâu	a=em rể
ga ra	s=gara,nhà xe,nhà để xe
gara	s=ga ra,nhà xe,nhà để xe
gam	s=âm giai@2
gan	s=can đảm@2,dũng khí@2,gan dạ@3,dạn dĩ@3	a=nhát@3
ganh ghét	s=ganh tỵ,đố kị,ghen tị
gay	s=vất vả@1,bê đê@2
gay gắt	s=kịch liệt,mãnh liệt,quyết liệt	a=ôn hoà
ghen	s=ghen tị,ghen tuông,ganh tỵ
ghi chép	s=ghi lại,ghi
ghi lại	s=ghi chép,ghi
ghé thăm	s=thăm,viếng thăm,đến thăm
ghép	s=chắp@1,gộp@1,cấy ghép@2
ghê gớm	s=khủng khiếp,dễ sợ,đáng gờm
ghìm	s=kìm nén@1,đè nén@1,níu@2
ghế	s=chỗ@2
gia	s=thêm@2
gia hạn	s=kéo dài
gia súc	s=súc vật
gia trưởng	s=độc tài@1
gia tăng	s=tăng,tăng lên	a=giảm,suy giảm,giảm sút
gia vị	s=mắm muối,điều vị
gia đình nhỏ	a=đại gia đình,gia đình đông người
gia đình đông người	s=đại gia đình	a=gia đình nhỏ
giai đoạn	s=thời kỳ,thời kì,công đoạn
gian nan	s=gian khổ,gian truân,chông gai	a=thuận lợi
giao dịch	s=mua bán@1,buôn bán@1,giao lưu@2
giao thông	s=vận tải
giành	s=đoạt@1,tranh@2,tranh giành@2
giàu tình cảm	s=tình cảm	a=lạnh lùng
giày	s=giầy@1,giẫm@2,chà đạp@2
giày thể thao	s=giày bata
giá cả	s=giá,giá tiền
giá mắc	s=đắt,mắc	a=rẻ
giá sách	s=tủ sách
giá thành	s=giá vốn
giá tiền	s=giá,giá cả
giá trị	s=hiệu lực@3
giám sát	s=theo dõi,kiểm soát
giám đốc	s=sếp
gián	s=gián điệp@2	a=trực tiếp@3
giáo dục	s=đào tạo@2,dạy dỗ@2
giáo trình	s=học liệu,sách giáo khoa
giáo viên	s=thầy giáo,cô giáo,nhà giáo,thầy,cô	a=học sinh,học trò
giòn	s=dòn@1
gió	s=phong@1
giúp cho	s=giúp,giúp đỡ
giúp tôi	s=cứu tôi với
giải	s=giải thưởng@1,giải quyết@2,cuộc thi@3
giải lao	s=nghỉ giải lao,nghỉ ngơi
giải quyết	s=giải,xử lí,dàn xếp
giải thưởng	s=giải
giải tán	s=giải thể	a=tập hợp
giải tỏa	s=giải toả@1,phá bỏ@2
giải đáp	s=giải thích,cắt nghĩa
giảm bớt	s=giảm,bớt	a=tăng thêm
giảm một nửa	a=tăng gấp đôi
giản dị	s=đơn sơ,đạm bạc,mộc mạc	a=cầu kì,xa hoa
giảng	s=giải thích@1,giảng dạy@2
giảng bài	s=giảng dạy
giảng dạy	s=dạy,dạy học,giảng bài	a=học tập
giấc chiêm bao	s=giấc mơ,chiêm bao
giấy	s=khăn giấy@2,giấy tờ@3
giấy chứng nhận	s=chứng chỉ,văn bằng
giấy mời	s=thiệp,thiệp mời
giấy tờ	s=hồ sơ,tài liệu
giấy vệ sinh	s=khăn giấy
giầy	s=giày@1
giật lùi	a=tiến lên
giặt	s=giặt giũ,giặt đồ
giặt quần áo	s=giặt giũ,giặt đồ,giặt
giặt đồ	s=giặt giũ,giặt,giặt quần áo
giẻ lau	s=giẻ,giẻ rách
giếng	s=chiếng
giỏi nhất	s=tối cao,hàng đầu	a=kém nhất
giống như	s=như,y như
giỗ	s=giỗ kị,cúng giỗ
giới thiệu	s=tiến cử@2,đề cử@2
giới tính	s=phái
giờ cao điểm	s=cao điểm
giờ tan tầm	s=giờ tan sở
giờ làm	s=giờ làm việc
giờ làm việc	s=giờ làm
giờ nghỉ	s=giờ giải lao
giữ	s=gìn giữ@1,duy trì@1,bảo quản@2,nắm@3	a=bỏ@1
giữ chân	s=níu kéo
giữ gìn	s=bảo tồn,gìn giữ,bảo toàn
giữ im lặng	s=lặng im
giữa	s=trung@1,chính giữa@1
gà	s=gà mờ@2
gánh nặng	s=trọng trách
gây	s=gây ra@1,tạo ra@2
gãy chân	s=gẫy chân
gò bó	s=câu nệ@1,cứng nhắc@2	a=thoải mái@1
gò ép	s=ép buộc,cưỡng ép,gượng ép
góc	s=xó@1,góc độ@2
góc nhìn	s=quan điểm,góc độ
gói	s=bọc@1,đóng gói@1,bao@2,túi@2
góp phần	s=đóng góp,cống hiến
góp vốn	s=hùn vốn
góp ý	s=đóng góp ý kiến
găng	s=găng tay@1,căng thẳng@2
găng tay	s=găng,bao tay,bít tất tay
gương mặt	s=khuôn mặt@1,vẻ mặt@1,bộ mặt@1
gạch dưới	s=gạch chân@1,gạch đít@1,nhấn mạnh@2
gấp đôi	s=gấp hai@1
gần gũi	s=thân thiết,thân cận,gần gụi	a=xa lạ,xa cách
gần nhất	a=xa nhất
gần đây	s=mới đây@1,vừa rồi@1
gật	s=gật đầu,gật gù	a=lắc đầu
gắn	s=dán@1,gắn kết@2
gắn bó	s=gắn kết,thân thiết	a=xa cách
gắn kết	s=liên kết,kết nối,nối kết	a=chia rẽ
gắp	s=kẹp@1,nhón@1
gặp lại	s=tái ngộ
gọi món	s=kêu món,đặt món
gọi đi	s=gọi điện thoại
gọi điện	s=gọi điện thoại,điện thoại
gọi điện thoại	s=gọi đi,gọi điện
gọn	s=gọn gàng@1,gọn ghẽ@1	a=bừa bộn@2
gốm	s=đồ gốm,đồ gốm sứ
gồm	s=bao gồm,gồm có
gỗ	s=cây gỗ
gỗ ép	s=ván ép
gội	s=gội đầu
gội đầu	s=gội
gở	s=xui xẻo	a=may mắn
gợi cảm	s=khêu gợi@1,khiêu gợi@1,hấp dẫn@1
gợi ý	s=đề xuất@1,đề nghị@1
gừ	s=gầm gừ
gừng	s=sinh khương
gửi gắm	s=giao phó,phó thác
gửi tiền	s=nạp tiền@1	a=rút tiền@1
hai	s=anh hai@2
hai bên	s=hai phía,lưỡng
hai mươi	s=hăm
hang động	s=hang,động
hiếm	s=hiếm có,hiếm hoi,khan hiếm	a=phổ biến,nhiều
hiếm có	s=hi hữu,hãn hữu,hiếm	a=phổ biến
hiếm hoi	s=hiếm@1,hiếm có@1
hiếm khi	s=ít khi	a=thường xuyên
hiếu	s=hiếu thảo@1,thích@2
hiếu khách	s=mến khách
hiếu kỳ	s=tò mò
hiển nhiên	s=rõ ràng@1,rành rành@1,đương nhiên@2,dĩ nhiên@2
hiểu	s=thông hiểu,lĩnh hội,nắm bắt	a=hiểu lầm
hiểu biết	s=hiểu@1,biết@1,kiến thức@2,tri thức@2
hiểu lầm	s=hiểu nhầm@1,ngộ nhận@1
hiểu nhầm	s=hiểu lầm
hiểu ra	s=nhận ra,vỡ lẽ,ngộ
hiện	s=hiện nay@1,hiện giờ@1,bây giờ@1,xuất hiện@2	a=biến mất@2
hiện thực	s=thực tế,thực tại	a=lí tưởng,ảo tưởng
hiện trạng	s=thực trạng
hiệu cắt tóc	s=tiệm cắt tóc
hiệu may	s=tiệm may
hiệu suất hoạt động	s=hiệu suất,hiệu năng
hiệu thuốc	s=nhà thuốc
ho	s=khục khặc
hoa anh đào	s=anh đào
hoa hồng	s=tiền hoa hồng@2
hoa mỹ	s=hoa lệ,lộng lẫy,bóng bẩy	a=giản dị
hoa sen	s=sen,bông sen
hoà giải	s=giảng hoà,làm lành
hoà hợp	s=hòa hợp	a=xung khắc
hoà thuận	s=hòa thuận,thuận hoà	a=bất hoà
hoàn chỉnh	s=hoàn thiện@1,trọn vẹn@1,hoàn thành@2
hoàn thiện	s=hoàn chỉnh
hoàn tiền	s=hoàn lại tiền
hoàn toàn	s=hẳn@1,hoàn chỉnh@2,trọn vẹn@2
hoãn thi	s=trì hoãn thi
hoạ sĩ	s=họa sĩ,họa sỹ
hoạt bát	s=nhanh nhẹn,sôi nổi	a=chậm chạp
huy chương	s=mề đay
huyền	s=đen@2,huyền bí@3,thần bí@3
huỷ	s=hủy@1,huỷ bỏ@1,huỷ bỏ@2
hy sinh	s=hi sinh
hy vọng	s=hi vọng,mong,mong muốn	a=tuyệt vọng
hà tiện	s=keo kiệt,bủn xỉn	a=hào phóng
hài hòa	s=hài hoà,thuận hòa
hài hước	s=hóm hỉnh,dí dỏm
hàm ý	s=ngụ ý@1,thâm ý@2
hàng dỏm	s=hàng giả,hàng lỗi	a=hàng thật
hàng giả	s=hàng dỏm	a=hàng thật
hàng hóa	s=hàng,sản phẩm,mặt hàng,thương phẩm
hàng không	s=hãng hàng không@2
hàng loạt	s=đại trà,hàng loạt
hàng lỗi	s=phế phẩm
hàng ngoại	a=hàng nội
hàng nội	a=hàng ngoại
hàng tuần	s=mỗi tuần,hằng tuần
hàng tồn kho	s=tồn kho
hành lang	s=tiền sảnh@1
hành động	s=hành vi@1,cư xử@2,hành xử@2
hào hứng	s=phấn khởi,hứng khởi,hứng thú	a=chán nản
hâm mộ	s=ngưỡng mộ,yêu thích
hãng	s=công ty,công ti,doanh nghiệp
hãng hàng không	s=hàng không
hãnh diện	s=tự hào	a=xấu hổ
hình dáng	s=hình dạng,hình thù,hình thể
hình thành	s=định hình,tạo thành
hình vẽ	s=tranh vẽ,minh hoạ,bức tranh
hình ảnh	s=ảnh@1,bức ảnh@1,hình tượng@2,dáng vẻ@2
hít thở	s=thở,hô hấp
hít vào	a=thở ra
hòa bình	s=hoà bình	a=chiến tranh
hòa nhạc	s=hoà nhạc
hòa thuận	s=hoà thuận,hòa hợp	a=bất hòa
hòa đồng	s=bạt thiệp,dễ gần	a=khép kín
hòn ngọc	s=viên ngọc,ngọc
hóa ra	s=té ra,thì ra
hóa đơn	s=hoá đơn,biên lai,biên nhận
hóc búa	s=gay go,oái oăm	a=dễ dàng
hói	s=trọc@1
hôm nào	s=một hôm@1,ngày nào@1
hôm qua	a=ngày mai
hùng vĩ	s=kì vĩ,hùng tráng,đồ sộ
hút	s=mút@1,hít@1,thu hút@3	a=thổi@1
hút bụi	s=hút
hút thuốc	s=hút hít
hơi lạnh	s=se lạnh@1,lành lạnh@1	a=hơi ấm@2
hơi đậm	s=đầy đặn
hơn nữa	s=vả lại,với lại,ngoài ra,thêm nữa
hương vị	s=mùi vị,vị
hướng	s=phương hướng@1,phía@1,hướng về@2
hướng bắc	s=phía bắc	a=hướng nam
hướng nam	s=phía nam	a=hướng bắc
hướng tây	s=phía tây	a=hướng đông
hướng đông	s=phía đông	a=hướng tây
hướng dẫn viên	s=hướng dẫn viên du lịch
hưởng	s=tận hưởng,thụ hưởng
hưởng ứng	s=đáp lại,ủng hộ	a=phản đối
hạ tay xuống	a=giơ tay lên
giơ tay lên	a=hạ tay xuống
hại	s=có hại@1,tổn hại@2,hãm hại@2	a=có lợi@1
hạn chót	s=thời hạn,hạn cuối
hạn chế	s=giới hạn@1,khuyết điểm@2,nhược điểm@2	a=ưu điểm@2
hạn mức	s=giới hạn
hải quan	s=thuế quan
hấp	s=đồ@1
hất	s=hẩy@1,thẩy@1
hầu bàn	s=bồi bàn,phục vụ
hầu hết	s=phần lớn,đa phần,đại bộ phận,phần nhiều
hầu như	s=gần như,hầu,cơ hồ
hậu mãi	s=dịch vụ hậu mãi
hậu quả	s=hệ quả,kết cục	a=nguyên nhân
hắt	s=rưới@1,tạt@1,hắt hơi@3
hắt xì hơi	s=hắt hơi,hắt xì
hằng	s=luôn luôn@1,luôn@1
hằng năm	s=hàng năm,mỗi năm
hằng tháng	s=hàng tháng,mỗi tháng
hằng tuần	s=mỗi tuần,hàng tuần
hẳn	s=hẳn là@1,chắc hẳn@1,hoàn toàn@2
hẳn là	s=chắc hẳn,chắc là,ắt
hẹn	s=hứa@1,hẹn hò@2,cuộc hẹn@2
hẹn gặp	s=cuộc hẹn,hẹn
hết cỡ	s=hết sức
hết hàng	s=cháy hàng	a=còn hàng
còn hàng	a=hết hàng
hết hạn	s=hết hiệu lực,quá hạn
hết mốt	s=lỗi mốt,lỗi thời	a=hợp mốt
hễ	s=nếu,cứ
hệ quả	s=kết quả,hậu quả	a=nguyên nhân
hệ thống âm thanh	s=dàn âm thanh
họ đều	s=họ
họa sĩ	s=hoạ sĩ,họa sỹ
họa sỹ	s=hoạ sĩ,họa sĩ
học	s=học tập@1,học hỏi@1,học hành@1	a=dạy@1
học chăm chỉ	s=học chăm	a=lười học
học kém	a=học giỏi
học kỳ	s=học kì
học thuộc	s=học thuộc lòng
học tập	s=học,học hành,việc học
họng	s=cổ họng,yết hầu
họp	s=họp hành,hội họp
họp mặt	s=tụ họp,hội họp,sum họp
hỏi thăm	s=thăm hỏi@1,chào hỏi@1,hỏi han@1
hỏi ý kiến	s=tham vấn,tư vấn,trưng cầu
hỏng hóc	s=hư hỏng,trục trặc
hồ sơ	s=giấy tờ,tài liệu
hồi hộp	s=bồn chồn,náo nức	a=bình tĩnh
hồi nãy	s=lúc nãy,nãy
hồi phục	s=phục hồi,bình phục,khôi phục
hồi sáng	s=sáng nay
hồi đó	s=lúc đó,khi ấy,lúc ấy,bấy giờ
hồng	s=màu hồng@1,hường@1,hoa hồng@2
hộ chiếu	s=giấy thông hành
hội chợ	s=đấu xảo,triển lãm
hội nghị	s=cuộc họp,hội thảo,buổi họp
hội nhập	s=sáp nhập@1,nhập hội@1
hội thảo	s=hội nghị
hội đồng	s=ủy ban,uỷ ban
hộp	s=thùng,hòm,rương
hớt	s=cắt@1,cạo@1,hớt tóc@1,xí@3
hợp	s=phù hợp@1,thích hợp@1,xứng@1,tập hợp@2,hợp nhất@2
hợp lý	s=hợp lí,có lí,hữu lí	a=vô lý
hợp tác	s=cộng tác@1,phối hợp@1,chung sức@1
hợp với	s=hợp,phù hợp với
hủy	s=huỷ@1,huỷ bỏ@1,phá huỷ@2,phá hoại@2	a=xây dựng@2
hứa	s=hẹn,hứa hẹn,cam kết	a=thất hứa
hữu nghị	s=thân thiện	a=thù địch
im lặng	s=yên lặng@1,im ắng@1,lặng im@1	a=ồn ào@1
in	s=in ấn@1,ấn loát@1
indonesia	s=nam dương
internet	s=mạng,in-tơ-nét,mạng mẽo
kha khá	s=khá
khai báo	s=kê khai@1,trình báo@1
khan hiếm	s=hiếm,thiếu hụt	a=dồi dào
khen thưởng	s=ban thưởng,tưởng thưởng	a=kỷ luật
khiêu gợi	s=gợi cảm,khêu gợi
khiến	s=làm cho,khiến cho
khiếu nại	s=khiếu kiện,phàn nàn
kho	s=nhà kho@1,vựa@1,rim@2
khoa	s=bộ môn@1,khoa cử@3
khoa văn	s=văn khoa
khoai lang	s=lang
khoai tây	s=củ khoai tây
khoan đã	s=đợi chút,khoan
khoanh trò	s=khoanh tròn
khoanh tròn	s=khoanh trò
khoác	s=choàng@1,vắt@1
khoản chi	s=chi phí	a=khoản thu
khoản vay	s=khoản nợ
khoảng cách	s=cự li,quãng,khoảng
khu	s=khu vực@1,vùng@1
khu du lịch	s=địa điểm du lịch
khu phố	s=xóm,phường
khu vườn	s=vườn
khuyên	s=khuyên bảo@1,khuyên nhủ@1,bông tai@2,hoa tai@2,khuyên tai@2
khuyên bảo	s=khuyên,khuyên nhủ,dặn
khuyến khích	s=cổ vũ,khích lệ,động viên	a=ngăn cản
khuôn	s=khuôn mẫu,khuôn khổ
khuôn mặt	s=gương mặt,mặt,dung nhan
khàn giọng	s=khản giọng
khá	s=ra phết@1,tương đối@1,ổn@2
khá lên	s=đỡ,tấn tới	a=kém đi
khác biệt	s=chênh lệch,sai biệt	a=tương đồng
khác hẳn	a=giống hệt
khác nhau	a=giống nhau
khách	s=khách hàng@1	a=chủ@1
khách du lịch	s=du khách
khách hàng	s=khách,người mua
khái niệm	s=quan niệm
khám chữa	s=điều trị,chữa trị
khát	s=khát nước@1,khao khát@2,thèm@2
khát nước	s=khát
khéo	s=khéo léo@1,thạo@1	a=vụng@1
khéo léo	s=khéo,thành thạo,điêu luyện	a=vụng về
khéo tay	s=cao tay	a=vụng tay
khêu gợi	s=gợi cảm,khiêu gợi
khí hậu	s=thời tiết,thuỷ thổ
khó hiểu	a=dễ hiểu
khó khăn	s=khó@1,gian khó@2	a=dễ@1,dễ dàng@1,thuận lợi@2
khó xử	s=lúng túng,khó nghĩ
khóa cửa	a=mở cửa
khóa học	s=lớp học
khôn ngoan	s=khôn,lanh lợi,tinh khôn	a=ngu ngốc,khờ dại
không biết	a=biết
không dám	s=không có chi@2
không gian	s=vũ trụ@2
không hề	s=chẳng hề,chưa hề
không khí	s=khí@1,bầu không khí@2
không khỏe	s=ốm,bị ốm,đau	a=khỏe
không kể	s=trừ,ngoại trừ
không may	s=vô phúc,xui xẻo,rủi	a=may mắn
không những	s=không chỉ
không tính	s=ngoại trừ
khăng khăng	s=một mực,nhất quyết,cố chấp
khơi gợi	s=khơi dậy,gợi
khả năng	s=năng lực@1,sức@1,tính khả thi@2
khả quan	s=tốt đẹp,khả thi	a=bi quan
khảo sát	s=điều tra@1,thăm dò@1
khẩn	s=khẩn cấp,khẩn trương,hoả tốc
khẩu hiệu	s=biểu ngữ,tiêu ngữ
khẩu vị	s=vị,hương vị
khắc nghiệt	s=nghiệt ngã,ác nghiệt,cay nghiệt	a=ôn hoà
khắc phục	s=vượt qua
khắp	s=khắp nơi,cùng khắp
khẳng định	s=xác nhận@2,quả quyết@2	a=phủ định@1,phủ nhận@2
khẽ	s=nhẹ@1,lẳng lặng@1,nhỏ@2	a=to@2
khỏe	s=khỏe mạnh@1,khoẻ@1,mạnh khỏe@1,mạnh giỏi@2	a=yếu@1,ốm@1
khỏi	s=khỏi bệnh@1,lành@1,không cần@2
khổ	s=vất vả@1,khổ sở@1,cỡ@2	a=sung sướng@1
khổ vải	s=bề rộng,chiều rộng
khởi hành	s=xuất phát,ra đi	a=đến nơi
khởi đầu	s=bắt đầu@1,mở đầu@1,bước đầu@2	a=kết thúc@1
khủng khiếp	s=kinh khủng,ghê gớm,kinh dị
kim	s=cây kim@1
kim loại	s=loài kim
kim tự tháp	s=hình chóp
kinh doanh	s=buôn bán,làm ăn
kinh nghiệm	s=vốn sống,trải nghiệm
kinh phí	s=chi phí,phí tổn
kinh tế	s=kinh tế học@1,tằn tiện@3
kinh điển	s=kiệt tác,danh tác
kiên nhẫn	s=nhẫn nại,kiên trì	a=nóng vội
kiên quyết	s=cương quyết,dứt khoát,quả quyết	a=do dự
kiên trung	s=trung thành	a=phản bội
kiên trì	s=bền bỉ,bền chí,dẻo dai	a=nản lòng
kiêng	s=kiêng khem,tiết chế
kiêng ky	s=kiêng kị,cấm kị,huý kị
kiếm tiền	s=làm ra tiền,làm giàu
kiến thức	s=tri thức,hiểu biết
kiểm	s=kiểm tra,soát
kiểm soát	s=khống chế,quản lý
kiểm sát	s=giám sát
kiểu dáng	s=kiểu thiết kế,mẫu mã,thiết kế
kiểu thiết kế	s=kiểu dáng,mẫu mã,thiết kế
kiểu nói chuyện	s=cách nói
kiệt sức	s=kiệt quệ,mệt lả	a=sung sức
kèm	s=kèm theo@1,đính kèm@1
ké	s=quá giang@1
kém	s=yếu@1,yếu kém@1,thiếu@2	a=giỏi@1,hơn@1
kém cỏi	s=yếu kém	a=giỏi giang
kéo dài	s=kéo lâu,gia hạn	a=rút ngắn
kê đơn	s=kê đơn thuốc
kê đơn thuốc	s=kê đơn
kênh	s=kênh đào@1,kênh rạch@1
kêu gọi	s=hô hào,hiệu triệu
kì lạ	s=kỳ lạ,lạ lùng,kỳ quặc	a=bình thường
kìm	s=kìm nén@2
kí túc xá	s=ký túc xá
kích cỡ	s=cỡ,kích thước
kích thích	s=khích@1
kín đáo	s=thầm kín@1,âm thầm@1,thận trọng@2	a=lộ liễu@1
kính trọng	s=tôn trọng,tôn kính,kính nể	a=khinh thường
ký kết	s=kí kết
ký tên	s=kí tên,ký
ký túc xá	s=kí túc xá
ký ức	s=kí ức,kỉ niệm
kẹp	s=gắp@2,cặp@2,kẹp tóc@3
kẹt	s=tắc@1,bí@1,túng@2,bận@3
kẻ trộm	s=trộm,ăn trộm,đạo chích
kế hoạch	s=quy hoạch,phương án,dự định
kế toán	s=tài vụ@1,kế toán viên@2
kết hợp	s=phối hợp@1,liên kết@1,tổ hợp@2
kết luận	s=kết bài@1
kết nối	s=liên kết,nối
kết từ	s=liên từ
kể	s=kể lại@1,thuật lại@1,đếm@2
kể cả	s=bao gồm@1,ngay cả@2,thậm chí@2
kể từ khi	s=từ khi
kịch	s=vở kịch@1,kịch nói@1
kịp	s=kịp thời@1,bắt kịp@2
kịp thời	s=kịp,đúng lúc
kỳ diệu	s=kì diệu,thần kì
kỳ khị	s=khó tính
kỳ nghỉ	s=nghỉ phép@1,kì nghỉ@1
kỳ quặc	s=kì cục,kỳ cục,lạ lùng
kỳ thi	s=thi,cuộc thi,thi cử
kỳ thú	s=thú vị,hấp dẫn
kỷ luật	s=kỉ luật@1	a=khen thưởng@2
kỷ niệm	s=kỉ niệm@1,lưu niệm@2,ký ức@3
kỹ	s=kĩ,tỉ mỉ,cặn kẽ	a=qua loa
kỹ năng	s=kĩ năng,năng lực
kỹ sư	s=kĩ sư
kỹ thuật viên	s=kĩ thuật viên
la hét	s=kêu la,gào thét
lan	s=hoa lan@1,lan truyền@2,lan toả@2
lao động	s=làm việc@2,công nhân@3,người lao động@3
lau	s=lau chùi@1,chùi@1,sậy@2
lau nhà	s=lau sàn
leo	s=trèo@1	a=xuống@1
leo thang	s=trèo thang@1,gia tăng@2
lia thia	s=cá chọi
linh hoạt	s=mềm dẻo@1,nhanh nhẹn@2	a=cứng nhắc@1
linh kiện	s=phụ tùng
linh kiện máy	s=linh kiện,phụ tùng
linh mục	s=cha,cha xứ
liên hệ	s=liên lạc@1,mối liên hệ@2,quan hệ@2
liên lạc	s=liên hệ@1,kết nối@2
liên minh	s=liên đoàn,đồng minh,liên hiệp
liên quan	s=liên can,can hệ,dính dáng
liền	s=ngay@1,lập tức@1,liên tiếp@2
liệt kê	s=kê khai
liệu	s=phải chăng@1,nguyên liệu@3
lo ngại	s=lo âu,ưu tư,lo lắng	a=yên tâm
lo sợ	s=lo lắng,e sợ,sợ hãi	a=yên tâm
loa	s=cái loa@1
loét	s=lở loét@1
luyện	s=luyện tập@1,tập luyện@1,tập@1
luyện tập	s=tập luyện,luyện,tập
luôn	s=luôn luôn@1,lúc nào cũng@1,ngay@2
luận văn	s=luận án
luận án	s=luận văn
luật	s=pháp luật@1,luật lệ@2,quy tắc@2
luật sư	s=trạng sư,thầy cãi
ly thân	s=li thân	a=đoàn tụ
làm cho	s=khiến,khiến cho
làm hộ	s=làm giùm,làm giúp
làm lại	s=làm lại từ đầu
làm nên	s=tạo nên@1,lập nên@1,thành đạt@2	a=thất bại@2
làm quen	s=làm thân@1,kết giao@1,quen dần@2
làm theo	s=bắt chước,noi theo
làm thêm	s=đi làm thêm
làm thêm giờ	s=tăng ca
làm việc	s=làm
làm việc nhà	s=việc nhà,việc nội trợ
làm việc từ xa	s=làm việc tại nhà
làm ăn	s=kinh doanh,buôn bán
làm đẹp	s=trang điểm,tô điểm
làm ơn	s=vui lòng@1
làng	s=thôn@1,xóm@1,làng xóm@1,giới@2
lái xe	s=chạy xe@1,tài xế@2
lái xe máy	s=chạy xe máy
lát nữa	s=chút nữa,lúc nữa
láy	s=lặp lại
lân cận	s=gần@1,láng giềng@1
lâu quá không gặp	s=lâu rồi không gặp
lâu rồi không gặp	s=lâu quá không gặp
lây	s=lây truyền,lây nhiễm,nhiễm
lã	s=nước lã,nước trắng
lãi	s=tiền lãi@1,lời lãi@2,lợi nhuận@2	a=lỗ@2
lãi suất	s=lãi
lãng mạn	s=thơ mộng,bay bổng	a=thực tế
lãng phí	s=phung phí,tiêu phí,phí phạn,uổng phí	a=tiết kiệm
lãnh sự quán	s=toà lãnh sự
lão	s=cụ@1,người già@1,ông già@1
lên chức	s=thăng chức,thăng tiến	a=giáng chức
lên giá	s=tăng giá	a=giảm giá,xuống giá
lên ngôi	s=tức vị,đăng quang	a=thoái vị
lên xe	a=xuống xe
lìa	s=rời,rời bỏ,chia lìa
lí do	s=lý do@1,nguyên do@1,cớ@2
lý do	s=lí do,nguyên do,nguyên nhân
lính cứu hỏa	s=lính cứu hoả
lòng tốt	s=thiện chí,thành ý	a=ác ý
lô	s=khoảnh@2,thửa@2
lùa	s=dồn@1,đuổi@1
lúc nào	s=bao giờ@1,khi nào@1,chừng nào@1
lúc nãy	s=hồi nãy,nãy
lúng túng	s=bối rối,luống cuống	a=bình tĩnh
lý lịch	s=lí lịch
lý tưởng	s=lí tưởng
lăn	s=lăn lộn@2
lĩnh vực	s=lãnh vực,địa hạt,ngành
lũ	s=lũ lụt@1,lụt@1,bọn@2,tụi@2
lưng	s=eo@2,vốn liếng@3
lưu	s=lưu trữ@1,lưu lại@1,ở lại@2
lưu lại	s=lưu trữ,cất giữ
lưu niệm	s=kỉ niệm
lưu văn bản	a=xóa văn bản
lương	s=tiền lương@1,lương bổng@1,mức lương@1
lương nhân viên	s=lương,tiền lương
lương thực	s=ngũ cốc
lưới	s=mạng lưới@2
lướt web	s=lướt mạng
lười học	a=chăm học,học chăm chỉ
lượng từ	s=loại từ@2
lạ lùng	s=kì lạ@1,kỳ quặc@1,dị thường@1	a=bình thường@1
lạc hậu	s=tụt hậu,lỗi thời	a=tiên tiến,hiện đại
lạc đường	s=lạc lối
lại	s=nữa@2,tới@4	a=đi@4
lạnh lùng	s=lạnh nhạt@1,dửng dưng@1	a=nhiệt tình@1,ấm áp@1
lạnh run	s=run lạnh
lảng tránh	s=né tránh,tránh,trốn tránh
lấp	s=lấp đầy,bít,bù
lấy nhau	s=kết hôn,cưới,lập gia đình	a=ly hôn,ly dị
lầm	s=nhầm@1,ngỡ@1
lần cuối cùng	s=lần chót	a=lần đầu tiên
lần này	s=lần nay
lần nữa	s=một lần nữa
lần sau	s=lần tới	a=lần trước
lần trước	s=lần rồi	a=lần sau
lần đầu	s=lần đầu tiên	a=lần cuối
lần đầu tiên	s=lần đầu	a=lần cuối cùng
lầy	s=lầy lội@1,bùn lầy@1
lẫn	s=lẫn lộn@1,nhầm lẫn@2,nhau@4
lẫn nhau	s=với nhau,nhau
lập	s=thành lập@1,thiết lập@1,lập ra@1,soạn@2
lập gia đình	s=kết hôn,lấy nhau,thành thân	a=ly hôn
lắc	s=lay@1,vẫy@1,vòng tay@2
lắng nghe	s=nghe
lắp ráp	s=ráp,lắp ghép	a=tháo rời
lắp đặt	s=lắp,cài đặt	a=tháo dỡ
lặn biển	s=lặn
lặp	s=lặp lại,lập lại
lễ	s=ngày lễ@1,nghi lễ@2,lạy@3,lễ vật@4
lễ giáng sinh	s=giáng sinh,nô-en,noel
lễ hội	s=hội,hội hè
lễ phép	s=lễ độ@1,lịch sự@1,lễ nghĩa@2	a=hỗn láo@1,vô lễ@1
lễ tân	s=quầy lễ tân
lệ phí	s=phí,cước phí
lịch	s=lịch trình@1,quyển lịch@2,lịch sự@4
lịch sự	s=lễ phép@1,nhã nhặn@1	a=bất lịch sự@1,thô lỗ@1
lịch trình	s=lịch,hành trình
lọ hoa	s=bình hoa,lọ
lối ra	s=cửa ra	a=lối vào
lối sang đường	s=vạch qua đường
lỗ	s=thua lỗ@1,thâm hụt@1,lỗ hổng@2,hốc@2	a=lãi@1,lời@1
lỗi	s=sai lầm@1,lỗi sai@1,sai sót@2
lỗi sai	s=lỗi,sai lầm
lộn xộn	s=hỗn loạn,bừa bộn,lung tung	a=ngăn nắp,trật tự
lộng lẫy	s=rực rỡ,hoa lệ,xán lạn	a=giản dị
lớn hơn	a=nhỏ hơn@1
lớn lên	s=trưởng thành,mọc
lớn mạnh	s=hùng mạnh	a=suy yếu
lớp	s=lớp học@1,năm học@2,tầng@3
lớp học	s=lớp@1,phòng học@1,khoá học@2
lớp trẻ	s=giới trẻ,thế hệ trẻ
lời	s=lời nói@1,ca từ@2,lời lãi@3,lãi@3	a=lỗ@3
lời hứa	s=lời hẹn,cam kết
lời khuyên	s=lời khuyên bảo
lời từ chối	a=lời đồng ý
lỡ	s=nhỡ@2,bỏ lỡ@2,hụt@2
lỡ hẹn	s=sai hẹn,thất hẹn	a=đúng hẹn
lỡ xe	s=nhỡ xe
lợi nhuận	s=lãi,lời lãi,lợi	a=lỗ,thua lỗ
lợi tức	s=tiền lãi,tiền lời
lứa tuổi	s=độ tuổi
lựa chọn tối ưu	s=phương án tối ưu
lực	s=sức@1,sức lực@1
mai mốt	s=sớm muộn,sau này
mai một	s=mất dần,biến mất
mang theo	s=đem theo
mang đến	s=mang lại,đem lại,đem đến
mau chóng	s=nhanh chóng,chóng	a=chậm chạp
may mặc	s=quần áo,trang phục
may sẵn	a=may đo
may đo	a=may sẵn
mi mắt	s=mí mắt,mí
minh hoạ	s=hình vẽ,tranh minh hoạ
miễn	s=miễn trừ@1,miễn là@2
miễn phí	s=không mất tiền	a=có phí,mất phí
miệt thị	s=khinh miệt,khinh thị,coi thường	a=tôn trọng
mong muốn	s=ước muốn@1,mong@1,hy vọng@1,nguyện vọng@2
mua bán	s=buôn bán,giao dịch
mua hàng	s=mua sắm	a=bán hàng
mua sắm	s=mua hàng,sắm sửa
muốn	s=ước,thích	a=không muốn
màn hình	s=màn@1,màn ảnh@1
màu cam	s=cam,da cam
màu hồng	s=hồng,hường
màu nâu	s=nâu
màu trắng	s=trắng	a=màu đen
màu tím	s=tím
màu vàng	s=vàng
màu xanh da trời	s=màu xanh dương,xanh dương,xanh da trời
màu xanh dương	s=màu xanh da trời,xanh dương
màu xanh lá cây	s=xanh lá cây,xanh lá,xanh lục
màu xám	s=xám
màu đen	s=đen	a=màu trắng
màu đỏ	s=đỏ
màu sáng	a=màu tối
màu tối	a=màu sáng
mái tóc	s=tóc
mát mẻ	s=mát@1,dễ chịu@1	a=nóng nực@1
mát xa	s=xoa bóp
máu	s=huyết@1,tính khí@2
máy	s=máy móc@1,động cơ@2
máy di động	s=điện thoại di động
máy hút bụi	s=máy hút
máy in	s=máy in màu
máy khoan	s=khoan
máy móc	s=máy@1,cơ khí@1,rập khuôn@2
máy phát	s=máy phát điện,máy điện
máy tính xách tay	s=láp-tóp
mâu thuẫn	s=xung đột,bất đồng,nghịch lí	a=hòa hợp
mã pin	s=mật khẩu,mật mã
mã số	s=mã,số hiệu
# ── 낱말 하나씩 검사(tools/word_check/검사표.tsv)에서 고친 짝 — 같은 낱말이 위에 또 있으면 **아래 줄이 이긴다**
ông	a=bà@1
bà	a=ông@1
cô	a=chú@1,thầy@2
thầy	a=cô@1
khỏe	s=khỏe mạnh@1,mạnh khỏe@1,mạnh@3	a=ốm@1,yếu@3
hỏi	a=trả lời
lỗi	s=sai lầm@1,lỗi lầm@1,sai sót@2
vẽ	s=bịa@2
gặp	s=gặp gỡ,gặp mặt	a=chia tay
mệt	a=khỏe
xin lỗi	s=thứ lỗi
còn	s=vẫn@1	a=hết@2,mất@4
nói	s=bảo,kể	a=nghe,im lặng
nghe	a=nói@1
trả lời	s=đáp,đối đáp	a=hỏi
nhau	s=lẫn nhau@1
từ	s=từ ngữ@2
thích hợp	s=phù hợp,hợp
điền	s=ghi@1
xem	s=nhìn@1,coi@1
bài	s=bài học@1,bài tập@2
viết	s=ghi@1,chép@1	a=đọc@1
gọi	s=kêu@1,gọi điện@2,gọi món@3
gần	s=gần như@2,hầu như@2	a=xa@1
xác nhận	s=khẳng định
bài tập	s=bài@1,bài tập về nhà@1
về	s=trở về@1,quay về@1,đến@2
theo	s=tuân theo@1,dựa theo@2
đến	s=tới@1,về@3	a=đi@1
này	s=nè@1	a=kia@1,đó@1
ở	s=sống@2,tại@3
xin	s=nhờ@1,yêu cầu@1
mỗi	s=từng,mọi
được	a=không được@1
thông tin	s=tin tức@1
nguyên âm	a=phụ âm
phụ âm	a=nguyên âm
thực hành	s=thực tập@1,luyện tập@1	a=lý thuyết@2
chọn	s=lựa chọn,lựa,kén
tìm hiểu	s=tìm tòi@1,nghiên cứu@1
tồn tại	s=hiện hữu@1
thể hiện	s=biểu hiện,bày tỏ,biểu lộ
cho	a=nhận@1
sức khỏe	s=sức khoẻ
mẫu	s=mẫu mã@2,biểu mẫu@3
thiếu	s=thiếu hụt@1	a=dư@1,thừa@1,đủ@1
đọc	a=viết@1
đầy	a=rỗng@1,vơi@1
không sao	s=không có gì,không sao đâu
từ ngữ	s=từ vựng
chỗ trống	s=ô trống,khoảng trống
đoạn văn	s=đoạn
người nghe	a=người nói
người nói	a=người nghe
chỉ định từ	s=đại từ chỉ định
địa điểm	s=nơi,chỗ,nơi chốn
thời điểm	s=lúc,thời khắc
nghi vấn	s=thắc mắc@1,nghi ngờ@1	a=khẳng định@2
sự tồn tại	s=tồn tại
dạng	s=hình dạng@1,kiểu@2,loại@2
phủ định	s=phủ nhận@1	a=khẳng định@1
sang	s=qua@1,chuyển sang@2,sang trọng@3
từ vựng	s=từ ngữ,vốn từ
chỉ định	s=chỉ thị@3
số đếm	a=số thứ tự
thứ nhất	s=đầu tiên	a=cuối cùng
huyền	s=thanh huyền@1
sắc	s=thanh sắc@3
thanh ngang	s=ngang@2
thanh huyền	s=huyền@1
thanh ngã	s=ngã@3
thanh sắc	s=sắc@3
rát	s=xót
nhà	s=nhà ở@1,nhà cửa@1
ăn	s=xơi@1,ăn uống@1
vẫn	s=còn@1,vẫn còn
đẹp	s=xinh@1,xinh đẹp@1	a=xấu@1
kia	a=này@1
đó	a=này@1
đi	a=đến@1
khác	s=khác nhau@1	a=giống@1
có lẽ	s=chắc là,có thể
thấy	s=nhìn thấy@1,cảm thấy@2
tây	a=đông@1
hàng	s=hàng hóa@1,cửa hàng@2,dãy@3
nhật	s=nhật bản@1
nước ngoài	s=ngoại quốc	a=trong nước
đặt	s=xếp@1,để@1,đặt hàng@2,đặt trước@2,đặt tên@3
như	s=giống như@1
thêm	s=bổ sung@2,thêm vào@2	a=bớt@2
trường hợp	s=tình huống@1
vị trí	s=chỗ@1,địa điểm@1,chức vị@2
mấy	s=bao nhiêu@1,vài@2
nắng	s=ánh nắng@1	a=mưa@2
chắc	s=chắc là@1,có lẽ@1,chắc chắn@2
đã	s=rồi@1	a=chưa@1
hoàn thành	s=hoàn tất,kết thúc,hoàn chỉnh	a=dang dở
báo	s=tờ báo@1,báo chí@1,beo@3
bày	s=trưng bày@1,bày biện@1	a=dẹp@1
tái	s=tái nhợt@1
mới	s=mới mẻ@1	a=cũ@1
bác	a=chú@1
thuộc	s=thuộc về@1,học thuộc@2
sau đó	s=rồi,tiếp theo	a=trước đó
ơn	s=ân,ơn huệ
không phải	a=phải
đánh dấu	s=ghi dấu,tích
sách	s=sách vở
sây	s=trầy,sây sát
tấy	s=sưng
ăn cơm	s=dùng cơm,dùng bữa
vặn	s=xoay@1
vất	s=vứt,quẳng
thời	s=thời đại@1,thời kỳ@1
ngược lại	s=trái lại@1
tổ hợp	s=kết hợp@1
tính	s=tính toán@1,tính cách@2
tường thuật	s=kể lại@1,thuật lại@1
đăng ký	s=đăng kí@1,ghi danh@1
trước đây	s=trước kia,hồi trước	a=sau này
đi học	s=đến trường@1	a=nghỉ học@1
hiện nay	s=bây giờ,ngày nay,hiện giờ
khó	s=khó khăn@1	a=dễ@1
thích	s=yêu thích@1,ưa@1	a=ghét@1
nổi tiếng	a=vô danh
dễ	s=dễ dàng@1	a=khó@1
nhầm	s=lầm@1,sai@2
mưa	a=nắng@2
yên tĩnh	a=ồn ào
tươi	a=héo@1,ôi@1
tuổi	s=tuổi tác@1
đại học	s=trường đại học@1
thành phố	s=đô thị@1	a=nông thôn@1
ở đó	s=đằng đó,tại đó
cửa	s=cửa ra vào@1,cửa sổ@2
đêm	s=ban đêm@1	a=ngày@1
thư ký	s=thư kí
nhóm	s=tổ@1,đội@1
thường	s=thường xuyên@1,bình thường@2	a=hoa@4
đứng	a=ngồi@1
đông	s=đông đúc@1,mùa đông@2,phía đông@3	a=vắng@1,tây@3
chưa	a=rồi@1,đã@1
mượn	s=vay	a=trả,cho mượn
một trăm	s=trăm
đều	s=tất cả@1,cả@1
mùa	s=mùa vụ@2
tiếng Nhật	s=nhật ngữ
nhằm	s=để@1
thân mật	s=thân thiết,thân thiện	a=xa lạ
yêu cầu	s=đề nghị@1,đòi@1
rõ	s=rõ ràng@1	a=mờ@1
tính chất	s=đặc tính,đặc điểm
đúng rồi	s=phải rồi
chia	s=phân chia@1,chia sẻ@2
đêm khuya	s=khuya
lừa	s=lừa đảo@1,gạt@1
hương	s=hương thơm@1,mùi hương@1,nhang@2
nữa	s=thêm@1
yên	s=yên tĩnh@1,yên lặng@1	a=ồn@1
rồi	s=đã@1
nối	s=kết nối@1,nối liền@1,dính@1	a=gỡ@1
sẵn	s=có sẵn
tỏ ý	s=bày tỏ,tỏ rõ
đồng nhất	s=giống nhau,thống nhất	a=khác biệt
trường đại học	s=đại học
người Việt Nam	s=người việt
cũ	s=cũ kỹ@1	a=mới@1
quý	s=quý giá@1,quý báu@1,trân trọng@1
quen	s=quen biết@1,quen thuộc@2	a=lạ@1
gửi	s=gởi@1	a=nhận@1
gầy	s=ốm,còi	a=béo,mập
nghề	s=nghề nghiệp@1
nghề nghiệp	s=nghề
đường	s=con đường@1,đường phố@1,nẻo@1
trưa	s=buổi trưa@1
đi làm	a=nghỉ làm
văn phòng	s=phòng làm việc@1
nội trợ	s=người nội trợ
bắt đầu	s=khởi đầu,mở đầu	a=kết thúc
trước khi	a=sau khi
nhà hàng	s=quán ăn,tiệm ăn
quốc tế	a=trong nước,quốc nội
ngoại ngữ	a=tiếng mẹ đẻ
rưỡi	s=nửa
mức độ	s=trình độ
cần kiệm	s=tiết kiệm
cũ kỹ	s=cũ
qui	s=quy,quy định
quanh	s=xung quanh@1
quên	a=nhớ
quyết	s=quyết định,quyết tâm
quán cơm	s=quán ăn
gãy	s=gẫy,lọi
ghé	s=ghé thăm,ghé qua
gập ghềnh	s=khấp khểnh	a=bằng phẳng
ngỡ ngàng	s=ngạc nhiên
ngổ ngáo	s=hỗn láo,ngang ngược
nghi ngờ	s=nghi vấn	a=tin tưởng
nghe ngóng	s=thăm dò
nghẹn ngào	s=nghẹn
tiếp diễn	s=tiếp tục@1
giỏi	s=giỏi giang@1	a=kém@1,dốt@1
nhà sách	s=hiệu sách,tiệm sách
tắc xi	s=taxi,tắc-xi
món ăn	s=thức ăn,đồ ăn
đặc biệt	s=đặc sắc@2	a=bình thường@2
nói chuyện	s=trò chuyện@1
ngồi	a=đứng@1
tiệm ăn	s=quán ăn,nhà hàng
tiện lợi	s=thuận tiện	a=bất tiện
nhớ	a=quên@1
thoải mái	s=dễ chịu	a=gò bó
thỉnh thoảng	s=đôi khi,đôi lúc	a=thường xuyên
bình thường	s=thông thường@1	a=lạ@1,đặc biệt@1
tuần sau	s=tuần tới	a=tuần trước
thích thú	s=thích,hứng thú
thuê nhà	a=cho thuê nhà
năm ngoái	s=năm trước	a=năm sau,năm tới
hoàn hảo	s=hoàn chỉnh,toàn hảo
món	s=món ăn@1
chậm chạp	s=chậm	a=nhanh nhẹn
phân phối	s=phân bổ@2
phong phú	s=dồi dào,đa dạng	a=nghèo nàn
tỷ	s=tỉ@1
vì	s=bởi vì@1,tại vì@1
tính toán	s=tính@1
thú thật	s=thật lòng@1
phê phán	s=phê bình,chỉ trích
phờ	s=phờ phạc
phương pháp	s=cách,cách thức,phương thức
phẳng phiu	s=bằng phẳng
thành thật	a=giả dối
thảnh thơi	s=thư thái,nhàn nhã
thốt	s=thốt lên
tròng trành	s=chòng chành
trịnh trọng	s=trang trọng,long trọng
tre	s=trúc
trống trải	s=trống vắng@1
trơn trượt	s=trơn
trúc	s=tre
sạch	s=sạch sẽ@1	a=bẩn@1
hát hò	s=ca hát
thật sự	s=thực sự@1
rét	s=lạnh@1	a=nóng@1
tròn xoe	s=tròn
vai	s=vai trò@2
sự việc	s=sự kiện
thăm	s=ghé thăm@1,thăm viếng@1
từ từ	s=chậm rãi@1
rảnh	s=rảnh rỗi@1	a=bận@1
tuần trước	s=tuần rồi	a=tuần sau
ăn tối	a=ăn sáng
con gái	a=con trai
mẹ	a=bố@1,cha@1
môn	s=môn học
đá	s=nước đá@2
đưa	s=trao@1,cho@1,đưa đón@2
nhận	s=tiếp nhận@1,nhận ra@2,thừa nhận@3	a=gửi@1
tất cả	s=toàn bộ,mọi,đều
thư	s=lá thư@1,bức thư@1
cất cánh	a=hạ cánh
thực hiện	s=thi hành,tiến hành
ngoặc	s=dấu ngoặc@1
rảnh rỗi	s=rảnh	a=bận rộn,bận bịu
cô giáo	a=thầy giáo
chào tạm biệt	s=tạm biệt
thế à	s=vậy à
ôn	s=ôn tập@1
nguyên âm đơn	a=nguyên âm đôi
trông chờ	s=mong chờ,chờ đợi,trông đợi
tươi cười	a=cau có
xây dựng	s=xây@1,kiến thiết@1	a=phá huỷ@1
hay là	s=hoặc,hay
trong khi	s=khi@1
nhàn	s=nhàn rỗi@1,rảnh@1
sửa	s=sửa chữa,chỉnh sửa
uốn	s=uốn cong@1,uốn tóc@2
trừng	s=trừng mắt
ăn sáng	a=ăn tối
thức khuya	a=ngủ sớm
đi ngủ	s=đi nằm
lên mạng	s=vào mạng,lướt web
đói	s=đói bụng@1	a=no@1
chuẩn bị	s=sửa soạn,soạn
chờ	s=đợi,chờ đợi
sinh hoạt	s=đời sống@1
xong	s=hoàn thành@1
nhạc	s=âm nhạc@1
nghỉ hưu	s=về hưu
loại	s=thứ@1
dở	s=tệ@1,kém@1
buồn	s=chán@3
tương lai	a=quá khứ
chấp nhận	s=đồng ý,chấp thuận
sắp	s=sắp sửa@1
thức dậy	s=ngủ dậy	a=đi ngủ
mỗi ngày	s=hàng ngày@1,hằng ngày@1
ý nghĩa	s=nghĩa@1
lo	s=lo lắng@1
vắng	s=vắng mặt@2	a=đông@1
bà ngoại	a=bà nội
hình như	s=có vẻ
ngại	s=e ngại@1
đề nghị	s=đề xuất@1
tiến hành	s=thực hiện
đầu tiên	a=cuối cùng@2
thảo luận	s=bàn bạc
xe tắc xi	s=tắc xi,taxi
ôn tập	s=ôn@1
lúc đó	s=bấy giờ,khi ấy
trở lại	s=quay lại@1,trở về@1,quay về@1
dọn dẹp	s=dọn@1
xe lửa	s=tàu hỏa
định	s=dự định@1
sinh	s=đẻ@2
bao giờ	s=lúc nào@1
nêu	s=nêu ra@1,đưa ra@1
ông ta	s=ông ấy
chồng	a=vợ@1
em gái	a=em trai
anh trai	a=chị gái@1
đón	s=đón tiếp@2	a=tiễn@1
độc thân	a=có gia đình
kết hôn	a=ly hôn,ly dị
họ hàng	s=bà con
tặng	s=biếu@1
thành viên	s=hội viên
tương đối	s=khá@1
chưa bao giờ	s=chưa từng
đối chiếu	s=so sánh@2
phức tạp	a=đơn giản
thuê	a=cho thuê@1
nguy hiểm	a=an toàn@1
đối với	s=về@2
tuy nhiên	s=nhưng,nhưng mà
phương tiện	s=phương tiện giao thông@1
tiện	s=tiện lợi@1,thuận tiện@1	a=bất tiện@1
phản bác	s=bác bỏ
giả thiết	s=giả định@1
giận	s=tức giận,bực mình
nghĩ	s=suy nghĩ
tính tiền	s=trả tiền@1
trả tiền	s=tính tiền@1,thanh toán@1
miền nam	a=miền bắc
nhân viên phục vụ	s=phục vụ@1
thức ăn	s=món ăn@1
phụ nữ	s=nữ giới	a=đàn ông,nam giới
đàn ông	s=nam giới	a=phụ nữ
đổi	s=thay đổi@1
ngò	s=rau mùi
riêng	a=chung@1
sen	s=hoa sen@1
chọn lựa	s=chọn
chìa khóa	a=ổ khóa
mùa hè	a=mùa đông
ngày thường	a=ngày lễ,ngày nghỉ
sạch sẽ	s=sạch@1	a=bẩn@1
tìm	s=tìm kiếm
khỏe mạnh	a=yếu,ốm
thầy giáo	a=cô giáo
tầng trệt	s=tầng một
thuận tiện	s=tiện lợi,tiện@1
người lớn	a=trẻ em
đến trường	s=đi học,đi đến trường,về trường,đến lớp
đi học	s=đến trường,đi đến trường,đến lớp
