# 남부 딱지 — 앱 낱말 가운데 **남부 말**(북부가 기준, 대표님 지시 2026-09-29 "작은 딱지는 남부만 넣어. 기준은 북부니까"). 클로드가 낱말마다 근거를 보고 판정 (2026-09-29 밤).
# 칸: 낱말 ⇥ 북부 말(없으면 빈칸) ⇥ 어느 뜻일 때(모든 뜻이면 빈칸) ⇥ 근거
# 근거 표기: 위키 = 영어 위키낱말사전의 지역 표시(southern/central Vietnam) · 교재 = 메인 교재가 '남부 방언'이라 적음 · 조각 = 남부 말이 든 붙은 말
# 근거가 약해 **안 넣은** 후보(대표님·선생님 확인 뒤 넣을 것): nệm(매트리스, 북부 đệm?) · mắt kính(안경) · hẻm(골목, 북부 ngõ?) · kêu(부르다) · mướn(빌리다, 북부 thuê?) · dạ(네) · tiệm(가게) — 위키에 지역 표시가 없다
# 2026-09-30 인터넷으로 다시 찾음: hẻm·mướn 은 근거가 나와 넣음. nệm(위키·베트남 위키 모두 지역 표시 없음)·mắt kính(남부 말은 'kiếng' — quantrimang 표 'kính | kiếng')·kêu(부르다 — 지역 표시 없음)·tiệm(베트남 위키 '(Cũ) cửa hàng' = 옛말, 지역 아님)은 안 넣음
ba má	bố mẹ		위키 (Southern Vietnam) parents
anh hai	anh cả	맏형	위키 hai: (southern Vietnam, of a sibling) eldest — 북부에서 anh hai 는 '둘째 형'
chị hai	chị cả	맏언니	위키 hai: (southern Vietnam, of a sibling) eldest
bãi giữ xe	bãi gửi xe		낱말 검사 판정(m_hand: giữ xe 남부) — 북부는 gửi xe(맡기다)
bóp	ví	지갑	위키 (southern Vietnam) wallet
bùng binh	vòng xuyến		위키 (Southern Vietnam) roundabout
chiên	rán	튀기다	위키 (chiefly southern Vietnam) to fry
chả giò	nem rán		위키 (southern Vietnam) spring roll
cơm chiên	cơm rang		조각 chiên 남부
dù	ô	우산	위키 (Southern Vietnam) umbrella — '비록 ~라도' 뜻은 전국
dơ	bẩn		위키 (central·southern Vietnam) dirty
dưa leo	dưa chuột		위키 (central·southern Vietnam) cucumber
giùm	hộ		위키 (central·southern Vietnam) in someone else's stead · hộ 는 (northern Vietnam)
gỏi cuốn	nem cuốn		위키 (southern Vietnam) summer roll
heo	lợn		위키 (central·southern Vietnam) pig
thịt heo	thịt lợn		조각 heo 남부
hư	hỏng	고장 난·상한	위키 (Southern Vietnam) damaged, spoiled — '버릇없는' 뜻은 전국
kẹt xe	tắc đường		위키 (southern Vietnam) traffic jam
kí lô	ki-lô-gam (구어 cân)		위키 (Southern Vietnam) kilogram · cân: (colloquial) kilogram
không có chi	không có gì		위키 (central·southern Vietnam) you're welcome
lầu	tầng	층	위키 (chiefly southern Vietnam) floor/storey
ly	cốc	잔·컵	위키 cốc: (northern Vietnam) glass, tumbler · 참고 사전 ly: 잔, 컵(남부)
tô	bát (to)	큰 그릇	위키 (central·southern Vietnam) large bowl
máy lạnh	điều hòa		위키 (chiefly southern Vietnam) air conditioner
mập	béo		위키 (southern Vietnam) fat
mắc	đắt	비싼	위키 (central·southern Vietnam) — '걸다·(병에) 걸리다' 뜻은 전국
mắc hơn	đắt hơn		조각 mắc 남부
mắc cỡ	xấu hổ		위키 (central·southern Vietnam) shy
mền	chăn		위키 (central·southern Vietnam) blanket · chăn: (northern Vietnam)
muỗng	thìa		위키 (central·southern Vietnam) spoon
ngày mốt	ngày kia		위키 (Central·Southern Vietnam) the day after tomorrow
ngàn	nghìn		위키 ngàn: 북부에서는 문어에만, 남부에서 일상어 · nghìn: (especially northern Vietnam)
nước tương	xì dầu		위키 (southern Vietnam) soy sauce
trái	quả	과일·열매(세는 말)	위키 (southern Vietnam) fruit — '왼쪽' 뜻은 전국
trái cây	hoa quả		조각 trái(과일) 남부
trễ	muộn		위키 (central·southern Vietnam) late
xe hơi	ô tô		위키 (chiefly Southern Vietnam) car
xe lửa	tàu hỏa		위키 (southern Vietnam) train
áo thun	áo phông		위키 (Southern Vietnam) T-shirt
ủi	là	다림질하다	위키 (central·southern Vietnam) to iron
vậy hả	thế à		위키 (southern Vietnam) really?
ngưng	ngừng·dừng	멈추다	위키 (central·southern Vietnam) to stop — '응결하다' 뜻은 전국
coi	xem	보다·살펴보다	위키 (chiefly central·southern Vietnam) to look, watch — '여기다' 뜻은 전국
nĩa	dĩa	포크	위키 dĩa: (chiefly northern Vietnam) a fork — 포크를 남부에서는 nĩa
ốm	gầy	마르다	위키 (Southern Vietnam) skinny — 북부에서 ốm 은 '아프다'
bệnh	ốm	아프다(형용사)	위키 (central·southern Vietnam) sick — '병'(명사) 뜻은 전국
chén	bát	밥그릇	위키 (central·southern Vietnam) rice bowl — '작은 잔' 뜻은 전국
nón	mũ	모자(일반)	위키 (South Central·Southern Vietnam) hat — 삿갓 '논' 뜻은 전국
hình	ảnh	사진	위키 (southern Vietnam) photo · ảnh: (chiefly Northern Vietnam) — '그림·모양' 뜻은 전국
hớt	cắt	(머리를) 깎다	위키 (central·southern Vietnam) to trim — hớt tóc = cắt tóc
lì xì	mừng tuổi	세뱃돈을 주다	위키 (chiefly central·southern Vietnam) to give lucky money
trả giá	mặc cả	흥정하다	위키 (Southern Vietnamese) to bargain — '대가를 치르다' 뜻은 전국
tiệm ăn	quán ăn		교재 '식당, 음식점(남부 방언)'
cắc		잔돈	교재 '작은 잔돈(남부)' · 위키 (historical) coin
bàu		늪	위키 (central·southern Vietnam) pond
cộ		수레	위키 (central·southern Vietnam) cart
# 2026-09-29 밤 2차 — 북부 표시가 붙은 앱 낱말의 짝을 훑어 더한 것
lẻ	linh	숫자 사이의 0(một trăm lẻ một)	위키 (chiefly southern Vietnam) signifies the zero(s) in numbers such as 805 — 북부는 linh
ba mẹ	bố mẹ		조각 ba: 위키 (chiefly southern Vietnam) father
cám ơn	cảm ơn		위키 cảm ơn: (Northern Vietnam) = cám ơn — cám ơn 은 남부 표기
thơm	dứa	파인애플	위키 (Southern·Central Vietnam) pineapple — '향기로운' 뜻은 전국
mốt	ngày kia	모레(ngày mốt)	위키 (Central·Southern Vietnam, colloquial) day after tomorrow — '21의 1' 뜻은 전국
nghe	nhé	문장 끝 '~해요?, 알았지?'	위키 (colloquial, chiefly central·southern Vietnam) okay? — '듣다' 뜻은 전국
dạ	vâng	네(공손한 대답)	위키 vâng: (Northern Vietnam) yes — 남부에서는 dạ 가 보통(dạ 는 북부에서도 씀)
cắn	đốt	(벌레가) 쏘다	위키 (central·southern Vietnam) to sting · đốt: (Northern Vietnam) to sting — '물다' 뜻은 전국
vậy à	thế à		위키 thế à: (Northern Vietnam) really — vậy 꼴은 남부
vậy thì	thế thì		위키 thế thì: (Northern Vietnam) so; then — vậy 꼴은 남부
hẻm	ngõ		인터넷: quantrimang.com '북·남 이름이 다른 것' 표 'ngõ, ngách | hẻm'(북 | 남) — 2026-09-30 확인
mướn	thuê		위키 mướn: Historically, the term is mostly used in South Central Vietnam and Southern Vietnam (동의어 thuê) — 2026-09-30 확인
