# 수업키	낱말	고른 것(pool id|new|keep)	베트남어 문장(비우면 pool 글)	한국어 번역	기본뜻	메모
B:main0	chào	v1b1-d3c04d		안녕하세요, David 씨.		
B:main0	chị	v1b1-b8a268		만나서 정말 반갑습니다.	2	교재 1과: chị 를 2인칭(당신)으로 씀
B:main0	anh	v1b1-09abbf		잘 지내세요?	2	교재 1과: anh 을 2인칭으로 씀
B:main0	không	v1b1-d31dc1		아니요, 오늘 저는 Eun Ji를 만나지 않아요.		
B:main0	năm	v1b4-d512c9		저는 일주일에 5일 베트남어를 공부해요.		1과엔 '다섯' 뜻 문장 없음 → 4과
B:main0	ông	v1b1-053265		Lim 씨는 잘 지내세요?	2	교재 1과: ông 을 존칭(~씨)으로 씀
B:main0	bà	v1b1-363b33		아니요, 저는 Lệ 여사님을 만나지 않았어요.	2	존칭
B:main0	cô	v1b1-b1816c		Kate 씨는 Bảy 여사님께 고맙다고 해요.		
B:main0	em	v1b3-399eb0		(아랫사람에게) 이름이 뭐예요?	2	교재: em 을 2인칭(손아랫사람)으로 씀
B:main0	tôi	v1b1-970bd3		제 소개를 하겠습니다. 제 이름은 David입니다.		
B:main0	đây	v1b1-c5d2c2		이분은 Tú 선생님이에요.	2	교재 1과 문법: đây = 이 사람·이것
B:main0	vui	v1b1-a89096		오늘 즐거우세요?		
B:main0	hôm nay	v1b1-89a92f		오늘 Sam은 Tom과 Tom의 친구를 만나요.		
B:main0	là	v1b1-408b07		Jenny는 Tom의 친구예요.		
B:main0	gì	v1b1-f36fa5		이름이 뭐예요?		
B:main1	thầy	v1b1-66a4b3		Lan은 Nam 선생님께 인사해요?		
B:main1	khỏe	v1b1-fdfec9		Tom 씨는 잘 지내요?	2	인사말 문맥: 잘 지내다
B:main1	phải	v1b2-3247a9		Kate 씨는 David 씨의 친구, 맞죠?		
B:main1	hỏi	v1b1-7aae16		학습자끼리 서로 묻고 보기처럼 대답하세요.		
B:main1	lỗi	v2b8-703573		여러분 생각에 글쓴이가 Lan에게 잘못했나요?		교재에서 lỗi 가 xin lỗi 밖에 홀로 쓰인 유일한 문장(2권 8과)
B:main1	vẽ	v1b10-be9b1f		아이들은 부모님께 드리려고 그림을 그릴 거예요.		
B:main1	với	v1b1-b94460		David는 Eun Ji를 Mai에게 소개해요.	2	giới thiệu A với B: ~에게
B:main1	có	v1b3-726eae		당신의 베트남어 반에는 학생이 몇 명 있어요?		
B:main1	rất	v1b1-df6abb		Mai 씨, 만나서 정말 반가워요.		
B:main1	bạn	v1b1-8b285a		저는 Tom 씨의 친구예요.		
B:main1	tự	v1b1-5b1cd4		제 소개를 하겠습니다.		
B:main1	gặp	v1b1-e22067		오늘 Mai는 David와 Eun Ji를 만나요.		
B:main1	mệt	v1b1-7d96e6		Lệ 여사님은 피곤하세요?		
B:main1	tên	v1b1-0794e4		실례지만, 성함이 어떻게 되세요?		
B:main1	xin lỗi	v1b1-5fb477		실례지만, 이름이 뭐예요?	2	이름을 물을 때: 실례합니다
B:main2	giới thiệu	v1b1-b40bad		Năm 선생님께 소개해 드릴게요.		
B:main2	còn	v1b1-301489		그럼 당신은요? 이름이 뭐예요?		
B:main2	cám ơn	v1b1-94856c		감사합니다.		
B:main2	cũng	v1b1-6ae52e		저도 Tom 씨의 친구예요.		
B:main2	và	v1b1-49cf5a		자기소개를 하고 옆 사람을 소개하세요.		
B:main2	của	v1b1-5c7d70		Tom의 친구는 이름이 뭐예요?		
B:main2	nói	v1b3-6cdda7		제 친구는 베트남어가 어렵지만 재미있다고 해요.		
B:main2	ai	v1b1-fd3492		오늘 Sam은 누구를 만나요?		
B:main2	đúng	v1b1-93025c		아래 문장을 듣고 맞는 답을 고르세요.		
B:main2	sai	v1b8-5b1b70		그녀는 프랑스어를 쓸 때 많이 틀려요.		
B:main2	lớp	v1b3-dc70d0		우리 베트남어 반은 아주 즐거워요.		
B:main2	nghe	v1b1-59340e		베트남어 자모를 듣고 따라 하세요.		
B:main2	tiếng Việt	v1b3-fd1a3d		베트남어는 쉽지 않지만 그들은 열심히 공부해요.		
B:main2	thanh điệu	v1b1-61f761		성조가 붙은 결합을 듣고 따라 하세요.		
B:main2	số	v1b1-fa82ff		0부터 10까지의 숫자를 듣고 따라 하세요.		
B:main3	hội thoại	v1b5-36a74c		아래 대화를 듣고 맞는 정보를 고르세요.		
B:main3	trả lời	v1b1-06f9de		아래 글을 보고 질문에 답하세요.		
B:main3	học viên	v1b7-fb6db3		이 학교에는 외국인 학습자가 많아요.		
B:main3	nhau	v1b2-19386a		학습자끼리 서로 국적을 묻고 대답하세요.		
B:main3	người	v1b1-3fa29f		알맞은 말(anh, chị, ông, bà, cô, em)을 써서 그림 속 사람을 소개하세요.		
B:main3	bên cạnh	v1b1-49cf5a		자기소개를 하고 옆 사람을 소개하세요.		
B:main3	từ	v1b1-cac186		문장의 빈칸에 알맞은 단어를 채우세요.		
B:main3	thích hợp	v1b2-6d3df4		아래 그림마다 알맞은 대답을 보기처럼 쓰세요.		
B:main3	trong	v1b3-01c215		그녀의 반 학생들은 어느 나라 사람이에요?		
B:main3	hình	v1b1-b7aafa		아래 그림마다 보기처럼 대답을 쓰세요.	1	교재: hình = 책 속 그림
B:main3	câu	v1b1-93025c		아래 문장들을 듣고 맞는 답을 고르세요.		
B:main3	đoạn	v1b4-79925b		글 한 단락을 듣고 맞는 정보를 고르세요.	1	교재: đoạn văn·đoạn hội thoại = 단락
B:main3	điền	v1b1-0d860e		다음 문장들을 듣고 빠진 말을 빈칸에 채우세요.		
B:main3	vào	v1b1-cac186		문장의 빈칸에 알맞은 단어를 채우세요.	2	교재 1과: điền … vào chỗ trống(빈칸에)
B:main3	xem	v1b3-325ca7		그림을 보고 아래 질문에 답하세요.		
B:main4	bài	v1b3-c239ac		2과와 3과는 둘 다 쉽지 않아요.		
B:main4	viết	v1b8-3de223		베트남어로 써요, 일본어로 써요?		
B:main4	gọi	v2b1-a87b85		Mai는 종업원을 불러 계산해요.		
B:main4	chỉ	v1b5-fd81fd		말하는 사람과 듣는 사람을 가리킬 때 써요.		
B:main4	gần	v1b4-76eefc		우리 집은 대학교에서 그다지 가깝지 않아요.		
B:main4	tại	v1b8-3ca8ff		May 씨는 베트남에서 일하고 있어요.		
B:main4	xác nhận	v1b5-ea1c68		B 역할에서 à를 써서 확인하세요.		
B:main4	dưới	v1b1-542769		아래 모음들을 듣고 따라 하세요.		
B:main4	chuyển	v1b1-29b5a2		A열의 문장을 B열의 부정문으로 바꾸세요.		
B:main4	sử dụng	v1b3-1277d9		아래 대답에 ạ를 써 보세요.		
B:main4	bài tập	v1b7-49ed3d		이 연습 문제는 그다지 쉽지 않아요.		
B:main4	phát âm	v1b8-e7031c		베트남어 발음은 어려워요?		
B:main4	để	v1b8-c3296a		Andy는 어머니와 이야기하려고 베트남어를 배우고 싶어 해요.		
B:main4	hay	v1b7-08d47c		저녁에 저는 보통 음악을 듣거나 영화를 봐요.		
B:main4	về	v1b1-47b6d9		이름에 대해 묻고 대답하세요.	2	교재 1과: về = ~에 대해
B:main5	theo	v1b2-ec0c39		보기처럼 자기소개를 하고 옆의 두세 사람을 소개하세요.		
B:main5	hiểu	v1b3-199685		죄송해요, 이해가 안 돼요.		
B:main5	sau	v1b1-c541e9		다음 대화를 듣고 빠진 말을 빈칸에 채우세요.	3	교재 1과: sau đây = 다음의
B:main5	các	v1b1-8b2ad1		아래 자음들을 듣고 따라 하세요.		
B:main5	đến	v1b6-f9b5d6		몇 시부터 몇 시까지 일해요?	2	교재 1과: từ 0 đến 10 = ~까지
B:main5	này	v1b4-a9d627		이 학교에는 외국인 선생님이 12명 있어요.		
B:main5	bán	v2b9-09b4e5		그 가게에서 아동복을 팔아요?		
B:main5	ở	v1b4-f88868		저는 컴퓨터 회사에서 엔지니어로 일해요.		
B:main5	chín	v1b4-6f9f02		저는 아침 9시부터 저녁 6시까지 일해요.		
B:main5	mười	v1b3-5ea519		열 명이 늦게 왔어요.		
B:main5	xin	v1b2-041793		소개해 드릴게요, 이분은 Mili 씨예요.	2	교재 1과: xin + 동사 = 정중히 ~하겠습니다
B:main5	mỗi	v1b7-6f446b		그분은 매일 운동해서 건강해요.		
B:main5	ngã	v2b6-d434b2		Nam 씨가 넘어졌어요.		
B:main5	tốt	v1b6-f6a463		그럼 좋아요.		
B:main5	được	v1b1-d9ab9c		Eun Ji 씨, 만나서 정말 반가워요.		
B:main6	tự giới thiệu	v1b1-970bd3		제 소개를 하겠습니다, 제 이름은 David입니다.		1과 회화
B:main6	thông tin	v1b1-34bb91	Dựa vào bài đọc, chọn thông tin đúng.	읽기 글을 바탕으로 맞는 정보를 고르세요.		교재 끝의 (Đ) 표시는 뺌
B:main6	lặp lại	v1b1-59340e		듣고 베트남어 자모를 따라 하세요.	2	1과 'Nghe và lặp lại' = 듣고 따라 하기 → 2)따라 하다
B:main6	nguyên âm	v1b1-542769		듣고 아래 모음들을 따라 하세요.		1과 발음
B:main6	phụ âm	v1b1-8b2ad1		듣고 아래 자음들을 따라 하세요.		1과 발음
B:main6	kết hợp	v1b1-61f761		듣고 성조가 결합된 조합들을 따라 하세요.	2	'các kết hợp' 명사 = 조합 → 2)조합
B:main6	đếm	keep				교재엔 'số đếm' 제목뿐 — 있던 예문이 '세다' 뜻에 맞아 둠
B:main6	thực hành	v1b7-7b62be		묻고 답하기를 실습하세요.	1	교재 지시문 동사 쓰임 → 1)실습하다
B:main6	dùng	v1b2-2d14d4		họ는 3인칭 복수에 속하는 사람들을 가리키는 데에도 쓰인다.		2과 문법(대명사 họ)
B:main6	câu hỏi	v1b1-06f9de		아래 단락을 보고 질문에 답하세요.		1과 읽기
B:main6	chọn	v1b1-93025c		아래 문장들을 듣고 맞는 답을 고르세요.		1과 듣기
B:main6	chính tả	new	Hôm nay cô giáo đọc chính tả cho chúng tôi.	오늘 선생님이 우리에게 받아쓰기를 불러 주신다.		교재엔 'Chính tả' 제목뿐 — 2)받아쓰기 뜻 문장 새로 씀(있던 예문은 1)맞춤법 뜻이라 안 맞음)
B:main6	tìm hiểu	keep				교재엔 'Tìm hiểu ngữ pháp' 제목뿐 — 있던 예문이 1)알아보다 뜻에 맞아 둠
B:main6	ngữ pháp	keep				교재엔 제목뿐 — 있던 예문이 뜻에 맞아 둠
B:main6	vật	v1b2-5105ab	Đó/đấy được dùng để chỉ người, vật, địa điểm không gần với người nói.	đó/đấy는 말하는 사람에게서 가깝지 않은 사람, 사물, 장소를 가리키는 데 쓰인다.		2과 문법 — 있던 예문은 2)씨름 뜻이라 바꿈
B:main7	kết cấu	v1b1-9d7d5b	Câu trả lời cho kết cấu nghi vấn “có ... không” được thể hiện dưới hai dạng.	'có ... không' 의문 구조에 대한 대답은 두 가지 형태로 나타난다.		1과 문법 3 (손문장 — 쪽 이미지로 옮김)
B:main7	tồn tại	v1b1-14be07		어떤 행동이나 상태가 존재하는지 존재하지 않는지 확인하는 데 쓰인다.		1과 문법 3 (손문장)
B:main7	hành động	v1b1-14be07		어떤 행동이나 상태가 존재하는지 존재하지 않는지 확인하는 데 쓰인다.		1과 문법 3 (손문장)
B:main7	thể hiện	v1b1-9d7d5b	Câu trả lời cho kết cấu nghi vấn “có ... không” được thể hiện dưới hai dạng.	'có ... không' 의문 구조에 대한 대답은 두 가지 형태로 나타난다.		1과 문법 3 (손문장)
B:main7	khẳng định	v1b10-ccaebd		대답에서 앞서 말한 것을 확실히 긍정하는 뜻으로 쓰인다.		10과 문법
B:main7	thành	v1b1-29b5a2		A열의 문장들을 B열의 부정문으로 바꾸세요.		1과 연습
B:main7	cách nói	keep				교재엔 'Cách nói' 제목뿐 — 있던 예문이 뜻에 맞아 둠
B:main7	cho	v1b8-eab5e1		Kate 씨는 베트남 사람에게 영어를 가르치고 싶어 한다.		8과
B:main7	hoặc	v1b12-bccd5d		한편 Sơn 씨는 신문을 읽거나 텔레비전으로 뉴스를 본다.		12과
B:main7	sức khỏe	v2b8-9a93cd		우리 아버지의 건강은 그다지 좋지 않다.		2권 8과
B:main7	gắn	v1b1-61f761		듣고 성조가 결합된 조합들을 따라 하세요.	2	'gắn với' = ~와 결합된 → 2)
B:main7	hỏi thăm	keep				교재엔 목차 'chào hỏi, hỏi thăm'뿐 — 있던 예문이 1)안부를 묻다 뜻에 맞아 둠
B:main7	mẫu	v1b1-7aae16		학생들이 본보기대로 서로 묻고 답한다.		1과 말하기
B:main7	thiếu	v1b1-0d860e		다음 문장들을 듣고 빠진 말을 빈칸에 채우세요.	2	'còn thiếu' = 빠져 있는 → 2)빠지다
B:main7	đọc	v1b7-08b340		요즘 그분은 아침에 신문을 읽는다.		7과
B:main8	trang	new	Các bạn mở sách trang 10.	여러분, 책 10쪽을 펴세요.		교재엔 쪽 뜻 문장 없음(Nha Trang·trang điểm뿐)
B:main8	a lô	v1b1-5cb7a0	A lô, đây là Lee.	여보세요, 저 Lee입니다.		1과 듣기 대본 — 교재 표기 A-lô 를 낱말 표기로
B:main8	đầy	keep				교재엔 발음 연습 'đầy / đây / dây'뿐 — 있던 예문이 뜻에 맞아 둠
B:main8	xin chào	v1b1-ab01c1		안녕하세요. Vân에게 소개할게요, 이쪽은 Eun Ji예요.		1과 말풍선 (손문장)
B:main8	một	v1b2-d2c0a3		어제 Sam 씨는 친구 한 명과 함께 갔다.		2과
B:main8	hai	v1b3-f628bf		이 두 사람은 우리 반 학생이다.		3과
B:main8	ba	v1b3-fd7805		우리 반에는 일본인 학생이 세 명 있다.		3과
B:main8	bốn	v1b4-7ee899		학생들은 하루에 네 시간 공부한다.		4과
B:main8	sáu	v1b6-086279		김 선생님도 6개월 동안 베트남어를 공부할 것이다.		6과
B:main8	bảy	v1b4-ddfdf2		우리 베트남어 반은 그다지 붐비지 않고, 학생이 일곱 명쯤 있다.		4과
B:main8	tám	v1b8-cd700b		네, 저는 일본어를 8개월째 배우고 있어요.		8과 듣기 대본
B:main8	không sao	v2b5-2d30fa		가벼운 감기에 걸렸을 뿐이에요, 괜찮아요.		2권 5과
B:main8	tủ	v2b6-5a9c94		당신 옷장 안에 넣어 뒀어요!		2권 6과
B:main8	mũ mão	new	Cửa hàng này bán nhiều loại mũ mão.	이 가게는 여러 가지 모자를 판다.		교재엔 발음 연습 낱말뿐 — 있던 예문 번역이 뜻(모자류)과 어긋나 새로 씀
B:main8	bã	keep				교재엔 발음 연습 낱말뿐 — 있던 예문이 뜻에 맞아 둠
B:main9	rất tốt	v1b8-f81496		베트남어를 아주 잘 쓰시네요.		8과
B:main9	dạ	v1b1-6e32c7		네, 저는 잘 지내요.		1과 문법 3 긍정 대답
B:main9	hả	v1b7-189905		숙제가 너무 많니?		7과 문법 hả
B:main9	bảng chữ cái	v1b1-59340e		듣고 베트남어 자모를 따라 하세요.		1과 발음
B:main9	khoanh tròn	v1b1-dc95c3		듣고 맞는 소리에 동그라미를 치세요.		1과 발음
B:main9	âm	v1b1-dc95c3		듣고 맞는 소리에 동그라미를 치세요.		1과 발음
B:main9	theo mẫu	v1b1-b7aafa		보기대로 아래 각 그림에 맞는 대답을 쓰세요.		1과 연습
B:main9	từ ngữ	v1b1-a873a5		맞는 말을 고르세요.		1과 연습
B:main9	dưới đây	v1b1-1b8cb7	Nghe đoạn hội thoại dưới đây, điền từ còn thiếu vào chỗ trống.	아래 대화를 듣고 빠진 말을 빈칸에 채우세요.		1과 듣기 — OCR 'điên'→'điền'(쪽 이미지 확인)
B:main9	còn thiếu	v1b1-1b8cb7	Nghe đoạn hội thoại dưới đây, điền từ còn thiếu vào chỗ trống.	아래 대화를 듣고 빠진 말을 빈칸에 채우세요.		1과 듣기
B:main9	chỗ trống	v1b1-cac186		문장 속 빈칸에 알맞은 말을 채우세요.		1과 연습
B:main9	đọc hiểu	new	Phần đọc hiểu của bài này không khó lắm.	이 과의 독해 부분은 그다지 어렵지 않다.		교재엔 'ĐỌC HIỂU' 제목뿐 — 있던 예문이 토막글이라 새로 씀(không ... lắm 은 4과 문법)
B:main9	đoạn văn	v1b1-06f9de		아래 단락을 보고 질문에 답하세요.		1과 읽기
B:main9	dựa vào	v1b2-0305f2		읽기 글을 바탕으로 아래 질문들에 답하세요.		2과 읽기
B:main9	bài đọc	v1b5-7c8d85		읽기 글을 바탕으로 맞는 답을 고르세요.		5과 읽기
B:main10	đại từ	v1b2-18fbb1		nó도 3인칭 단수 인칭대명사이지만, 지시대명사를 덧붙여 만든 말은 아니다.		2과 문법
B:main10	nhân xưng	v1b1-3d2a59	Đại từ nhân xưng ngôi thứ nhất số ít (tôi) được dùng để tự xưng.	1인칭 단수 인칭대명사(tôi)는 자기를 가리키는 데 쓰인다.		1과 문법 1 — 표 머리칸+설명칸을 한 문장으로
B:main10	ngôi thứ nhất	v1b1-3d2a59	Đại từ nhân xưng ngôi thứ nhất số ít (tôi) được dùng để tự xưng.	1인칭 단수 인칭대명사(tôi)는 자기를 가리키는 데 쓰인다.		1과 문법 1 — 표 머리칸+설명칸
B:main10	ngôi thứ hai	v1b1-e1c1da	Đại từ nhân xưng ngôi thứ hai số ít (anh, chị, cô, em, ông, bà) được dùng để gọi người nghe.	2인칭 단수 인칭대명사(anh, chị, cô, em, ông, bà)는 듣는 사람을 부르는 데 쓰인다.		1과 문법 1 — 표 머리칸+설명칸
B:main10	số ít	v1b1-e1c1da	Đại từ nhân xưng ngôi thứ hai số ít (anh, chị, cô, em, ông, bà) được dùng để gọi người nghe.	2인칭 단수 인칭대명사(anh, chị, cô, em, ông, bà)는 듣는 사람을 부르는 데 쓰인다.		1과 문법 1 — 표 머리칸+설명칸
B:main10	tự xưng	v1b1-3d2a59	Đại từ nhân xưng ngôi thứ nhất số ít (tôi) được dùng để tự xưng.	1인칭 단수 인칭대명사(tôi)는 자기를 가리키는 데 쓰인다.		1과 문법 1 — 표 머리칸+설명칸
B:main10	người nghe	v1b1-e1c1da	Đại từ nhân xưng ngôi thứ hai số ít (anh, chị, cô, em, ông, bà) được dùng để gọi người nghe.	2인칭 단수 인칭대명사(anh, chị, cô, em, ông, bà)는 듣는 사람을 부르는 데 쓰인다.		1과 문법 1 — 표 머리칸+설명칸
B:main10	chỉ định từ	v1b1-74d402	Chỉ định từ đây được dùng để chỉ người, vật, địa điểm gần với người nói hoặc tại thời điểm nói.	지시사 đây는 말하는 사람에게 가깝거나 말하는 시점에 있는 사람, 사물, 장소를 가리키는 데 쓰인다.		1과 문법 2 — 제목+설명(손문장)
B:main10	địa điểm	v1b1-74d402	Chỉ định từ đây được dùng để chỉ người, vật, địa điểm gần với người nói hoặc tại thời điểm nói.	지시사 đây는 말하는 사람에게 가깝거나 말하는 시점에 있는 사람, 사물, 장소를 가리키는 데 쓰인다.		1과 문법 2
B:main10	người nói	v1b3-50d6fc		chúng tôi는 말하는 사람과 그 사람이 속한 무리를 가리키는 데 쓰인다.		3과 문법
B:main10	thời điểm	v1b1-74d402	Chỉ định từ đây được dùng để chỉ người, vật, địa điểm gần với người nói hoặc tại thời điểm nói.	지시사 đây는 말하는 사람에게 가깝거나 말하는 시점에 있는 사람, 사물, 장소를 가리키는 데 쓰인다.		1과 문법 2
B:main10	nghi vấn	v1b6-870cb5		mấy와 bao nhiêu는 둘 다 의문문에 쓰인다.		6과 문법
B:main10	sự tồn tại	v1b1-14be07		어떤 행동이나 상태가 존재하는지 존재하지 않는지 확인하는 데 쓰인다.		1과 문법 3 (손문장)
B:main10	trạng thái	v1b4-d19243		thế nào는 의문문 끝에 쓰여 성질, 상황, 상태나 방식을 묻는다.		4과 문법
B:main10	nào đó	v1b1-14be07		어떤 행동이나 상태가 존재하는지 존재하지 않는지 확인하는 데 쓰인다.		1과 문법 3 (손문장)
B:main11	câu trả lời	v1b3-1277d9		아래 대답들에 ạ를 넣어 쓰세요.		3과 문법 ạ
B:main11	dạng	v1b1-9d7d5b	Câu trả lời cho kết cấu nghi vấn “có ... không” được thể hiện dưới hai dạng.	'có ... không' 의문 구조에 대한 대답은 두 가지 형태로 나타난다.		1과 문법 3 (손문장)
B:main11	phủ định	v1b4-68cc81		부정문에서는 lắm만 쓸 수 있다.	2	'câu phủ định' 부정문 → 2)(문법) 부정의 · 4과 문법
B:main11	cột	v1b4-6b4215		A열의 문장들을 B열로 다시 쓰되, 알맞은 문장에는 rất를 쓰세요.		4과 연습
B:main11	sang	v1b6-e33fbb		아래 문장들을 의문문으로 바꾸세요.		6과 연습
B:main11	từ vựng	keep				교재엔 'TỪ VỰNG' 제목뿐 — 있던 예문이 뜻에 맞아 둠
B:main11	đại từ nhân xưng	v1b2-f387a3		이 조합은 2인칭·3인칭 단수 인칭대명사 앞에 수량사 các을 놓아 만든다.		2과 문법
B:main11	chỉ định	v1b2-18fbb1		nó도 3인칭 단수 인칭대명사이지만, 지시대명사를 덧붙여 만든 말은 아니다.		2과 문법 — 3)지시(문법)
B:main11	chào hỏi	keep				교재엔 목차 'Các từ ngữ về chào hỏi'뿐 — 있던 예문이 뜻에 맞아 둠
B:main11	số đếm	keep				교재엔 목차 'số đếm'뿐 — 있던 예문이 뜻에 맞아 둠
B:main11	thanh	keep				교재엔 성조 표 머리('Thanh ...')뿐 — 있던 예문이 1)성조 뜻에 맞아 둠
B:main11	thứ nhất	v2b7-5104ee		첫 번째 방법은 쉽지만 조금 멀어요. 이 길로 쭉 가다가 왼쪽으로 돈 다음 다리를 건너면 도착해요.		2권 7과
B:main11	ngang	keep				교재엔 성조 표뿐 — 있던 예문이 2)평성 뜻에 맞아 둠
B:main11	huyền	keep				교재엔 성조 표뿐 — 있던 예문이 1)후옌 성조 뜻에 맞아 둠
B:main11	sắc	keep				교재엔 성조 표뿐 — 있던 예문이 3)삭 성조 뜻에 맞아 둠
B:main12	thanh ngang	keep				교재엔 성조 표뿐 — 있던 예문이 뜻에 맞아 둠(ba = 평성)
B:main12	thanh huyền	keep				교재엔 성조 표뿐 — 있던 예문 맞음(gì = huyền)
B:main12	thanh ngã	keep				교재엔 성조 표뿐 — 있던 예문 맞음(vẽ = ngã)
B:main12	thanh hỏi	keep				교재엔 성조 표뿐 — 있던 예문 맞음(khỏe = hỏi)
B:main12	thanh sắc	keep				교재엔 성조 표뿐 — 있던 예문 맞음(rất = sắc)
B:main12	thanh nặng	keep				교재엔 성조 표뿐 — 있던 예문 맞음(gặp = nặng)
B:main12	à	v1b1-10863d	À, xin lỗi.	아, 미안해요.		1과 회화(V-A-N 을 알아듣고) — 점 두 개는 뺌
B:main12	sự	v1b3-a2d48d		여러 대상의 활동, 상태, 성질이 같음을 나타내는 데 쓰인다.		3과 문법
B:main12	rát	keep				교재엔 발음 연습 낱말뿐(rát/rất) — 있던 예문이 뜻에 맞아 둠
B:main13	nhà	v1b5-159141		그녀의 집은 7군 푸미흥에 있다.		5과
B:main13	ăn	v1b2-d33402		Bảo 씨와 아기 An이 밥을 먹는다.		2과 발음
B:main13	lắm	v1b2-8d88a5		오늘은 햇볕이 그다지 강하지 않아요.		2과 발음 — không ... lắm(그다지 ~않다)
B:main13	vẫn	v1b2-037f48		Bắc 씨와 Nam 씨는 여전히 여기에 있다.		2과 발음
B:main13	mặc	v1b2-061b34		그녀는 아오자이를 아주 예쁘게 입었다.		2과 발음
B:main13	áo dài	v2b3-43ae3b		마리코, 베트남 아오자이 있어?		2권 3과
B:main13	đẹp	v1b2-061b34		그녀는 아오자이를 아주 예쁘게 입었다.		2과 발음
B:main13	nước	v1b2-725ffd		실례지만, 어느 나라 사람이세요?		2과 회화 — 2)나라
B:main13	nào	v1b2-58f4a5		Tài 씨와 Sáu 씨는 어느 신문을 봐요?		2과 발음
B:main13	kia	v1b2-6b51b5	Chị Vân ơi! Kia là ai?	Vân 언니! 저 사람은 누구예요?		2과 회화 — 같은 말 차례 앞말(Chị Vân ơi!)까지
B:main13	đó	v1b2-dea051		아, 저 사람은 Kate예요.		2과 회화
B:main13	tiếng	v1b3-fd1a3d		베트남어는 쉽지 않지만 그들은 열심히 공부해요.		3과 — 2)~어
B:main13	đi	v1b2-aa0dd0		Ju Yeon 씨는 한국에 간다.		2과 쓰기
B:main13	biết	v1b2-31ebd2		Kate, Brian 씨를 아세요?		2과 회화
B:main13	vâng	v1b2-c3ff4c		네, 그녀는 David의 친구예요.		2과 회화
B:main14	quốc tịch	v1b2-19386a		학습자끼리 서로 국적을 묻고 대답하세요.		2과 말하기
B:main14	họ	v1b2-3a039a		그들은 외국인이다.		2과 읽기
B:main14	khác	v1b2-803ae2		다른 한 사람은 이름이 Henry이다.		2과 읽기
B:main14	có lẽ	v1b2-4cc39d		아마 그는 프랑스 사람일 것이다.		2과 읽기
B:main14	muốn	v1b2-aaff6b		그 두 사람은 Sang 선생님을 만나고 싶어 한다.		2과 쓰기
B:main14	sinh viên	v1b2-ff63c0		그녀는 대학생이죠?		2과 쓰기 — phải không
B:main14	giáo viên	v1b2-505c88		그 아이는 선생님께 고맙다고 한다.		2과 쓰기
B:main14	tới	v1b2-d59f87		이틀째 Tạo 씨가 오지 않는다.		2과 발음
B:main14	thấy	v1b2-007c45		그 아이는 사과나무와 빈랑나무를 본다.		2과 발음
B:main14	đi bộ	v1b2-ea1cf5		왜 아무도 거기까지 걸어가지 않아요?		2과 발음
B:main14	chị ấy	v1b2-efaed1		그녀는 한국 사람이다.		2과 제목·회화
B:main14	phải không	v1b2-3247a9		Kate 언니는 David 오빠의 친구 맞죠?		2과 회화 — 문법 phải không
B:main14	Hàn Quốc	v1b2-eb74ba		Lee 씨는 한국 사람이다.		2과 쓰기
B:main14	Pháp	v1b4-253721		예전에 나는 선생님이었고 프랑스 파리에 살았다.		4과
B:main14	say	v1b5-67d2e1		취하지 않으면 집에 안 간다.		5과
B:main15	Anh	v1b2-9852a9		Kate 언니도 영국 사람이죠, 언니?		2과 회화 — 5)영국
B:main15	cách	v1b2-f0daa4		평서문 구조 뒤에 phải không을 놓는 방법으로 만든다.		2과 문법
B:main15	anh ấy	v1b2-9f44dc		그는 Kate 씨의 친구이기도 하다.		2과 받아쓰기
B:main15	cô ấy	v1b2-7845bf		그녀는 싱가포르 사람이 아니다.		2과 쓰기
B:main15	em ấy	v1b8-2d73f8		그 아이는 이름이 Andy이고 미국 사람이다.		8과
B:main15	ông ấy	v1b2-991410		아마 그분은 Mai를 만났을 것이다.		2과 발음
B:main15	bà ấy	v1b2-6c77a3		그 아이는 그분의 이름을 모른다.		2과 쓰기
B:main15	mát	v2b8-32fb9f		이 집은 넓기도 하고 시원하기도 하다.		2권 8과 — mát mẻ(시원하다)
B:main15	tay	v2b9-5cd9d9		손 씻고 나서 밥 먹어!		2권 9과
B:main15	Tây	v2b3-e99651		시장은 도시 한가운데에 있고 동·서·남·북 네 개의 문이 있다. 둘레가 큰길 네 개라 손님이 장 보러 오기 편하다.		2권 3과 — 1)서쪽
B:main15	Bắc	v2b3-e99651		시장은 도시 한가운데에 있고 동·서·남·북 네 개의 문이 있다. 둘레가 큰길 네 개라 손님이 장 보러 오기 편하다.		2권 3과 — 1)북쪽
B:main15	ông bà	v1b10-f92f8d		우리는 함께 조부모님을 뵈러 가요.		10과
B:main15	ở nhà	v1b2-ac33f9		할아버지 할머니는 집에 계신다.		2과 발음
B:main15	lần	v1b2-fe649c		이번에는 누가 그렇게 물을까요?		2과 발음
B:main15	hàng	v2b3-210384		이건 수공예품인 것 같은데, 맞죠?		2권 3과 — 1)물건, 상품
B:main16	Úc	v1b2-cf84d6		그녀는 호주 사람이에요.		2과 회화
B:main16	Mỹ	v1b2-67ac76		Brian, 미국 사람 맞죠?		2과 회화
B:main16	Nhật	v1b2-857ce6		그리고 다른 한 사람은 이름이 Hiroki이고 일본 사람이에요.		2과 회화
B:main16	Trung Quốc	v1b2-93f52e		Eun Ji는 중국 사람이 아니에요.		2과 회화
B:main16	nước ngoài	v1b2-a069dd		Reiko는 외국인 친구가 있다.		2과 읽기
B:main16	Thái Lan	v1b2-cc41d6		그분들은 태국 사람이 아니다.		2과 쓰기
B:main16	có mặt	v1b2-a6fe0e	Được dùng để đề cập đến người thứ ba, hiện không có mặt trong cuộc hội thoại giữa người nói và người nghe.	말하는 사람과 듣는 사람의 대화에 지금 있지 않은 제삼자를 가리킬 때 쓴다.		2과 문법 1 (손문장) — 쌍반점(;) 앞 절까지
B:main16	giữa	v1b2-a6fe0e	Được dùng để đề cập đến người thứ ba, hiện không có mặt trong cuộc hội thoại giữa người nói và người nghe.	말하는 사람과 듣는 사람의 대화에 지금 있지 않은 제삼자를 가리킬 때 쓴다.	2	2과 문법 1 — 'giữa A và B' = ~사이에 → 2)
B:main16	bằng	v1b11-f3a557		베트남에서는 보통 뭐 타고 출근하세요?		11과 — 1)~로(수단)
B:main16	đặt	v1b2-f0daa4		평서문 구조 뒤에 phải không을 놓는 방법으로 만든다.		2과 문법 — 1)놓다
B:main16	như	v1b8-dfeaaa		그는 베트남 사람처럼 베트남어를 말하고 싶어 한다.		8과
B:main16	trước	v1b4-ad937b		베트남에 오기 전에 어느 도시에 살았어요?		4과 — 1)~전에
B:main16	thêm	v2b12-d60458		새 친구가 한 명 더 생겨서 무척 기쁘다.		2권 12과 — 1)더
B:main16	xa	v1b4-f56923		Loan 씨 집에서 직장까지는 무척 멀다.		4과
B:main16	có thể	v1b5-a6693c		그녀는 택시나 버스로 갈 수 있다.		5과
B:main17	trường hợp	v1b2-609788		말하는 사람이 아직 확실하지 않은 것이 맞는지 틀린지 확인하고 싶은 경우에 쓴다.		2과 문법 phải không
B:main17	vị trí	v1b2-f612a4		kia는 말하는 사람과 듣는 사람의 위치에서 꽤 멀지만 여전히 보이는 사람, 사물, 장소를 가리킬 때 쓴다.		2과 문법 kia
B:main17	Đức	v1b3-3dca33		그분은 독일 사람이 아니다.		3과
B:main17	Đài Loan	keep				교재엔 국기 그림뿐(말하기) — 있던 예문이 뜻에 맞아 둠
B:main17	mấy	v1b3-b2b70e		그녀의 반에는 학생이 몇 명 있어요?		3과 문법 mấy
B:main17	nhưng	v1b3-6cdda7		제 친구는 베트남어가 어렵지만 재미있다고 해요.		3과
B:main17	cơm	v1b2-37b295		그 아이는 아직도 밥을 먹고 있다.		2과 발음
B:main17	nắng	v1b2-8d88a5		오늘은 햇볕이 그다지 강하지 않아요.		2과 발음 — 2)햇볕이 쨍쨍하다
B:main17	chắc	v1b2-991410		아마 그분은 Mai를 만났을 것이다.	1	2과 발음 — 문장 앞 chắc = 아마 → 1)
B:main17	đã	v1b5-9e1b59		어제 그는 거기서 책을 샀다.		5과
B:main17	mười lăm	new	Lớp tôi có mười lăm sinh viên.	우리 반에는 학생이 열다섯 명 있다.		교재엔 숫자 읽기 목록뿐 — 있던 예문(Bây giờ là mười lăm phút)이 어색해 새로 씀
B:main17	hôm qua	v1b2-f7123d		어제 저는 Brian과 David를 만났어요.		2과 회화
B:main17	những	v1b2-1ff5ab		아래 사람들의 국적에 대해 말하세요.		2과 말하기
B:main17	hoàn thành	v1b2-fd33ff		아래 대화를 완성하세요.		2과 말하기
B:main17	quốc gia	keep				교재엔 목차 'tên quốc gia'뿐 — 있던 예문이 뜻에 맞아 둠
B:main18	phó từ	new	Trong câu “Anh Vĩ cũng đi Úc.”, cũng là phó từ.	'Anh Vĩ cũng đi Úc.'라는 문장에서 cũng은 부사이다.		교재엔 목차 'phó từ cũng'뿐 — 2과 문장으로 새로 씀(있던 예문 'nhanh 은 부사'는 틀림)
B:main18	điều	v1b11-e571a6		그리고 그 점이 외국인들을 놀라게 한다.		11과
B:main18	báo	v1b12-3c6e76		Hai 씨는 신문을 다 읽었다.		12과
B:main18	sao	v1b5-97f2b8		왜 오늘 그는 친구를 만나러 가지 않아요?		5과
B:main18	bày	keep				교재엔 발음 연습 낱말뿐 — 있던 예문이 뜻에 맞아 둠
B:main18	tái	keep				교재엔 발음 연습 낱말뿐 — 있던 예문이 2)덜 익힌 뜻에 맞아 둠
B:main18	lời	keep				교재엔 발음 연습(lời – lầy)·trả lời 뿐 — 있던 예문이 기본뜻 3)이익에 맞아 둠
B:main18	mắt	v2b11-f726cb		그는 눈이 반짝이고 이마가 넓다.		2권 11과
B:main18	mới	v2b2-c1fd5c		선생님이 새 단어를 칠판에 쓰고, 그다음 학생들이 공책에 쓴다.		2권 2과 — 1)새로운
B:main18	hát	v2b4-203eec		우리는 모두 노래방에서 노래하는 걸 좋아한다.		2권 4과
B:main18	bác	keep				교재엔 발음 연습(bác – bắc)·bác sĩ 뿐 — 있던 예문이 1)큰아버지 뜻에 맞아 둠
B:main18	mặt	v1b7-d64c2e		나는 이를 닦고 세수하고 아침을 먹은 뒤 학교에 간다.		7과 — rửa mặt(얼굴을 씻다)
B:main18	Canada	v1b2-7cdc8b		그는 캐나다 사람이다.		2과 듣기
B:main18	danh từ	v1b6-2fe593		gì는 보통 동사 뒤에, nào는 명사 뒤에 놓인다.		6과 문법
B:main18	ghép	v1b2-18fbb1		nó도 3인칭 단수 인칭대명사이지만, 지시대명사를 덧붙여 만든 말은 아니다.		2과 문법
B:main19	thuộc	v1b2-2d14d4		họ는 3인칭 복수에 속하는 사람들을 가리키는 데에도 쓰인다.	1	2과 문법 — 'thuộc ngôi thứ ba' = ~에 속하다 → 1)
B:main19	khá	v1b10-1fd7bc		요즘 우리 아버지는 꽤 바쁘다.		10과 문법 khá
B:main19	sau đó	v1b2-6a1d62		그다음 20에서 1까지 거꾸로 읽으세요.		2과 발음 지시문
B:main19	ơn	v1b2-f45802		Lan은 Lân 할머니께 고맙다고 한다.		2과 발음
B:main19	đang	v1b6-0aff3d		그녀들은 Lee 씨와 이야기하고 있다.		6과
B:main19	bé	v1b2-d33402		Bảo 씨와 아기 An이 밥을 먹는다.		2과 발음
B:main19	ạ	v1b2-4b954f		그분들은 몸이 좋지 않으세요.		2과 발음
B:main19	lần này	v2b2-74a603		지난번과 달리 이번에는 우리가 미니 호텔에 방을 예약했다.		2권 2과
B:main19	sẽ	v1b10-75af85		내일 아침에 사무실에서 만날게요.		10과
B:main19	vậy	v1b2-fe649c		이번에는 누가 그렇게 물을까요?	2	2과 발음 — 'hỏi vậy' = 그렇게 → 2)
B:main19	đấy	v1b2-e5d38e		저 사람은 Hằng이에요.		2과 발음
B:main19	ấy	v1b2-ec41b0		그들은 친구 두 명과 함께 갔어요.		2과 회화
B:main19	nó	v1b2-091c65		어제 그 아이는 친구를 만나러 가지 않았다.	2	2과 쓰기 — 2과 문법이 nó 를 3인칭 사람 대명사로 가르침 → 2)그 아이
B:main19	mười một	v1b7-b5f0da		밤 11시에 나는 집에 간다.		7과
B:main19	mười hai	v1b7-8fcd22		밤 12시요.		7과 회화
B:main20	mười ba	keep				교재엔 숫자 읽기 목록뿐 — 있던 예문 맞음
B:main20	mười bốn	keep				교재엔 숫자 읽기 목록뿐 — 있던 예문 맞음
B:main20	mười sáu	keep				교재엔 숫자 읽기 목록뿐 — 있던 예문 맞음
B:main20	mười bảy	keep				교재엔 숫자 읽기 목록뿐 — 있던 예문 맞음
B:main20	mười tám	keep				교재엔 숫자 읽기 목록뿐 — 있던 예문 맞음
B:main20	mười chín	new	Con tôi được mười chín tháng.	우리 아이는 19개월이다.		교재엔 숫자 읽기 목록뿐 — 있던 예문(Bé mười chín tháng)이 어색해 새로 씀
B:main20	hai mươi	v1b6-ef4940		22만 동이에요.		6과 듣기 보기(값)
B:main20	lăm	keep				교재엔 숫자 읽기 목록뿐 — 있던 예문 맞음
B:main20	mươi	v1b6-bd99b1		28만 동이에요.		6과 듣기 보기(값)
B:main20	người Mỹ	v1b2-b97d4c		그는 미국 사람이에요.		2과 회화
B:main20	người Úc	v1b2-b0d129		Tanaka의 친구 한 명은 이름이 Jack이고 호주 사람이다.		2과 읽기
B:main20	người Hàn Quốc	v1b3-9503fb		네, 저는 한국 사람이에요.		3과
B:main20	người Trung Quốc	v1b2-633278		그분은 중국 사람이죠?		2과 쓰기
B:main20	người Nhật	v1b2-5cbf70		그녀의 친구도 일본 사람이다.		2과 읽기
B:main20	người Anh	v1b2-13fc20		David 씨는 영국 사람이에요.		2과 회화
B:main21	không phải	v1b2-cf84d6	Không phải. Chị ấy là người Úc.	아니요. 그녀는 호주 사람이에요.		2과 회화 — 같은 말 차례 앞말(Không phải.)까지
B:main21	người nước nào	v1b2-150c3e		김 씨의 친구는 어느 나라 사람이에요?		2과 듣기
B:main21	ơi	v1b12-08bf3f		언니, 저 곧 귀국해요.		12과
B:main21	người Việt	v1b2-294b81		저는 베트남 사람이에요.		2과 말하기
B:main21	người Chile	v1b2-605d5c		그녀는 칠레 사람이에요.		2과 말하기 보기
B:main21	người Pháp	v1b6-2b2b00		Vincent 씨는 프랑스 사람이다.		6과
B:main21	người Canada	v1b3-188dcd		캐나다인 학생은 우리와 함께 가지 않는다.		3과
B:main21	người Singapore	v1b2-d24415		그녀는 싱가포르 사람이다.		2과 듣기 대본
B:main21	người nước ngoài	v1b7-fb6db3		이 학교에는 외국인 학생이 많아요.		7과
B:main21	đánh dấu	v1b7-6b6886		읽기 글을 바탕으로 맞는 정보와 틀린 정보를 표시하세요.		7과 읽기(2과에도 같은 지시문)
B:main21	người Thái Lan	v1b6-95517d		그리고 저는 태국 사람이에요.		6과
B:main21	lượng từ	v1b2-f387a3		이 조합은 2인칭·3인칭 단수 인칭대명사 앞에 수량사 các을 놓아 만든다.		2과 문법
B:main21	sách	v1b2-78b56e		그것은 제 책이에요.		2과 문법 보기
B:main21	số lượng	v1b6-189d40		mấy는 보통 명사 앞에 놓여 적다고 여기는 수량을 묻고, bao nhiêu는 많다고 여기는 수량을 물을 때 쓴다.		6과 문법
B:main21	cây	v1b2-007c45		그 아이는 사과나무와 빈랑나무를 본다.		2과 발음 — 1)나무
B:main22	táo	v1b2-007c45		그 아이는 사과나무와 빈랑나무를 본다.		2과 발음
B:main22	cau	v1b2-007c45		그 아이는 사과나무와 빈랑나무를 본다.		2과 발음
B:main22	ngôi thứ ba	v1b2-2d14d4		họ는 3인칭 복수에 속하는 사람들을 가리키는 데에도 쓰인다.		2과 문법
B:main22	số nhiều	v1b2-2d14d4		họ는 3인칭 복수에 속하는 사람들을 가리키는 데에도 쓰인다.		2과 문법
B:main22	hôm	v1b2-531243		Hai 할머니는 언제 돌아오세요?		2과 발음 — hôm nào(어느 날)
B:main22	sây	keep				교재엔 발음 연습 낱말뿐 — 있던 예문이 뜻에 맞아 둠
B:main22	bào	keep				교재엔 발음 연습 낱말뿐 — 있던 예문이 뜻에 맞아 둠 (2)대패질하다)
B:main22	bàu	keep				교재엔 발음 연습 낱말뿐 — 있던 예문이 뜻에 맞아 둠
B:main22	bầy	keep				교재엔 발음 연습 낱말뿐 — 있던 예문이 뜻에 맞아 둠
B:main22	táu	keep				교재엔 발음 연습 낱말뿐 — 있던 예문이 뜻에 맞아 둠
B:main22	tấy	keep				교재엔 발음 연습 낱말뿐 — 있던 예문이 뜻에 맞아 둠
B:main22	ăn cơm	v1b10-187f77		우리는 토요일 저녁에 집에서 함께 밥을 먹는다.		10과 — 있던 예문(ăn cơm sen 연잎밥)은 '밥을 먹다'가 아니라 바꿈
B:main22	cắc	keep				교재엔 발음 연습 낱말뿐 — 있던 예문이 뜻에 맞아 둠 (1)옛 잔돈)
B:main22	lăn	keep				교재엔 발음 연습 낱말뿐 — 있던 예문이 뜻에 맞아 둠
B:main22	vạn	keep				교재엔 발음 연습 낱말뿐 — 있던 예문이 뜻에 맞아 둠
B:main23	vặn	keep				교재엔 발음 연습 낱말뿐 — 있던 예문이 뜻에 맞아 둠
B:main23	hằng	v2b1-866120		베트남 사람은 매일 식사에 느억맘을 쓴다.		2권 1과 — 2)매~
B:main23	ân	keep				교재엔 발음 연습 낱말뿐 — 있던 예문이 뜻에 맞아 둠
B:main23	câm	keep				교재엔 발음 연습 낱말뿐 — 있던 예문이 뜻에 맞아 둠
B:main23	vớt	keep				교재엔 발음 연습 낱말뿐 — 있던 예문이 뜻에 맞아 둠
B:main23	vất	keep				교재엔 발음 연습 낱말뿐 — 있던 예문이 뜻에 맞아 둠 (vất vả 는 다른 말이라 안 씀)
B:main23	lầy	keep				교재엔 발음 연습 낱말뿐 — 있던 예문이 뜻에 맞아 둠
B:main23	thời	keep				교재엔 발음 연습 낱말뿐 — 있던 예문이 뜻에 맞아 둠 (thời gian·thời điểm 은 합성어라 안 씀)
B:main23	sợi	keep				교재엔 발음 연습 낱말뿐 — 있던 예문이 뜻에 맞아 둠
B:main23	sậy	keep				교재엔 발음 연습 낱말뿐 — 있던 예문이 뜻에 맞아 둠
B:main23	hắt	keep				교재엔 발음 연습 낱말뿐 — 있던 예문이 뜻에 맞아 둠
B:main23	hớt	keep				교재엔 발음 연습 낱말뿐 — 있던 예문이 뜻에 맞아 둠
B:main23	hất	keep				교재엔 발음 연습 낱말뿐 — 있던 예문이 뜻에 맞아 둠
B:main23	mạt	keep				교재엔 발음 연습 낱말뿐 — 있던 예문이 뜻에 맞아 둠
B:main23	mật	keep				교재엔 발음 연습 낱말뿐 — 있던 예문이 뜻에 맞아 둠
B:main24	lan	keep				교재엔 사람 이름(Lan)·발음 연습뿐 — 있던 예문이 1)난초 뜻에 맞아 둠
B:main24	an	keep				교재엔 사람 이름(An)·an toàn 뿐 — 있던 예문이 뜻에 맞아 둠
B:main24	ngược lại	v1b2-6a1d62		그다음 20에서 1까지 거꾸로 읽으세요.		2과 발음 지시문 — 2)거꾸로
B:main24	Việt	v1b2-359f0a		Brian 씨는 베트남 친구가 있다.		2과 쓰기
B:main24	Chile	v1b2-605d5c		그녀는 칠레 사람이에요.		2과 말하기 보기
B:main24	Singapore	v1b2-f69553		그녀는 싱가포르 사람 두 명을 소개한다.		2과 듣기 보기
B:main24	hiện	v1b2-a6fe0e	Được dùng để đề cập đến người thứ ba, hiện không có mặt trong cuộc hội thoại giữa người nói và người nghe.	말하는 사람과 듣는 사람의 대화에 지금 있지 않은 제삼자를 가리킬 때 쓴다.		2과 문법 1 (손문장) — hiện = 지금
B:main24	cuộc	v1b9-b465cf		두 친구의 대화를 들으세요.		9과 듣기
B:main24	cấu tạo	v1b2-f0daa4		평서문 구조 뒤에 phải không을 놓는 방법으로 만든다.		2과 문법 — 2)만들다
B:main24	đề cập	v1b2-a6fe0e	Được dùng để đề cập đến người thứ ba, hiện không có mặt trong cuộc hội thoại giữa người nói và người nghe.	말하는 사람과 듣는 사람의 대화에 지금 있지 않은 제삼자를 가리킬 때 쓴다.		2과 문법 1 (손문장)
B:main24	hiện diện	v1b7-d4de74		문장에 정해진 시점이 나타나지 않는 경우에는 sẽ와 sắp 둘 다 쓸 수 있다.		7과 문법
B:main24	tổ hợp	v1b8-7a66c8		어떤 활동을 할 수 있는지 묻는 질문에는 보통 'được không' 조합을 쓴다.		8과 문법
B:main24	tính	v1b2-609788		말하는 사람이 아직 확실하지 않은 것이 맞는지 틀린지 확인하고 싶은 경우에 쓴다.	4	2과 문법 — 'tính đúng/sai' = ~성 → 4)
B:main24	tường thuật	v1b12-c269b1		서술문 끝에 쓰여 상대에게 알리거나 경고한다.		12과 문법
B:main24	nhìn thấy	v2b7-ea65b9		100미터쯤 쭉 가다가 왼쪽으로 돌면 버스 정류장이 보일 거예요.		2권 7과
B:main25	đăng ký	v1b3-269d73		베트남어 수업에 등록하고 싶어요.		3과 회화
B:main25	học	v1b3-c130ed		베트남어 공부하기 어렵니, Eun Ji?		3과 회화
B:main25	trước đây	v1b3-26f169		전에 베트남어를 어디서 배웠어요?		3과 회화
B:main25	đâu	v1b3-f66236		Eun Ji는 베트남어를 어디서 공부해?		3과 회화 — 문법 đâu
B:main25	đi học	v1b3-b2941e		저 공부하러 가요.		3과 회화 (Em đi đâu vậy? 의 대답)
B:main25	trường	v1b3-08ccb0		그녀는 인문대에서 베트남어를 배웠다.		3과 쓰기
B:main25	Nhân văn	v1b3-65a27c		예전에 Brian과 저도 인문대에서 베트남어를 배웠어요.		3과 회화
B:main25	hiện nay	v1b3-805861		지금 Eun Ji네 베트남어 반은 몇 명이야?		3과 회화
B:main25	khó	v1b3-e79602		베트남어는 어렵지만 재미있다.		3과 쓰기
B:main25	thú vị	v1b3-045e12		어렵지만 재미있어요.		3과 회화
B:main25	chăm chỉ	v1b3-a742ab		이 반 학생들은 모두 열심히 공부한다.		3과 쓰기 — 문법 đều
B:main25	thích	v1b3-83133c		Ben 씨는 이 반을 무척 좋아한다.		3과 읽기
B:main25	dạy	v1b3-0c2ecf		일본인 친구가 저를 가르쳐요.		3과 듣기 대본
B:main25	nổi tiếng	v1b3-eb734d		인문사회과학대학교는 호치민시의 유명한 대학교이다.		3과 읽기
B:main25	khoa	v1b3-46d5be		많은 외국인이 베트남어 수업에 등록하러 이 학교 베트남학과에 온다.		3과 읽기 — 1)학과
B:main26	dễ	v1b3-c239ac		2과와 3과는 둘 다 쉽지 않아요.		3과 문법 đều
B:main26	làm việc	v1b4-22c903		예전에 그는 영국에서 일했다.		4과
B:main26	nhầm	v1b3-7cf69a		어제 나는 교실을 잘못 들어갔다.		3과 쓰기 — 2)잘못
B:main26	chơi	v1b3-47ed44		그분들은 바다에 놀러 가고 싶어 한다.		3과 발음
B:main26	bia	v1b5-3018d5		어제 나는 맥주를 아주 많이 마셨다.		5과
B:main26	mua	v1b5-f7b04c		나는 베트남 역사책을 사고 싶다.		5과
B:main26	chua	v2b1-aad9b7		생선 샐러드가 조금 시었지만 아주 맛있었어요.		2권 1과
B:main26	mưa	v2b4-83207e		어제와 오늘 모두 비가 왔다.		2권 4과 — 1)비(명사)
B:main26	biển	v2b2-a9a569		지금도 그는 바다에 가는 것을 좋아한다.		2권 2과 — 있던 예문은 2)간판 뜻이라 바꿈
B:main26	yên tĩnh	v1b12-ffe363		낮 12시에는 호치민시가 조용할 거라고 생각할지도 모른다.		12과 읽기
B:main26	nhiều	v1b4-7f173b		당신 학교에는 미국인 선생님이 많아요?		4과
B:main26	tươi	v2b2-548ab6		시장의 해산물은 아주 신선해서 아마 무이네 해산물보다 맛있을 것이다.		2권 2과
B:main26	ướt	v2b12-240523		빗물에 그 아이의 머리카락이 젖었다.		2권 12과
B:main26	tuổi	v1b10-f79c04		나는 남동생이 하나 있는데 올해 16살이다.		10과
B:main26	uống	v1b3-afc11d		그녀는 연유 아이스커피 마시는 것을 좋아한다.		3과 발음
B:main27	muộn	v1b3-5ea519		열 명이 늦게 왔어요.		3과 발음
B:main27	xuống	v2b2-496196		호텔에서 시장까지 걸어 내려가면 10분쯤밖에 안 걸린다.		2권 2과
B:main27	buổi chiều	v1b7-d65870		그분은 보통 오후에 독일어를 공부한다.		7과
B:main27	buổi tối	v1b3-11752c		미안하지만 저녁에는 제가 못 가요.		3과 발음
B:main27	mốt	new	Lớp tôi có hai mươi mốt học viên.	우리 반에는 학생이 21명 있다.		교재엔 숫자 읽기(hai mươi mốt)뿐 — 있던 예문은 2)유행 뜻이라 새로 씀
B:main27	tháng	v1b3-f070af		그들은 베트남어 수업을 석 달 등록했다.		3과 쓰기
B:main27	đại học	v1b4-e96edc		우리 도시에는 대학교가 17개 있다.		4과
B:main27	khoa học	v1b3-1ac96c		저는 호치민시 인문사회과학대학교에서 공부해요.		3과 회화 — 학교 이름 속 '사회과학'
B:main27	xã hội	v1b3-1ac96c		저는 호치민시 인문사회과학대학교에서 공부해요.		3과 회화 — 학교 이름 속 '사회'
B:main27	thành phố	v1b12-dd2b1b		이 도시의 교통은 꽤 복잡하다.		12과
B:main27	chúng tôi	v1b3-eeba81		우리는 베트남어 학생이다.		3과 문법 chúng tôi
B:main27	ở đó	v1b3-5886b3		우리는 거기서 1년 동안 공부했어요.		3과 회화
B:main27	nơi	v2b2-9df400		저녁에 그는 그곳에서 무엇을 해요?		2권 2과
B:main27	cửa	v1b6-ba8570		이 식당은 아침 10시부터 문을 연다.		6과 — mở cửa(문을 열다)
B:main27	đêm	v2b12-e76fd6		나는 매일 밤 서너 시간밖에 못 자.		2권 12과
B:main28	cuối	v1b3-39bdb0		문장 끝에 쓰여 상대에게 예의, 친근함, 존경을 나타낸다.		3과 문법 ạ — cuối câu(문장 끝)
B:main28	phòng học	v1b5-b4846d		(그는) Eun Ji의 교실을 알고 싶어 한다.		5과 듣기 문제
B:main28	xanh	v2b3-d24c95		파란 아오자이가 정말 싸요, 50만 동밖에 안 해요.		2권 3과
B:main28	đi chơi	v1b7-9658b3		주말에 나는 보통 친구들과 놀러 간다.		7과
B:main28	thư ký	v1b4-399fb0		나는 컴퓨터 회사에서 비서로 일하고 있다.		4과
B:main28	nhóm	v1b3-50d6fc		chúng tôi는 말하는 사람과 그 사람이 속한 무리를 가리키는 데 쓰인다.		3과 문법
B:main28	ý	v1b3-a6df29		어떤 행동이나 상태가 완료되거나 끝났다는 뜻을 나타낼 때 쓴다.		3과 문법 đã
B:main28	thường	v1b7-08d47c		저녁에 저는 보통 음악을 듣거나 영화를 봐요.		7과
B:main28	đứng	v2b4-fd4a4f	Tôi đang đứng trước cửa nhà chị đây!	지금 당신 집 문 앞에 서 있어요!		2권 4과 — OCR 'của'→'cửa'(쪽 이미지로 확인)
B:main28	giải thích	v1b8-da27bb		베트남어로 설명해 봐!		8과
B:main28	đông	v1b6-3cfa0f		여기 카페는 손님이 아주 많다.		6과
B:main28	Ừ	v1b3-d9701c		응, 맞아.		3과 회화
B:main28	chưa	v1b8-cce594		한 학생은 아직 1번 회화를 읽지 않았다.		8과
B:main28	rượu	v2b6-2b400b		예전에 나는 술도 맥주도 마시지 않았다.		2권 6과
B:main28	mượn	v2b9-100fd2		신분증 좀 빌려주시겠어요?		2권 9과
B:main26	yên tĩnh	keep				12과 문장은 쪽 이미지에서 빈칸 연습(bạn (14) ...... nghĩ rằng)이라 안 씀 — 3과엔 발음 연습뿐, 있던 예문이 뜻에 맞아 둠
B:main28	phòng học	keep				5과 '(Muốn biết phòng học của Eun Ji. (ở đâu))'는 질문 만들기 연습 조각이라 안 씀 — 있던 예문이 뜻에 맞아 둠
B:main29	uống thuốc	v2b5-ed7615		약을 먹었는데도 아직 나아지지 않았다.		2권 5과 — mặc dù ... nhưng
B:main29	một trăm	v2b4-dd1247		쌀국수 두 그릇과 아이스커피 두 잔은 10만 동이다.		2권 4과
B:main29	đều	v1b3-c8bf6e		그들은 모두 외국인이다.		3과 문법 đều
B:main29	mùa	v2b2-dcf35b		지난여름에 당신 가족은 어디에 갔어요?		2권 2과
B:main29	Việt Nam	v1b3-32cc56		그리고 일본어는 베트남에서 배웠어요.		3과 듣기
B:main29	tiếng Anh	v1b3-78dc52		예전에 Mai 씨는 호주에서 영어를 배웠다.		3과 쓰기
B:main29	tiếng Nhật	v1b3-e40e4f		나는 그와 함께 일본어를 배웠다.		3과 쓰기
B:main29	tình trạng	v1b4-c32270		성질이나 상태의 정도가 높음을 나타낼 때 쓴다.		4과 문법 rất
B:main29	nhằm	v1b3-39bdb0		문장 끝에 쓰여 상대에게 예의, 친근함, 존경을 나타낸다.		3과 문법 ạ — 1)~하기 위해
B:main29	thân mật	v1b3-39bdb0		문장 끝에 쓰여 상대에게 예의, 친근함, 존경을 나타낸다.		3과 문법 ạ
B:main29	kính trọng	v1b3-39bdb0		문장 끝에 쓰여 상대에게 예의, 친근함, 존경을 나타낸다.		3과 문법 ạ
B:main29	biểu thị	v1b3-a6df29		어떤 행동이나 상태가 완료되거나 끝났다는 뜻을 나타낼 때 쓴다.		3과 문법 đã
B:main29	kết thúc	v1b6-4006e4		아직 완료되지 않고 끝나지 않아 계속되고 있다는 뜻을 나타낸다.		6과 문법 đang
B:main29	yêu cầu	v2b2-b2983f		접수원은 와타나베 씨에게 무엇을 요구했어요?		2권 2과
B:main29	hoạt động	v1b10-fa18e3		cùng을 써서 그림 속 사람들의 활동을 묘사하세요.		10과 — 1)활동
B:main30	rõ	v1b12-0394f7		의문문 끝에 쓰여 아직 분명하지 않은 일을 묻는다.		12과 문법
B:main30	tính chất	v1b10-f582d5		말하는 대상들의 활동, 성질, 상태가 같다는 관계를 나타낼 때 쓴다.		10과 문법 cùng
B:main30	sư phạm	v1b3-d07956		당신은 사범대학교에서 베트남어를 배우죠?		3과 듣기 대본
B:main30	lại	v1b3-50c850		đã를 넣어 아래 문장들을 다시 쓰세요.		3과 쓰기 — 1)다시
B:main30	nước nào	v1b3-da229a		어느 나라 사람이에요?		3과 회화
B:main30	ở đâu	v1b3-44162b		일본어를 어디서 배웠어요?		3과 쓰기
B:main30	đúng rồi	v1b5-3f2d47		맞아요.		5과 회화
B:main30	đi đâu	v1b3-ec8eb5		어디 가니?		3과 회화
B:main30	Trường Đại học Khoa học Xã hội và Nhân văn	v1b3-858d70		우리는 인문사회과학대학교에서 1년 동안 공부했다.		3과 문법 đã
B:main30	Thành phố Hồ Chí Minh	v1b4-e556a5		지금 나는 호치민시에 살고 있다.		4과
B:main30	một năm	v1b5-e643ee		David 씨와 나는 인문대에서 1년 동안 베트남어를 배웠다.		5과
B:main30	giáo viên người Việt Nam	keep				교재엔 빈칸 연습('với ... giáo viên người Việt Nam')뿐 — 있던 예문이 뜻에 맞아 둠
B:main30	bài số	v1b3-bd1a73		2과를 공부하죠?		3과 쓰기
B:main30	Việt Nam học	v1b7-f45d7c		학생 두 명이 베트남학과 사무실로 가고 있다.		7과
B:main30	thế nào	v1b3-3a7436		베트남어는 어때요?		3과 읽기
B:main31	Paris	v1b4-253721		예전에 나는 선생님이었고 프랑스 파리에 살았다.		4과
B:main31	Đà Nẵng	v1b9-d4428e		그는 금요일부터 다낭에 출장 가 있다.		9과
B:main31	Huế	v2b5-218eb2		후에로 여행 갔을 때 나는 그곳의 특산 음식을 먹었다.		2권 5과
B:main31	Hà Nội	v1b3-b2d245		예전에 우리는 하노이에서 Sơn 씨를 만났다.		3과 쓰기
B:main31	không khỏe	v1b10-579f5d		요즘 우리 아빠가 몸이 안 좋다.		10과
B:main31	cà phê sữa đá	v2b3-4b1c13		연유 아이스커피 두 잔 주세요, 연유는 조금만요!		2권 3과
B:main31	chia	new	Cô giáo chia lớp thành ba nhóm.	선생님은 반을 세 그룹으로 나눈다.		교재엔 chia tay(헤어지다)·chia sẻ 뿐 — 있던 예문(chia tay)이 1)나누다 뜻이 아니라 새로 씀
B:main31	lìa	new	Anh ấy lìa quê hương từ năm mười tám tuổi.	그는 열여덟 살에 고향을 떠났다.		교재엔 발음 연습뿐 — 있던 예문(Chị lìa xa em)이 어색해 새로 씀
B:main31	chia lìa	new	Chiến tranh làm nhiều gia đình chia lìa.	전쟁은 많은 가족을 헤어지게 했다.		교재엔 발음 연습뿐 — 있던 예문(Chúng ta chia lìa nhau)이 어색해 새로 씀
B:main31	khuya	v1b7-26fcf1		어제 Eun Ji 씨 늦게까지 안 잤죠?		7과
B:main31	đêm khuya	keep		깊은 밤은 아주 조용하다.		교재엔 발음 연습 낱말뿐 — 있던 예문이 뜻에 맞아 둠 (번역만 고침: '깊은' 빠짐)
B:main31	mùa lúa	new	Đến mùa lúa, cả làng đều bận rộn.	벼농사철이 되면 온 마을이 바쁘다.		교재엔 발음 연습뿐 — 있던 예문 번역이 뜻과 어긋나 새로 씀
B:main31	mua cua	keep		그는 시장에서 게를 산다.		교재엔 발음 연습 낱말뿐 — 있던 예문이 뜻에 맞아 둠 (번역만 고침: Anh 을 '나'로 옮겼음)
B:main31	lừa	keep				교재엔 발음 연습 낱말뿐 — 있던 예문이 뜻에 맞아 둠
B:main31	mưa nữa	keep				교재엔 발음 연습 낱말뿐 — 있던 예문이 뜻에 맞아 둠
B:main32	tựa cửa	keep				교재엔 발음 연습 낱말뿐 — 있던 예문이 뜻에 맞아 둠
B:main32	tiền	v2b1-a87b85		Mai는 종업원을 불러 계산해요.		2권 1과
B:main32	biển xanh	keep				교재엔 발음 연습 낱말뿐 — 있던 예문이 뜻에 맞아 둠
B:main32	hiểu biết	new	Anh ấy hiểu biết nhiều về lịch sử Việt Nam.	그는 베트남 역사에 대해 많이 안다.		교재엔 발음 연습뿐 — 있던 예문은 2)지식 뜻이라 1)알다로 새로 씀
B:main32	tiểu học	keep				교재엔 발음 연습 낱말뿐 — 있던 예문이 뜻에 맞아 둠
B:main32	yêu	v2b11-3ae265		두 사람은 서로 사랑했지만 결혼하지 못했다.		2권 11과 — 있던 예문(giới thiệu yêu của mình)은 틀린 문장이라 바꿈
B:main32	yêu thương	keep		엄마는 자식을 무척 아끼고 사랑한다.		교재엔 발음 연습 낱말뿐 — 있던 예문이 뜻에 맞아 둠 (번역만 고침: con 을 '나'로 옮겼음)
B:main32	mướn	keep				교재엔 발음 연습 낱말뿐 — 있던 예문이 뜻에 맞아 둠 (2)빌리다)
B:main32	hương	keep				교재엔 발음 연습 낱말뿐 — 있던 예문이 뜻에 맞아 둠
B:main32	mười người	v1b3-5ea519		열 명이 늦게 왔어요.		3과 발음
B:main32	bưởi tươi	keep				교재엔 발음 연습 낱말뿐 — 있던 예문이 뜻에 맞아 둠
B:main32	buổi	v1b5-d8123c		아침과 오후 모두 버스가 있다.		5과 — 있던 예문(hai buổi học)은 2)~회 뜻이라 바꿈
B:main32	chuối	keep				교재엔 발음 연습 낱말뿐 — 있던 예문이 뜻에 맞아 둠
B:main32	hai mươi mốt	keep				교재엔 숫자 읽기뿐 — 있던 예문 맞음
B:main32	hai mươi hai	new	Hôm nay là ngày hai mươi hai tháng năm.	오늘은 5월 22일이에요.		교재엔 숫자 읽기뿐 — 있던 예문에 'ngày'가 빠져 새로 씀
