# 22기 매일 단어 시험의 문장 10개씩 (2026-09-30, 대표님 지시 "매일 보는 단어 시험 — 테스트에서 학습하고 이어서 시험")
# 파일	번호	방향	베트남어(정답·대표 꼴)	한국어	다른 정답(/로)	출처
# 방향: to_vi = 한국어(또는 영어)를 보고 베트남어로 · to_ko = 베트남어를 보고 뜻. 출처: 시험지 = 모범 답 그대로(오타만 고침) · 시험지 고침 = 답을 손봄(아래 비고) · 클로드 = 시험지에 답이 없어 클로드가 씀
# A반 시험지의 영어 문장은 한국어로 옮겼다(화면에 영어를 안 보인다). 괄호 안 선택 말((đã)·(sẽ)·(có))은 넣은 꼴을 대표로.
a1	1	to_ko	Bạn có tiền không?	돈 있어요?		시험지
a1	2	to_vi	Bạn có buồn không?	슬퍼요?	Bạn buồn không?	시험지
a1	3	to_vi	Bạn đẹp quá!	당신은 정말 예뻐요.	Bạn rất đẹp.	시험지
a1	4	to_vi	Tôi tên là GYBM.	제 이름은 GYBM이에요.		시험지
a1	5	to_ko	Tôi cũng thích bạn.	나도 너 좋아해.		시험지
a1	6	to_vi	Bạn có uống một cốc sữa không?	우유 한 잔 마셔요?		시험지
a1	7	to_ko	Bạn bao nhiêu tuổi?	몇 살이에요?		시험지
a1	8	to_ko	Cái này bao nhiêu tiền?	이거 얼마예요?		시험지
a1	9	to_vi	Cái này có đắt không?	이거 비싸요?		시험지
a1	10	to_ko	Bạn sinh năm bao nhiêu?	몇 년생이에요?		시험지
a2	1	to_vi	Các bạn là học sinh.	너희들은 학생이야.		시험지
a2	2	to_vi	Anh ấy là người nước nào?	그는 어느 나라 사람이에요?		시험지
a2	3	to_vi	Bạn là người Việt Nam, phải không?	당신은 베트남 사람이죠?		시험지
a2	4	to_vi	Tôi cũng thích bóng đá.	나도 축구를 좋아해요.		시험지
a2	5	to_vi	Cô cũng đói, phải không?	선생님도 배고프시죠?		시험지
a2	6	to_ko	Các bạn cũng muốn đi không?	너희들도 가고 싶어?		시험지
a2	7	to_ko	Anh ấy là người Hàn Quốc.	그는 한국 사람이에요.		시험지
a2	8	to_ko	Cô ấy có đẹp không?	그녀는 예뻐요?		시험지
a2	9	to_ko	Cô ấy là người Mỹ.	그녀는 미국 사람이에요.		시험지
a2	10	to_ko	Các bạn có vui không?	너희들 즐거워?		시험지
a3	1	to_ko	Họ biết các anh?	그들이 형들을 알아요?		시험지
a3	2	to_ko	Rất vui được gặp bạn.	만나서 반가워요.		시험지
a3	3	to_ko	Em có câu hỏi khó.	저 어려운 질문이 있어요.		시험지
a3	4	to_ko	Chúng em cảm ơn cô ạ.	선생님, 감사합니다.		시험지
a3	5	to_ko	Hôm qua, chúng em đã học xong đến trang 22 rồi ạ.	어제 저희는 22쪽까지 다 배웠어요.		시험지
a3	6	to_vi	Cho tôi một cốc nước ép táo nhiều đá không đường.	사과 주스 한 잔 주세요, 얼음 많이 설탕 없이요.		시험지
a3	7	to_vi	Bạn có thích uống cà phê sữa không?	밀크커피 마시는 거 좋아해요?		시험지
a3	8	to_vi	Tối mai, tôi sẽ tự học.	내일 저녁에 나는 혼자 공부할 거예요.		시험지
a3	9	to_vi	Tôi đã đi du lịch sông Hàn ở Seoul.	나는 서울 한강으로 여행을 갔었어요.		시험지
a3	10	to_vi	Tối nay, cô ấy sẽ mua thuốc cảm.	오늘 밤 그녀는 감기약을 살 거예요.		시험지
a4	1	to_ko	Ngày mai tôi sẽ đi Hà Nội với gia đình.	내일 나는 가족과 하노이에 갈 거예요.		시험지
a4	2	to_ko	Tôi không hiểu câu này, bạn có thể nói lại không?	이 문장을 이해 못 했어요. 다시 말해 줄 수 있어요?		시험지
a4	3	to_ko	Tôi nghĩ tiếng Việt không khó, nhưng cần học mỗi ngày.	베트남어는 어렵지 않지만 매일 공부해야 한다고 생각해요.		시험지
a4	4	to_ko	Bạn có thể nói chậm một chút được không?	조금 천천히 말해 줄 수 있어요?		시험지
a4	5	to_ko	Tôi muốn ăn phở, nhưng bạn tôi muốn ăn cơm.	나는 쌀국수를 먹고 싶은데, 내 친구는 밥을 먹고 싶어 해요.		시험지
a4	6	to_vi	Tôi không thích mùi rau mùi.	나는 고수 냄새를 싫어해요.		시험지
a4	7	to_vi	Cái túi này bao nhiêu tiền?	이 가방 얼마예요?		시험지
a4	8	to_vi	Phát âm tiếng Việt không dễ.	베트남어 발음은 쉽지 않아요.		시험지
a4	9	to_vi	Cái quạt này là của tôi.	이 선풍기는 제 거예요.		시험지
a4	10	to_vi	Hôm nay tôi đi học với một người bạn.	오늘 나는 친구 한 명과 학교에 가요.		시험지
a5	1	to_ko	Tôi không có bạn người Việt.	나는 베트남 친구가 없어요.		시험지
a5	2	to_ko	Tôi thấy tiếng Việt thú vị.	나는 베트남어가 재미있다고 느껴요.		시험지
a5	3	to_ko	Hôm qua, tôi đã học nhiều từ mới.	어제 나는 새 낱말을 많이 배웠어요.		시험지
a5	4	to_ko	Sau khi học tiếng Việt, các bạn làm gì?	베트남어 공부가 끝나고 너희들은 뭐 해?		시험지
a5	5	to_ko	Anh chị có mấy con?	두 분은 자녀가 몇 명이에요?		시험지
a5	6	to_vi	BJ ở giữa WP và MJ.	BJ는 WP와 MJ 사이에 있어요.		시험지
a5	7	to_vi	Anh Nam không quan tâm chị Lan, phải không?	남 씨는 란 씨에게 관심이 없죠?		시험지 고침: (A)·(B) 자리를 이름으로
a5	8	to_vi	Món ăn Việt Nam có hợp với mọi người không?	베트남 음식은 모든 사람에게 맞아요?		시험지
a5	9	to_vi	Điện thoại của tôi ở gần chị ấy.	내 휴대폰은 그녀 가까이에 있어요.		시험지
a5	10	to_vi	Nơi làm việc của anh ấy ở đâu?	그의 일터는 어디예요?		시험지
a6	1	to_ko	Rất vui được gặp GYBM!	GYBM, 만나서 반가워요!		시험지
a6	2	to_vi	Cuối tuần này, mọi người có muốn đi uống bia không?	이번 주말에 다들 맥주 마시러 갈래요?		시험지
a6	3	to_vi	Cái điện thoại này bao nhiêu tiền?	이 휴대폰 얼마예요?	Điện thoại này bao nhiêu tiền?	시험지
a6	4	to_ko	Món ăn Việt Nam có hợp với mọi người không?	베트남 음식은 모든 사람에게 맞아요?		시험지
a6	5	to_ko	Anh MJ là người nước nào?	MJ 씨는 어느 나라 사람이에요?		시험지
a6	6	to_ko	Phát âm tiếng Việt không dễ.	베트남어 발음은 쉽지 않아요.		시험지
a6	7	to_vi	Trước khi học tiếng Việt, các bạn đã làm gì?	베트남어를 배우기 전에 너희들은 뭘 했어?		시험지 고침: dã → đã
a6	8	to_ko	Tôi yêu bạn điên cuồng.	나는 너를 미친 듯이 사랑해.		시험지
a6	9	to_ko	Học tiếng Anh thế nào?	영어는 어떻게 공부해요?		시험지
a6	10	to_ko	Bây giờ em đang học gì ở GYBM?	지금 GYBM에서 뭘 배우고 있어요?		시험지
a7	1	to_ko	Bạn bao nhiêu tuổi?	몇 살이에요?		시험지
a7	2	to_vi	Cái này có đắt không?	이거 비싸요?		시험지
a7	3	to_ko	Anh ấy là người Hàn Quốc.	그는 한국 사람이에요.		시험지
a7	4	to_vi	Tôi cũng thích bóng đá.	나도 축구를 좋아해요.		시험지
a7	5	to_ko	Chúng em cảm ơn cô ạ.	선생님, 감사합니다.		시험지
a7	6	to_vi	Tối mai, tôi sẽ tự học.	내일 저녁에 나는 혼자 공부할 거예요.		시험지
a7	7	to_ko	Tôi muốn ăn phở, nhưng bạn tôi muốn ăn cơm.	나는 쌀국수를 먹고 싶은데, 내 친구는 밥을 먹고 싶어 해요.		시험지
a7	8	to_vi	Cái quạt này là của tôi.	이 선풍기는 제 거예요.		시험지
a7	9	to_ko	Hôm qua, tôi đã học nhiều từ mới.	어제 나는 새 낱말을 많이 배웠어요.		시험지
a7	10	to_vi	Nơi làm việc của anh ấy ở đâu?	그의 일터는 어디예요?		시험지
a8	1	to_vi	Trước đây em đã làm nghề gì?	이전 직업이 뭐였어?		시험지
a8	2	to_vi	Tôi làm kế toán ở ngân hàng.	나는 은행에서 회계사로 일해.		시험지
a8	3	to_vi	Bạn là giám đốc điều hành à?	너는 대표이사야?		시험지 고침: điêu → điều
a8	4	to_vi	Đây là đồng nghiệp của tôi.	여기는 나의 회사 동료야.		시험지 고침: đồ nghiệp → đồng nghiệp
a8	5	to_vi	Họ đang ở phòng họp.	그들은 회의실에 있어.		시험지
a8	6	to_vi	Hôm nay tôi sẽ đi ngủ sớm.	나는 오늘 일찍 잘 거야.		시험지
a8	7	to_vi	Cô ấy dạy chín học sinh.	그 여자 선생님은 학생 아홉 명을 가르쳐.		시험지
a8	8	to_vi	Họ đang làm việc chăm chỉ ở công ty.	그들은 회사에서 열심히 일하고 있어.		시험지
a8	9	to_vi	Món ăn này miễn phí.	이 음식은 공짜야.		시험지
a8	10	to_vi	Cô ấy là luật sư, và anh ấy là người mẫu.	그녀는 변호사이고, 그는 모델이야.		시험지
b1	1	to_vi	Bạn có khỏe không?	당신은 잘 지내나요?		클로드
b1	2	to_vi	Chào bạn.	안녕하세요 (상대에게).		클로드
b1	3	to_vi	Bạn là người nước nào?	당신은 어느 나라 사람이에요?		클로드
b1	4	to_vi	Tôi là người Việt Nam.	저는 베트남 사람이에요.		클로드
b1	5	to_vi	Xin lỗi, bạn tên là gì?	실례합니다. 당신은 성함이 어떻게 되세요?		클로드
b1	6	to_vi	Tôi tên là Yeo Jeong.	저는 이름이 여정이에요.		클로드
b1	7	to_vi	Năm nay bạn bao nhiêu tuổi?	올해 당신은 나이가 어떻게 되세요?		클로드
b1	8	to_vi	Năm nay tôi ba mươi lăm tuổi.	올해 저는 35살이에요.		클로드
b1	9	to_vi	Bạn sống ở đâu?	당신은 어디에 살아요?		클로드
b1	10	to_vi	Tôi sống ở Hà Nội.	저는 하노이에 살아요.		클로드
b2	1	to_vi	Đây có phải là con cá không?	이것은 물고기인가요?		시험지
b2	2	to_vi	Đợi một chút.	잠시만 기다려 주세요.		시험지
b2	3	to_vi	Cuối tuần này thế nào?	이번 주말 어땠어?	Cuối tuần này của bạn thế nào?	시험지
b2	4	to_vi	Đã sẵn sàng rồi.	준비 다 됐습니다.	Sẵn sàng rồi.	시험지
b2	5	to_vi	Chưa sẵn sàng.	아직 준비되지 않았습니다.		시험지
b2	6	to_vi	Hôm nay tôi rất mệt.	오늘 엄청 피곤해요.		시험지
b2	7	to_vi	Mỗi ngày tôi luyện tập từ mới.	매일 새로운 단어를 연습합니다.		시험지
b2	8	to_vi	Tôi đi với người bạn mới.	저는 새 친구와 함께 갑니다.		시험지
b2	9	to_vi	Tôi no rồi.	배가 부릅니다.		시험지
b2	10	to_vi	Uống cà phê đá.	차가운 커피를 마시다.		시험지
b3	1	to_vi	Xin giới thiệu với Vân, đây là Eun Ji.	Vân 씨에게 소개할게요, 이쪽은 Eun Ji예요.		시험지
b3	2	to_vi	Hôm qua tôi gặp Brian và David.	어제 저는 Brian과 David를 만났어요.	Hôm qua tôi đã gặp Brian và David.	시험지
b3	3	to_vi	Xin lỗi, chị có biết anh James không?	실례지만, James 씨를 아세요?	Xin lỗi, anh có biết anh James không?	시험지
b3	4	to_vi	Chị Kate là bạn anh David, phải không?	Kate 씨는 David 씨의 친구, 맞죠?		시험지
b3	5	to_vi	Hôm qua bạn có đi học không?	어제 당신은 학교에 갔어요?		시험지
b3	6	to_vi	Trong lớp của bạn có người Thái Lan không?	당신 반에 태국 사람이 있어요?		시험지
b3	7	to_vi	Hôm nay lớp của bạn có mấy học viên?	오늘 당신 반에는 학생이 몇 명 있어요?	Hôm nay lớp của bạn có mấy người?	시험지
b3	8	to_vi	Chúng tôi đã học ở đó một năm.	우리는 거기에서 1년 동안 공부했어요.	Chúng tôi học ở đó một năm.	시험지
b3	9	to_vi	Trước đây em học tiếng Việt ở đâu?	전에 베트남어를 어디에서 배웠어요?		시험지
b3	10	to_vi	Vâng, em và anh ấy đều học tiếng Việt ở Hàn Quốc.	네, 저와 그는 둘 다 한국에서 베트남어를 공부했어요.	Vâng, tôi và anh ấy đều học tiếng Việt ở Hàn Quốc.	시험지
b4	1	to_ko	Con mèo này bao nhiêu tiền?	이 고양이 얼마예요?		시험지
b4	2	to_ko	Tôi cũng thích đá bóng.	나도 축구하는 것 좋아해.		시험지
b4	3	to_ko	Trong lớp có bao nhiêu học sinh?	교실에 학생이 몇 명 있어요?		시험지
b4	4	to_ko	Bạn có tiền không?	너 돈 있니?		시험지
b4	5	to_vi	Quê bạn ở đâu?	고향이 어디예요?		시험지
b4	6	to_vi	Cuối tuần này bạn sẽ đi đâu?	이번 주말에 어디 갈 거예요?		시험지
b4	7	to_vi	Bạn đến từ đâu?	어디에서 왔어요?	Bạn là người nước nào?	시험지
b4	8	to_vi	Bạn thích ăn đồ ăn Việt Nam phải không?	베트남 음식 좋아하죠?		시험지
b4	9	to_vi	Tôi xin tự giới thiệu.	자기소개를 하겠습니다.		시험지
b4	10	to_vi	Bạn đã học bài phải không?	친구야, 너 공부했지?		시험지
b5	1	to_vi	Sẵn sàng chưa?	준비되셨나요?		시험지
b5	2	to_vi	Mở trang 21.	21쪽을 펴세요.		시험지
b5	3	to_vi	Chúng ta thích nghe nhạc.	우리(듣는 사람 포함)는 노래 듣는 것을 좋아해요.		시험지 고침: nhac → nhạc
b5	4	to_vi	Anh có thấy tiếng Việt khó không?	형은 베트남어가 어렵다고 생각해요?		시험지
b5	5	to_vi	Mưa rất to.	비가 많이 와요.		시험지 고침: mua → mưa
b5	6	to_ko	Cô Linh không vui khi gặp Seung Bin.	린 선생님은 승빈을 만나면 기분이 좋지 않아요.		클로드: 시험지 답 칸이 비었음, 승빈은 로마자로
b5	7	to_ko	Ai có ô tô không?	자동차 가진 사람 있어요?		시험지
b5	8	to_ko	Em sinh năm bao nhiêu?	너는 몇 년생이니?		시험지
b5	9	to_ko	Cho em nghe một lần nữa.	한 번 더 듣고 싶어요.		시험지
b5	10	to_ko	Đùa thôi.	농담이야.		시험지
b6	1	to_vi	Người phụ nữ đẹp đó bao nhiêu tuổi?	저 예쁜 여자는 몇 살이야?		시험지
b6	2	to_vi	Cái này tất cả bao nhiêu tiền?	이거 모두 얼마예요?		시험지
b6	3	to_vi	Mấy giờ rồi?	지금 몇 시예요?		시험지
b6	4	to_vi	Bạn có mấy anh chị em?	너 형제자매가 몇 명 있어?		시험지
b6	5	to_vi	Ai đến từ Việt Nam?	누가 베트남에서 왔어?		시험지
b6	6	to_ko	Tuần này bạn làm gì?	이번 주에 너 뭐 해?		시험지
b6	7	to_ko	Tôi muốn giới thiệu bạn tôi với chị.	저는 당신에게 제 친구를 소개하고 싶어요.		시험지
b6	8	to_ko	Các cô ấy đều là người Anh.	그녀들은 모두 영국 사람이에요.		시험지
b6	9	to_ko	Em làm việc ở đâu?	너는 어디에서 일하니?		시험지
b6	10	to_ko	Lớp học của chúng ta có đèn, phải không?	우리 교실엔 전등이 있지, 그렇지?		시험지
b7	1	to_vi	Xin chào.	안녕하세요.		시험지
b7	2	to_vi	Tôi là người Hàn Quốc.	저는 한국 사람입니다.		시험지
b7	3	to_vi	Tên bạn là gì?	이름이 무엇입니까?	Tên anh là gì?	시험지
b7	4	to_vi	Rất vui được gặp bạn.	만나서 반갑습니다.		시험지
b7	5	to_vi	Cái này bao nhiêu tiền?	이것은 얼마입니까?		시험지
b7	6	to_vi	Tôi muốn ăn phở.	저는 쌀국수를 먹고 싶습니다.		시험지
b7	7	to_vi	Hôm nay trời rất lạnh.	오늘 날씨가 매우 춥습니다.		시험지
b7	8	to_vi	Nhà vệ sinh ở đâu?	화장실이 어디에 있습니까?		시험지
b7	9	to_vi	Tôi đi đến trường.	나는 학교에 갑니다.	Tôi đi học.	시험지
b7	10	to_vi	Cảm ơn. Tạm biệt.	감사합니다. 안녕히 계세요.		시험지
b8	1	to_vi	Anh làm nghề gì?	당신의 직업은 무엇인가요?	Chị làm nghề gì?	시험지
b8	2	to_vi	Anh ấy là người nước ngoài.	그는 외국인입니다.		시험지
b8	3	to_vi	Bạn tôi là luật sư.	저의 친구는 변호사입니다.		시험지
b8	4	to_vi	Tôi đã ăn món ăn Hàn Quốc.	저는 한국 음식을 먹었습니다.		시험지
b8	5	to_vi	Chị ấy là kỹ sư làm việc ở công ty máy tính.	그녀는 컴퓨터 회사에서 일하는 엔지니어입니다.		시험지
b8	6	to_ko	Bác sĩ làm việc ở bệnh viện.	의사는 병원에서 일합니다.		시험지
b8	7	to_ko	Họ là nhân viên của công ty.	그들은 회사의 직원입니다.		시험지
b8	8	to_ko	Hôm qua bạn có đi học không?	어제 당신은 공부하러 갔나요?		시험지
b8	9	to_ko	Anh ấy đã là kế toán.	그는 회계사였습니다.		시험지
b8	10	to_ko	Các anh ấy đang làm việc ở ngân hàng.	형들은 지금 은행에서 일하고 있습니다.		시험지
a9	1	to_ko	Anh đều làm việc vất vả lắm ạ.	당신은 늘 아주 열심히(힘들게) 일하시네요.		시험지
a9	2	to_ko	Ngày mai tôi đến trường.	내일 나는 학교에 갑니다.		시험지
a9	3	to_ko	Sinh viên lớp này học 20 giờ tiếng Việt một tuần.	이 반 학생들은 일주일에 베트남어를 20시간 공부합니다.		시험지
a9	4	to_ko	Tôi làm việc từ 8 giờ đến 5 giờ.	나는 8시부터 5시까지 일합니다.		시험지
a9	5	to_ko	Bác sĩ làm việc ở bệnh viện.	의사는 병원에서 일합니다.		시험지
a9	6	to_vi	Tôi thích công việc này lắm.	나는 이 일을 아주 좋아합니다.	Tôi rất thích công việc này.	시험지
a9	7	to_vi	Nhà tôi rất xa trường đại học.	우리 집은 대학교에서 아주 멉니다.	Nhà tôi cách trường đại học rất xa.	시험지
a9	8	to_vi	Anh vào phòng số mấy?	몇 호실에 들어가세요?		시험지
a9	9	to_vi	Hôm nay là một ngày đẹp.	오늘은 아름다운 날입니다.	Hôm nay trời đẹp.	시험지
a9	10	to_vi	Học tiếng Việt không khó lắm.	베트남어 공부는 그다지 어렵지 않습니다.		시험지
b9	1	to_vi	Bạn có khỏe không?	당신은 잘 지내나요?	Anh có khỏe không? / Chị có khỏe không?	시험지
b9	2	to_vi	Bạn đã từng sống ở đâu tại Hàn Quốc?	한국 어디에서 살았었니?	Bạn đã sống ở đâu ở Hàn Quốc?	시험지
b9	3	to_vi	Bạn là người nước nào?	당신은 어느 나라 사람이에요?	Anh là người nước nào? / Chị là người nước nào?	시험지
b9	4	to_vi	Tôi là người Việt Nam.	저는 베트남 사람이에요.		시험지
b9	5	to_vi	Xin lỗi, bạn tên là gì ạ?	실례합니다. 당신은 성함이 어떻게 되세요?	Xin lỗi, anh tên là gì? / Xin lỗi, chị tên là gì?	시험지
b9	6	to_vi	Tôi thích Việt Nam.	저는 베트남을 좋아합니다.		시험지
b9	7	to_vi	Năm nay bạn bao nhiêu tuổi?	올해 당신은 나이가 어떻게 되세요?	Năm nay anh bao nhiêu tuổi? / Năm nay chị bao nhiêu tuổi?	시험지
b9	8	to_vi	Bạn làm nghề gì?	당신의 직업은 어떻게 되세요?	Anh làm nghề gì? / Chị làm nghề gì?	시험지
b9	9	to_vi	Bạn là sinh viên đại học phải không?	당신은 대학생이신가요?	Bạn là sinh viên phải không?	시험지
b9	10	to_vi	Tôi sống ở Thành phố Hồ Chí Minh.	저는 호치민에 살아요.	Tôi sống ở TP. Hồ Chí Minh.	시험지
a10	1	to_ko	Họ là kế toán.	그들은 회계사예요.		클로드
a10	2	to_ko	Bác sĩ làm việc ở bệnh viện.	의사는 병원에서 일해요.		클로드
a10	3	to_ko	Em có anh chị em không?	형제자매가 있어요?		클로드
a10	4	to_ko	Anh ấy học mấy giờ một ngày?	그는 하루에 몇 시간 공부해요?		클로드
a10	5	to_ko	Cô ấy làm nghề gì?	그녀는 무슨 일을 해요?		클로드
a10	6	to_vi	Anh đã từng làm thêm ở quán cà phê chưa?	카페에서 아르바이트해 본 적 있어요?	Chị đã từng làm thêm ở quán cà phê chưa? / Bạn đã từng làm thêm ở quán cà phê chưa?	클로드
a10	7	to_vi	Tiếng Việt có khó không?	베트남어는 어려워요?		클로드
a10	8	to_vi	Tập thể dục vui quá!	운동하는 건 정말 재미있어요!	Tập thể dục thú vị quá!	클로드
a10	9	to_vi	Anh ấy đã đăng ký khóa học tiếng Việt.	그는 베트남어 강좌에 등록했어요.	Anh ấy đăng ký khóa học tiếng Việt.	클로드
a10	10	to_vi	Dạo này anh ấy có làm việc không?	요즘 그는 일하고 있어요?	Dạo này anh ấy có đi làm không?	클로드
b10	1	to_vi	Giáo viên làm việc ở trường học.	선생님은 학교에서 일합니다.		시험지
b10	2	to_vi	Y tá làm việc ở bệnh viện.	간호사는 병원에서 일합니다.		시험지
b10	3	to_vi	Đầu bếp làm việc ở nhà hàng.	요리사는 식당에서 일합니다.		시험지
b10	4	to_vi	Nhân viên ngân hàng làm việc ở ngân hàng.	은행원은 은행에서 일합니다.		시험지
b10	5	to_vi	Kỹ sư làm việc ở nhà máy.	엔지니어는 공장에서 일합니다.		시험지
b10	6	to_ko	Thư ký làm việc ở văn phòng.	비서는 사무실에서 일합니다.		시험지
b10	7	to_ko	Nhân viên siêu thị làm việc ở siêu thị.	마트 직원은 슈퍼마켓에서 일합니다.		시험지
b10	8	to_ko	Chị ấy là kế toán làm việc ở công ty.	그녀는 회사에서 일하는 회계사입니다.		시험지
b10	9	to_ko	Giảng viên làm việc ở trường học.	강사는 학교에서 일합니다.		시험지
b10	10	to_ko	Hôm qua chị ấy có làm việc ở văn phòng không?	어제 그녀는 사무실에서 일했나요?		시험지
b11	1	to_vi	Bạn làm nghề gì?	당신의 직업은 무엇입니까?	Bạn làm công việc gì?	시험지
b11	2	to_vi	Tôi gặp bạn.	저는 친구를 만납니다.		시험지
b11	3	to_vi	Tôi thích tập thể dục.	저는 운동을 좋아합니다.		시험지
b11	4	to_vi	Anh ấy là kế toán.	그는 회계사입니다.	Ông ấy là kế toán. / Nó là kế toán.	시험지 고침: 대표 꼴을 Anh ấy 로(시험지 첫 답 Nó 는 아이·아랫사람·낮잡아 부를 때 쓰는 말 — 다른 답으로 남김)
b11	5	to_vi	Tôi đi mua sắm.	저는 쇼핑하러 갑니다.		시험지
b11	6	to_vi	Hôm nay gió mát.	오늘은 바람이 선선합니다.	Hôm nay gió nhẹ. / Thời tiết gió nhẹ.	시험지 고침: '선선하다'는 mát — 시험지의 gió nhẹ(약한 바람)는 다른 답으로 남김
b11	7	to_vi	Bạn tham quan ở đâu?	당신은 어디를 방문합니까?	Bạn thăm ở đâu? / Bạn đi tham quan ở đâu?	시험지
b11	8	to_vi	Tôi đi cửa hàng tiện lợi.	저는 편의점에 갑니다.	Tôi đi đến cửa hàng tiện lợi.	시험지
b11	9	to_vi	Địa chỉ của bạn là gì?	당신의 주소는 어떻게 되나요?		시험지
b11	10	to_vi	Từ 1 giờ đến 10 giờ.	1시부터 10시까지입니다.	Từ một giờ đến mười giờ.	시험지
a11	1	to_vi	Tôi muốn mời bạn ăn tối.	저녁 식사에 초대하고 싶어요.		시험지
a11	2	to_vi	Tại sao bạn thay đổi kế hoạch?	왜 계획을 바꿨어요?	Vì sao bạn thay đổi kế hoạch? / Tại sao bạn đã thay đổi kế hoạch? / Vì sao bạn đã thay đổi kế hoạch?	시험지
a11	3	to_vi	Hôm nay thời tiết hơi lạnh nên tôi ở nhà.	오늘은 날씨가 조금 추워서 집에 있어요.		시험지
a11	4	to_vi	Hôm qua tôi không đi học vì bị ốm.	어제 아파서 학교에 안 갔어요.	Hôm qua tôi đã không đi học vì bị ốm. / Hôm qua tôi không đi học vì tôi bị ốm. / Hôm qua tôi đã không đi học vì tôi bị ốm.	시험지
a11	5	to_vi	Lớp học bắt đầu lúc 9 giờ sáng.	수업은 아침 9시에 시작해요.		시험지
a11	6	to_ko	Bạn đang làm gì đấy?	지금 뭐 하고 있어요?		시험지
a11	7	to_ko	Ngày mai bạn đến sớm nhé.	내일 일찍 와요.		시험지
a11	8	to_ko	Cửa hàng tiện lợi mở lúc 7 giờ sáng và đóng lúc 11 giờ đêm.	편의점은 아침 7시에 열고 밤 11시에 닫아요.		시험지
a11	9	to_ko	Chúng tôi là người Hàn Quốc. Chúng ta nói tiếng Việt nhé!	저희는 한국 사람이에요. 우리 베트남어로 말해요!		시험지
a11	10	to_ko	Lúc tôi đến, quán cà phê rất vắng vì thời tiết xấu.	내가 갔을 때 날씨가 나빠서 카페가 아주 한산했어요.		시험지
