# 사전 표제어로 남기는 앱 낱말 (2026-09-30, 대표님 "낱말인지 문장인지 — 붙으면 뜻이 달라지니 중요"). 위키낱말·한국어기초사전 어디에도 없는 앱 낱말 1,045개 중 굳은 말·용어·고정 표현만 클로드가 골랐다. 여기 없는 것은 data/_dict_skip.json 으로 사전에서 뺀다(카드·수업엔 그대로).
anh út
áo gió
áo lạnh
ATM
ấy chết
ba mẹ
bà nớ
bác gái
bài đọc
bãi giữ xe
bãi gửi xe
bài hội thoại
bài thi
balo
ban bảo vệ
bạn bầy
bạn cũ
bạn đồng nghiệp
bàn trống
ban-công
bảng mạch
bánh gatô
bánh ga-tô
bánh mì que
bánh mì thịt
báo mạng
bến xe khách
bệnh tả
bó bông
bồ cốc
bộ complê
bồ dục
bộ sạc
bộ vest
bốc hàng
bọn tôi
bông trang đỏ
bữa ăn sáng
bữa ăn tối
bữa ăn trưa
bữa khuya
cá chọi
cà cưỡng
cà phê đen
cảm nặng
cảm nhẹ
Căm Pu Chia
cấm vào
cặp kính
cầu thang cuốn
cầu thang máy
cây ATM
cây gia hệ
cây kim
cây nước nóng lạnh
cha mẹ ơi
chà răng
Chấm công
chấm than
chẳng bao giờ
chả bao giờ
chầu cà phê
cháu nó
cháy hàng
cherry
chỉ định từ
chị hai
chị họ
chi phí vận chuyển
chị út
chim sả
chim trả
chợ Bến Thành
chợ Tân Định
chủ não
chuyến bay thẳng
chuyến đi chơi
chuyển nhận
chuyển tuyến
có phí
công an giao thông
cuộc gọi nhỡ
cụm cư dân
cùng khắp
cửa hàng thời trang
cửa khóa vân tay
cục sạc
cúp máy
da ngăm
da trắng
dàn âm thanh
đảng chính trị
đánh đôi
đánh đơn
danh ngữ
danh từ đơn vị
danh từ khối
danh từ loại thể
đặt chỗ
đạt chuẩn
đặt lịch
đặt món
data
đầu câu
đầu dây
đâu đấy
đậu lạc
dâu ta
đèn hiệu
đèn hiệu giao thông
đĩa than
dịch vụ đổi tiền
đồ chay
đồ mặn
đôi chút
đôi dép
đôi đũa
đổi hàng
đòn chân
đồn công an
đơn đỏ
đơn xin việc
đồng khoa
đứa em
đứa nhỏ
đúng ra
đường nhanh
đi xa
em ấy
em trai út
giấc chiêm bao
giãn cơ
giấy phép lao động
giờ đến
giờ giải lao
giờ khởi hành
giờ làm
giờ làm việc
giờ nghỉ
giờ rảnh
giờ tan sở
gửi xe
gừng xay
hầm gửi xe
hàng ăn
hằng năm
hằng tháng
hằng tuần
hành củ
hành ta
hành tía
hậu mãi
hẹ tây
hết giờ
hết mốt
Hình khối
hồ nước
hóa đơn thanh toán
hoa lan
hội Lim
hồi chiều
hồi sáng
hộp giấy ăn
hợp mốt
hùn vốn
in-tơ-nét
kem tay
kêu món
keyboard
khoa văn
Khoa Việt Nam học
khoản chi
khoản thu
không đời nào
không mấy khi
khu ăn uống
khu tập thể
ki lô
kỳ khị
làm giùm
làm giúp
làm nội trợ
làm thêm giờ
làm việc tại nhà
làm việc từ xa
lần chót
lần đầu
lần rồi
lần tới
láp-tóp
lẩu cua
lia thia
lịch âm
lịch học
lịch ta
linh kiện máy
lỗi chính tả
lời hẹn
lỗi mốt
lỡ xe
lợn quay
lượt thích
mã bưu điện
mã đặt chỗ
mã hồ sơ
mã PIN
mã quốc gia
mã vùng
mắc ói
mãng cầu dai
mất phí
máy hình
mẹ cha
Mẹ đơn thân
mililít
mô đen
món nhậu
mọi lần
mùa lúa
mùi ta
mùi tui
nam thanh niên
ngày nghỉ lễ
ngày tư ngày tết
nghỉ giải lao
người Ấn Độ
người Anh
người Canada
người Chile
người Đài Loan
người đối thoại
người Đức
người hướng ngoại
người hướng nội
người mua hàng
người Nhật
người Nhật Bản
người Singapore
người Tây Ban Nha
người Thái Lan
người Thụy Sĩ
người Ý
Nhà thờ Đức Bà
nhạc Pop
nhân viên phục vụ
nhân viên siêu thị
nhân viên tiếp tân
nhề
nhỡ xe
nhóm bạn
nối kết
nước dứa
nước dưa hấu
nước ép dứa
nước sản xuất
nước xả
ô nhiễm bụi mịn
ô trống
ốc móng tay
ông nhún
ông nớ
ông ta
pa-lét
phát trực tiếp
Phía Nam Trung Bộ
Phía Tây Bắc Bộ
phở bò
phở chín
phố đi bộ
phở gà
phó viện trưởng
phong bao mừng tuổi
phòng gym
pickleball
quà lưu niệm
quần áo giặt
quán phở
quần short
quần sooc
quầy thông tin
quét vi rút
Quốc tế lao động
rứa thì
sạc điện thoại
sai hẹn
Saigon Square
sân khấu kịch
sảnh chung cư
sáng nay
sinh tố bơ
sinh tố dâu
sô cô la
số má
sốt cao
Sydney
tài khoản ngân hàng
tan làm
tầng một
tầng trệt
taxi
tê tề
tem thư
tennis
tệp đính kèm
thằng em
thành phố biển
thất hẹn
thầy mẹ
thầy u
thẻ lên máy bay
thẻ ngân hàng
thẻ phòng
thiền tự
thiền viện
thiệp mời
thịt nướng
thịt vịt
thơ điện tử
thời điểm mốc
thời gian bảo hành
thời hạn giao hàng
thời trẻ
thư thoại
thứ tiếng
tía má
tiệm bánh mì
tiệm may
tiệm sách
tiền cọc
tiền ship
tiện tay
tiểu cú
tinh xá
tivi
toàn hảo
tóc gợn sóng
tối nay
tour trọn gói
trà sữa trân châu
trạm cứu hỏa
trạm dừng nghỉ
tràn cung mây
trả phòng
trả bóng
trọc đầu
trụ sở công an
trưa nay
trung tâm thành phố
trung tâm thương mại
trường nhìn
trưởng phòng nhân sự
tử âm
tụi mình
tùy chọn
túy lũy
tuyến xe buýt
ứng dụng bản đồ
vạch qua đường
vải gấm
vật cảnh
vé khứ hồi
vé một chiều
vé tàu
vé xe buýt
vé xe điện
vé xe điện ngầm
vé xem phim
ví điện tử
Violon
vịt quay
vitamin c
vượt bực
vượt cấp
Wi-Fi
xanh lá
xe bus
xe đạp điện
xe Grab
xe thồ
xen-ti-mét
xiết bao
