# 문법 '자주 쓰는 순서' (2026-10-01, 대표님 "출처로 구분하지 말고 자주 쓰이는 순서로 — 시중 베스트셀러·스테디셀러 참고")
# 참고한 책(예스24 베트남어 분야 판매량순 1·2위 포함, 목차는 서점·출판사 공개 목차):
#   GO=GO! 독학 베트남어 첫걸음(시원스쿨, 판매량 1위) · 쉬운=NEW 가장 쉬운 독학 베트남어 첫걸음(동양북스, 2위) · 착=착! 붙는 베트남어 독학 첫걸음(시사)
#   한번=한 번에 끝내는 베트남어 첫걸음(과별 문법 공개) · 233=베트남어 회화 핵심패턴 233(길벗) · 마스터=베트남어 문법 마스터
# 차례 = 여러 책에서 그 문법이 처음 나오는 과가 이른 것부터. 책들에 안 나오는 중급 문형은 4단계에 원래 차례(쉬운 것부터)대로.
# 칸: 단계 ⇥ 과 번호(grammar.json bai 차례, 0부터) ⇥ 과 이름 ⇥ 근거(책 과)
1	2	나와 너 — 부르는 말	모든 책 1과 인사
1	3	~입니다 · 아닙니다 · ~도 · 이름 · 이것 · 있다	쉬운 2 · 한번 1·2 · 233 U1 · GO 3·4
1	4	묻기 기초 — ~해요? 맞죠? 무엇? 누구? 어느 나라?	GO 3·5·6 · 한번 1·2·4 · 착 2·3 · 233 U2·U4
1	7	몇·얼마·나이	쉬운 3 · 착 4 · 한번 5
1	6	숫자와 돈	GO 9·13 · 쉬운 6·11 (나이·시각·값에 필요)
1	8	단위 명사와 여럿	한번 6 · 착 5 · 마스터 19·20
1	12	시각 묻기 · giờ와 tiếng · bao lâu	GO 9 · 착 6 · 쉬운 6 · 한번 8
1	13	날짜 말하기 · vào(때)	GO 10 · 착 7 · 쉬운 7 · 한번 9
2	9	시제 — 했다·하는 중·할 것이다·곧·방금	한번 8·9·10 · 233 U3 · 마스터 04
2	10	했어요? 끝났어요? 해 본 적 있어요?	GO 8·14 · 한번 5·12 · 착 19 · 쉬운 13
2	22	원하다·하려 하다·해 보다·습관	착 8·17 · 한번 11 · 쉬운 14 · 233 U3(định)
2	11	정도 — 매우·너무·약간·꽤	GO 11 · 착 10 · 쉬운 9
2	16	어디·길 묻기·이동	한번 3 · 착 13 · 쉬운 5·16 · 마스터 09
2	17	~부터 ~까지 · ~로 · ~안에	착 12 · 한번 9·12 · 마스터 14
2	18	할 줄 안다·할 수 있다·해도 된다	GO 12 · 착 17 · 마스터 07
2	14	언제·얼마나 자주	한번 9 · 마스터 08 · 233 U4
2	26	그런데·그러면·또는	한번 4·10 · 233 U6
2	15	무슨 색? · '보다' 가려 쓰기	착 15 · 마스터 16
3	45	주문 문형 — Cho + 수량 · 명사구 차례	한번 14 · 쉬운 15 · GO 13
3	20	권유 — ~해요 · ~하자 · 그냥 ~해요	한번 14 · 착 13 · 마스터 18 · 233 U11
3	21	하지 마·잊지 마·부탁드립니다	한번 14 · 마스터 15·18 · 233 U11
3	39	받다·당하다·나아지다	GO 15 · 착 16
3	32	비교 — 더·~처럼·~할수록	GO 16 · 착 11 · 한번 13 · 마스터 13
3	28	왜·왜냐하면·그래서	233 U4 · 한번 13
3	19	해야 한다·필요하다·하는 게 좋다	마스터 15 · 233 U9
3	23	주다·해 주다·~하도록	한번 14 · 마스터 11
3	5	문장 끝 말투 — ạ · à · vậy · hả · nhỉ	착 10 · 233 U6
3	27	도·모두·다시·더·다·여전히	한번 2 · 마스터 17
3	24	함께·서로·스스로	GO 7 · 마스터 21
3	30	만약·~할 때·안 그러면	한번 13 · 233 U6
3	41	아마·틀림없이·~인 것 같다	233 U10(추측)
4	25	따라·~에 따르면·~에 대해	(입문서 밖 — 중급)
4	29	덕분에·까닭은	(중급)
4	31	~하기만 하면·~했더라면	(중급)
4	33	비교 2 — 둘 다·~뿐 아니라·~말고도	(중급)
4	34	뿐·만·겨우·무려·그제야	(중급)
4	35	모두·전부·저마다	(중급)
4	36	어느 것이든 다·~조차도	(중급)
4	37	문장 끝 어조사 2 — đấy · chứ · mà · đây	(중급)
4	38	아니에요·뭘요·아 그렇군요	(중급)
4	40	비록 ~지만·~한 데다	(중급)
4	42	~할 정도로·~하게·그다지	(중급)
4	43	안 할 수 없다·해낼 수 없다	(중급)
4	44	~가 아니라 ~ — 물리기	(중급)
