# 2차 확정(고친 뒤 사전, bu 시트) — 표제어	뜻 번호	...: w ⇥ i ⇥ (빈칸) ⇥ 결정 ⇥ 새 한국어 ⇥ 새 품사 ⇥ 근거
Anh	2		A	그레이트브리튼		보조 2차: Great Britain은 대영제국(British Empire)이 아니라 섬·연합 왕국 이름
B40	0		A	(군사) 로켓 추진 유탄, 특히 알피지-2		보조 2차: '그중 2형'은 모형 이름 RPG-2를 풀어 쓴 어색한 말
Bò sát	0		A	파충강		보조 2차: full 'class Reptilia'인데 '생물 분류의 강'으로 뭉뚱그림
Chân khớp	0		A	절지동물문		보조 2차: full 'phylum Arthropoda'인데 '생물 분류의 문'으로 뭉뚱그림
Chó	0		A	개과		보조 2차: full 'family Canidae'인데 '생물 분류의 과'로 뭉뚱그림
Cá sụn	0		A	연골어류		보조 2차: full 'superclass Chondrichthyes'인데 '생물 분류의 상강'으로 뭉뚱그림
Cá xương	0		A	경골어류		보조 2차: full 'superclass Osteichthyes'인데 '생물 분류의 상강'으로 뭉뚱그림
Cuội	3		A		동	보조 2차: gloss 'to backtrack' 원문 Verb인데 형으로 되어 있음
Hoài	1		A		고유	보조 2차: gloss 'Huai River'는 강 이름(고유명사)인데 품사가 부(副)로 되어 있음
Người	0		A	사람과(생물 분류의 과)		보조 2차: Hominidae는 사람과(분류 단위). ko "가족"은 틀림(Mèo 고양잇과·Ngựa 말과와 같은 꼴)
Phù Tang	0		A		고유	보조 2차: 제목 Proper noun·gloss가 전설 속 땅 이름인데 품사가 동으로 되어 있음; 뜻은 맞음
Thuận	0		A		고유	보조 2차: gloss가 남자 이름(고유명사)인데 품사가 형
Thái	1		A		고유	보조 2차: gloss가 남자 이름(고유명사)인데 품사가 명
Thú	0		A	포유강		보조 2차: Mammalia는 포유강. ko "(생물) 강"은 뭉뚱그려 틀림(Sâu bọ 곤충강과 같은 꼴)
Thạch Thất	0		A		고유	보조 2차: gloss가 하노이의 현(지명)인데 품사가 명
Tiên Đồng	0		A		고유	보조 2차: gloss가 신화 속 인물 이름(Jintong)인데 품사가 명
Trường Thành	0		A		고유	보조 2차: gloss가 만리장성(고유한 이름)인데 품사가 명
Tôn Ngộ Không	0		A		고유	보조 2차: 사람 이름(손오공)인데 원문 품사 제목이 Noun
U Cà	0		A		고유	보조 2차: 나라 이름(Ukraine)인데 품사가 명
U Minh	0		A		고유	보조 2차: 지명인데 품사가 명
U Minh	1		A		고유	보조 2차: 지명인데 품사가 명
U Minh	2		A		고유	보조 2차: 지명인데 품사가 명
ba cái	0		R			클로드: 지금 뜻이 맞음(보조 2차 ?: 원문 품사는 Prefix인데 뜻풀이는 명사구 같은 표현("all that; and stuff")이라 접두 뜻이 아님. 근거 부족으로 판단 불가)
ba que	2		A		명	보조 2차: 뜻풀이가 "A supporter of …"로 사람 명사인데 품사 칸은 형
ba khía	0		A	세사르마속의 게		보조 2차: full이 Sesarma mederi인데 ko가 "생물의 한 종"으로 뭉뚱그림. 종 이름의 속(Sesarma)과 게임을 살림
bang liên	0		A	국가 연합		보조 2차: confederation은 국가 연합이고 연방(federation)은 다른 뜻
biến nhiệt	0		A	(동물) 변온성의		보조 2차: 형용사 칸에 명사형 변온(동물)
biết chừng	0		R			클로드: 지금 뜻이 맞음(보조 2차 ?: gloss는 "미리 무엇을 할지 알다"인데 ko는 "분수를 알다, 적당히 할 줄 알다"로 풀이가 어긋나 보이나 원문이 불분명해 판단 불가)
biền ngẫu	0		A		명	보조 2차: 뜻풀이가 "pianwen; a rhythmical prose style"로 명사인데 품사는 형
biết điều	0		A	예의를 지키다, 자기 도리를 알다		보조 2차: 동사 칸에 "분별 있는" 같은 관형형으로 씀. gloss는 to maintain propriety; to understand one's obligations
biểu cảm	0		R			클로드: 지금 뜻이 맞음(보조 2차 뜻: 원문에 없는 명사 뜻 "표정"을 덧붙임)
biệt lập	0		A	고립되다, 독립하다		보조 2차: 동사 칸에 "고립된, 따로 떨어진" 형용사형 섞임
boa	0		A	팁을 주다		보조 2차: 원문에 없는 명사 뜻 "팁" 덧붙임(동사 칸)
bánh giầy	1		A	론코카르푸스속의 콩과 나무		보조 2차: full이 Lonchocarpus sericeus인데 ko가 종 이름 없이 "콩과 나무의 한 종류"로 뭉뚱그림. 속 이름을 살림
bánh dày	1		A	밀레티아속의 콩과 나무(열대·온대 아시아 원산)		보조 2차: full이 Millettia pinnata인데 ko가 종 이름 없이 "콩과 나무의 한 종류"로 뭉뚱그림. 속 이름을 살림
bánh đúc	1		A	(남부) 멥쌀가루로 만든 젤리 같은 덩어리 떡(판단잎 즙으로 초록빛을 내기도 함)		보조 2차: full이 Pandanus amaryllifolius(판단)인데 ko가 "향잎"으로 뭉뚱그림
bé cái lầm	0		A	큰 실수를 하다, 창피한 실수를 하다		보조 2차: 원문 blunder·embarrassing mistake인데 '착각·오해'로 어긋남
bé cái nhầm	0		A	큰 실수를 하다, 창피한 실수를 하다		보조 2차: bé cái lầm의 다른 꼴, 같은 까닭
bì bạch	0		A		부	보조 2차: 'with a ... sound' 소리 흉내말이고 한국어도 부사꼴
bình an vô sự	0		A	무사한, 평안한		보조 2차: safe and sound는 무사한 것이지 '무사태평(근심 없음)'이 아님
bìm nắp	0		A	오페르쿨리나 투르페툼(메꽃과 덩굴식물)		보조 2차: full은 turpeth(Operculina turpethum)인데 '약초'로 뭉뚱그리고 과 이름도 메꽃과가 맞음
bí	1		A	(박과의) 다른 식물		보조 2차: full은 Cucurbitaceae(박과)의 다른 식물인데 과 이름이 빠져 막연함
bòng bong	0		A	실고사리속 덩굴고사리의 한 종(리고디움 플렉수오숨)		보조 2차: full은 Lygodium flexuosum 종 이름인데 '한 종'으로만 뭉뚱그림
bòng bong	1		A	(확장) 실고사리속의 덩굴고사리 모두		보조 2차: 속 이름은 Lygodium(실고사리속)이지 '덩굴고사리속'이 아님
bò vẽ	0		A	(중·남부) 작은띠말벌(말벌의 한 종류)		보조 2차: full은 lesser banded hornet(Vespa affinis)인데 '말벌의 한 종류'로 뭉뚱그림
bó tay chấm com	0		A	(구어) 완전히 두 손 들다, 포기하다		보조 2차: 동사 뜻칸에 과거형 '들었다'로 씀, 원문은 to give up completely
bôm bốp	0		A		부	보조 2차: 소리 흉내말(popping; clapping)이고 한국어도 부사꼴
bùm bụp	0		A	예덕나무속(식물)		보조 2차: full은 Mallotus 속 이름인데 '생물의 한 속'으로 뭉뚱그림
băng	0		A	(지질·기후) 얼음(우박 제외)		보조 2차: '우박이 아닌 얼음'은 뜻풀이 문장째 옮겨 얼음이라는 대응어가 묻힘
bút kí	0		R			클로드: 지금 뜻이 맞음(보조 2차 뜻: 원문은 memoir 하나인데 수필·기행문이 덧붙음)
bạc hà	1		A	(남부) 토란속 식물의 한 종(콜로카시아 기간테아)		보조 2차: full은 Colocasia gigantea 종 이름인데 '토란대의 한 종류'로 뭉뚱그리고 토란대는 부위 이름
bập bùng	1		A	(의성) 점점 커졌다 작아지는		보조 2차: 형용사 칸인데 한국어가 '~소리'라는 명사꼴
bắp chuối	0		A	거미잡이새(아라크노테라속의 새)		보조 2차: full은 'a spiderhunter, a bird of the genus Arachnothera'인데 '새의 한 속'이라 속 자체를 말하는 꼴이 됨
bốp	1		A	(의성) 탁, 찰싹	부	보조 2차: 소리 흉내말(popping, slapping)이고 한국어를 '~하는 소리'(명사꼴)로 씀, 같은 책의 bịch 소리말은 부
bồm bộp	0		A		부	보조 2차: 소리 흉내말(thudding·pounding)이고 한국어도 부사꼴
bổn	0		A		대	보조 2차: 원문 뜻풀이가 대명사(I/me)인데 접두로 되어 있음
bợ	3		A	네가래		보조 2차: 종 이름이 빠져 있음. Marsilea quadrifolia는 네가래
bứa	0		K	가르시니아속 식물(특히 가르시니아 오블롱기폴리아)		클로드 판정(보조 2차 뜻: full이 속 이름(Garcinia)인데 생물의 한 종으로 뭉뚱그림)
cai cơ	1		R			클로드: 지금 뜻이 맞음(보조 2차 ?: 원문 뜻풀이가 alternative name of 로 잘린 조각이라 판단 불가)
chia	3		K	치아(치아씨를 맺는 식물)		클로드 판정(보조 2차 뜻: full의 종(Salvia hispanica)이 빠진 식물 종 뭉뚱그림, 한국어로는 치아)
chiều tím	0		K	루엘리아속 식물(루엘리아 심플렉스)		클로드 판정(보조 2차 뜻: full의 종(Ruellia simplex)이 빠진 생물의 한 종 뭉뚱그림)
chàm quạp	0		K	말레이살모사		클로드 판정(보조 2차 뜻: full의 종(Calloselasma rhodostoma)이 빠진 생물의 한 종 뭉뚱그림)
chàng hiu	0		K	개구리의 한 종(힐라라나 마크로닥틸라)		클로드 판정(보조 2차 뜻: full의 종(Hylarana macrodactyla, 개구리속 Hylarana)이 빠진 생물의 한 종 뭉뚱그림)
chà ran	0		K	식물의 한 속(호말리움속)		클로드 판정(보조 2차 뜻: full의 속 이름(Homalium)이 빠진 뭉뚱그림)
chít	5		K	식물의 한 종(티사놀라에나 라티폴리아)		클로드 판정(보조 2차 뜻: full의 종(Thysanolaena latifolia)이 빠진 종(種) 한 글자 뭉뚱그림)
chò chỉ	0		K	나무의 한 종(파라쇼레아 키넨시스)		클로드 판정(보조 2차 뜻: full의 종(Parashorea chinensis)이 빠진 생물의 한 종 뭉뚱그림)
chòi mòi	0		K	식물의 한 종(안티데스마 가에셈빌라)		클로드 판정(보조 2차 뜻: full의 종(Antidesma ghaesembilla)이 빠진 생물의 한 종 뭉뚱그림)
chíp chíp	0		K	백합과의 조개(파라타페스 운둘라투스)		클로드 판정(보조 2차 뜻: 바지락은 다른 종(Ruditapes). undulate venus는 백합과 조개이고 학명이 full에 있음)
chùm lé	0		A	아지마 사르멘토사(식물의 한 종)		보조 2차: full에 종명(Azima sarmentosa)이 있는데 뭉뚱그린 말로 씀
chẫu	0		A	실비라나 군테리(개구리의 한 종)		보조 2차: full에 종명(Sylvirana guentheri)이 있는데 뭉뚱그린 말로 씀
chẹo	0		A	엥겔하르디아 크리솔레피스(나무의 한 종)		보조 2차: full에 종명(Engelhardia chrysolepis)이 있는데 뭉뚱그린 말로 씀
chỉa	0		R			클로드: 지금 뜻이 맞음(보조 2차 ?: 품사는 명사인데 한국어는 동사(겨누다). gloss는 = chĩa뿐이라 명사·동사 어느 쪽 뜻인지 원문만으로 판단 불가)
chời	0		A	아이고(= trời, 방언)		보조 2차: 감탄사 칸에 명사 뜻 하늘이 들어감. 감탄 뜻만 남김
cung lượng	0		A	출력, 용량, 효율		보조 2차: gloss output/capacity/efficiency인데 공급량은 원문에 없고 용량·효율이 빠짐
cà ra	0		A	중국털게(중국 참게)		보조 2차: Eriocheir sinensis는 중국털게. 털게는 다른 종(Erimacrus)이라 잘못 이끎
cà xỉu	0		A	개맛(완족동물)		보조 2차: Lingula속은 완족동물이지 조개가 아님
cá kèo	0		A	망둑어류 물고기		보조 2차: full은 망둑어류 종(Pseudapocryptes elongatus)인데 한국어가 '생물의 한 종'으로 뭉뚱그림
cá gỗ	0		A		명	보조 2차: Adjective 제목이나 gloss 'wooden fish'는 명사 뜻(직역 명사)이라 형 칸에 맞지 않음
cá măng	1		A	특정 속의 일부 물고기		보조 2차: 한국어에 물고기라는 말이 없이 '어떤 속의 일부 종'으로만 씀 (cá, 원문 속명만 있음)
cá leo	0		A	큰 민물 메기류의 한 종		보조 2차: full은 Wallago attu(대형 민물 메기)인데 한국어가 '생물의 한 종'으로 뭉뚱그림
cá tra	1		K	상어메기과 물고기를 두루 이르는 말		클로드 판정(보조 2차 뜻: Pangasiidae 과 전체를 가리키는데 한국어에 물고기 말이 없어 무엇인지 알 수 없음)
cá trích	0		A	정어리류(청어과 물고기)		보조 2차: full은 Sardinella 속(정어리류)인데 청어·준치는 다른 속
cá thính	0		R			클로드: 지금 뜻이 맞음(보조 2차 뜻: gloss는 절이거나 소금에 절인 생선 요리일 뿐, 볶은 쌀가루는 원문에 없음)
cá vược	0		A	바라문디(농어류)		보조 2차: gloss 'a barramundi'인데 농어는 다른 종, 6539와 일관되게 바라문디로
cái	12		A	(사람도 새도 아닌 동물 종에서) 암컷의		보조 2차: 형용사 칸에 명사 꼴 '암컷'이라 어울리지 않음
có thể	0		R			클로드: 지금 뜻이 맞음(보조 2차 뜻: gloss는 부사 'possibly'뿐인데 '~할 수 있다'(능력)는 원문에 없음)
cóc	3		A	(식물) 암바렐라 따위 열대 과일나무		보조 2차: full은 Spondias 속(S. dulcis)인데 한국어가 '어떤 속에 속하는 종'으로 뭉뚱그림
cúm	1		A	상자게류(칼라파속 게)		보조 2차: full은 Calappa 속 게인데 한국어가 '게류'로만 뭉뚱그림 (7008과 일관되게)
cước	4		A	산누에나방과 나방의 누에		보조 2차: full은 Saturnia pyretorum(산누에나방과) 종의 누에인데 한국어가 '어떤 종'으로 뭉뚱그림
cưỡng	0		A	(남부) 검은목찌르레기		보조 2차: full은 black-collared starling(Gracupica nigricollis)인데 한국어가 '어떤 종'으로 뭉뚱그림
cạy cục	0		A	(드묾) 애써 청탁하다, 애걸하다		보조 2차: '= cậy cục'이고 cậy cục(7490)는 권력자에게 애써 청탁한다는 뜻인데 연줄을 대다는 그 뜻과 다름
cả	2		A	(북부) 맏이인, 가장 나이 많은		보조 2차: 형용사 칸에 명사 꼴 '맏이'라 어울리지 않음
cầy	2		A	(식물) 야생 아몬드나무(이르빙기아속)		보조 2차: full은 Irvingia malayana(나무)인데 한국어가 '(생물) 종'으로 뭉뚱그림
cậy	2		A	고욤나무		보조 2차: full은 date plum(Diospyros lotus)=고욤나무인데 '감나무류(어떤 종)'로 뭉뚱그림
cổ xuý	0		A	(특히 나쁜 것을) 묵인하다, 부추기다, 고취하다		보조 2차: 원문 promote(고취하다) 뜻이 빠지고 나쁜 것으로만 좁혀짐
cộng đoàn	0		A	(가톨릭) 공동체, 단체		보조 2차: 원문 group or organization에 없는 수도회 뜻이 붙음
don	0		A	호저의 한 종		보조 2차: ko가 "종"뿐이라 뜻이 없음. full은 호저 종(Atherurus macrourus)
dong	1		A	식물의 한 종		보조 2차: ko가 "종"뿐이라 뜻이 없음. full은 식물(Phrynium placentarium)
dác	0		R			클로드: 지금 뜻이 맞음(보조 2차 ?: 원문은 pith(수심)에 가까운 부분이라 했으나 dác은 보통 껍질 쪽 변재로 알려져 있어 원문과 실제가 어긋남. 원문 확인 필요)
dây thường xuân	0		A	아이비, 서양송악		보조 2차: Hedera helix는 서양송악(아이비). 송악은 다른 종(Hedera rhombea)
dó	0		A	꾸지나무(닥나무속)		보조 2차: Broussonetia papyrifera의 국명은 꾸지나무. 닥나무는 같은 속의 다른 종
dướng	0		A	꾸지나무(닥나무속)		보조 2차: Broussonetia papyrifera의 국명은 꾸지나무. 닥나무는 같은 속의 다른 종
dầu gió	0		A	박하 추출 오일(바르는 청량 향유)		보조 2차: "야우조"는 남부 발음을 옮긴 소리일 뿐 뜻이 아님. 원문은 박하 추출물, 바르면 열감, 여러 증상에 씀
dọc	6		A	식물의 한 종		보조 2차: ko가 "종"뿐이라 뜻이 없음. full은 식물(Garcinia multiflora)
dọc mùng	0		K	토란속 식물의 줄기(국거리 채소, 콜로카시아 기간테아)		클로드 판정(보조 2차 뜻: Colocasia gigantea는 토란속의 종이며 "대만토란"은 다른 종을 가리켜 어긋남)
gai	0		R			클로드: 지금 뜻이 맞음(보조 2차 ?: hemp-nettle(Galeopsis)인데 광대수염은 Lamium(dead-nettle)류 이름으로 보임; 원문에 학명이 없어 판단 불가)
gan	4		K	(식물) 도키니아속의 한 종		클로드 판정(보조 2차 뜻: full=Docynia doumeri인데 ko가 그냥 "종"이라 아무 정보가 없음; 학명을 밝히고 식물임을 적음)
ghẹ	0		A	꽃게과의 게류		보조 2차: full=Portunidae(swimming crabs)인데 "어떤 과"로 뭉뚱그림; 과 이름 꽃게과를 밝힘
ghét bỏ	0		A	관심을 두지 않다, 외면하다		보조 2차: gloss는 disinterested/ignore인데 "싫어해서 버리다"는 원문에 없는 뜻
gi	0		A		글자	보조 2차: gloss가 라틴 문자 이중자 GI의 이름이므로 품사는 글자
giáo xứ	0		A	(기독교) 본당, 소교구		보조 2차: parish(diocese의 일부)인데 교구는 diocese(giáo phận·giáo khu)의 뜻이라 혼동됨
giâu	0		K	(식물) 바카우레아속의 몇몇 종		클로드 판정(보조 2차 뜻: full은 Baccaurea 속의 종들인데 ko가 "특정 속"으로 뭉뚱그림)
giải nghĩa	1		A		명	보조 2차: gloss가 텍스트 갈래를 가리키는 명사구(ko도 명사꼴)인데 품사가 동; giải âm(명)과 같은 뜻
giẻ cùi	1		K	그 밖의 다른 새 몇 종(파랑까치·녹색까치 무리)		클로드 판정(보조 2차 뜻: full에 Urocissa·Cissa 속이 밝혀져 있는데 ko가 속 이름을 뺌)
giừ	0		A		명	보조 2차: gloss가 "= giờ"(시간, 명사)의 다른 꼴인데 품사가 형이고 ko도 명사꼴 "시간"
guồi	0		K	(식물) 한 종(윌루그베이아 에둘리스)		클로드 판정(보조 2차 뜻: full=Willughbeia edulis인데 ko가 "생물의 한 종"으로 뭉뚱그려 정보가 없음)
gà qué	0		A		명	보조 2차: gloss "chicken"은 명사 뜻이고 ko도 명사꼴 "닭(통틀어)"인데 품사가 형
gà nước	0		R			클로드: 지금 뜻이 맞음(보조 2차 ?: full=Rallus aquaticus(water rail)인데 흰눈썹뜸부기가 이 학명의 한국 이름인지 확신할 수 없음(Rallus indicu)
găng	3		A	꼭두서니과의 몇몇 꽃식물		보조 2차: full에 Rubiaceae(꼭두서니과)가 밝혀져 있는데 ko가 "식물의 한 과"로 뭉뚱그림
gạo đỏ	0		K	붉은쌀(특히 야생 벼의 쌀)		클로드 판정(보조 2차 뜻: full은 Oryza rufipogon이라는 종인데 ko가 "어떤 품종"으로 흐려 놓음)
gờ kép	0		A		글자	보조 2차: gloss가 라틴 문자 이중자 GH의 이름이므로 품사는 글자
hoi	0		R			클로드: 지금 뜻이 맞음(보조 2차 뜻: 원문 smelly, foul에 없는 "비린"이 덧붙음(비린내는 fishy))
hèo	0		A	야자나무의 일종(특히 종려죽속)		보조 2차: full에 Rhapis속이 있는데 속 이름이 "한 속"으로 뭉뚱그려짐
hóp	1		R			클로드: 지금 뜻이 맞음(보조 2차 ?: full은 Bambusa textilis인데 ko가 "한 종"으로 뭉뚱그림; 이 종의 한국어 이름을 원문만으로 알 수 없음)
hương nhu	0		A	향유		보조 2차: Elsholtzia ciliata는 향유(꽃향유는 E. splendens로 다른 종)
hại não	0		A		형	보조 2차: gloss harmful for one's brain은 형용사 뜻인데 품사가 명
hại não	1		A		형	보조 2차: gloss mind-boggling은 형용사 뜻인데 품사가 명
hải đường	0		A	중국 꽃사과(사과나무속)		보조 2차: full은 Malus spectabilis인데 한국어 해당화는 장미과 Rosa rugosa라 다른 식물
kích động	0		K	선동하다, 자극하다(흥분시키다)		클로드 판정(보조 2차 ?: gloss(때리다·공격하다)가 kích động의 실제 뜻(자극·선동)과 어긋나 보임. 원문 근거로는 판단 불가)
kẹo	1		A	사탕		보조 2차: bánh을 떡류로 옮긴 것은 부정확. 원문은 bánh 종류가 아닌 candy
kơ nia	0		K	(식물) 이르빙기아 말라야나(야생 아몬드나무)		클로드 판정(보조 2차 뜻: 종 이름을 뭉뚱그린 말로 바꾼 것. 학명 Irvingia malayana 으로 되살림)
kẽo kẹt	0		A	삐걱거리는		보조 2차: 형용사 칸에 부사꼴(삐걱삐걱). 원문 grinding, creaky
liên kiều	0		A	의성개나리(연교)		보조 2차: 종 이름을 뭉뚱그린 말('생물의 한 종')로 바꾼 것. Forsythia suspensa 는 의성개나리(약재 연교)
lung	0		A	(생각을) 몹시 열심히		보조 2차: 부사 칸에 '하는' 꼴 서술어를 씀. 원문 very hard
lung tung	1		A		부	보조 2차: 원문 'everywhere; all around' 는 부사 뜻풀이(제목만 형용사)
luồng	3		A	타인호아 지방에 흔한 대나무의 한 종류		보조 2차: Thanh Hóa 를 '청화'로 옮김. 베트남 지명은 타인호아
làu táu	0		K	(식물) 바티카 하르만디아나		클로드 판정(보조 2차 뜻: 종 이름을 뭉뚱그린 말('생물의 한 종')로 바꾼 것. 학명 Vatica harmandiana 로 되살림)
lách	2		K	야생 사탕수수(사카룸 스폰타네움)		클로드 판정(보조 2차 뜻: Saccharum spontaneum 은 억새(Miscanthus)류가 아니라 사탕수수속)
lấm	0		A	(흙이) 묻은		보조 2차: 형용사 칸인데 한국어가 동사 꼴(묻다). 'be soiled'에 맞춰 형용사 꼴로
lằng	0		A	구리금파리		보조 2차: full이 Lucilia sericata 종인데 '생물의 한 종'으로 뭉뚱그림
lẽ	1		A		명	보조 2차: 제목은 Adjective인데 gloss '= vợ lẽ (second wife)'는 명사 뜻
lốp bốp	0		A	(의성어) 탁탁, 톡톡		보조 2차: 뜻풀이 설명문을 그대로 옮김; 대응 낱말만 남김
người ngợm	0		A	(무례할 수 있음) 사람, 몸뚱이		보조 2차: 원문 one; someone; one's body — "someone"이 빠지고 사람 꼴은 원문에 없음
ngạo	0		A	(문어) 오만하다, 남을 업신여기다		보조 2차: 원문 문어 표시(when not in compounds)를 합성어로 거꾸로 씀, contempt of others 빠짐
ngải	0		A	쑥속의 여러 식물		보조 2차: full: Artemisia 속 식물인데 어떤 속으로 뭉뚱그림
nhen	2		K	나무두더지의 한 종(덴드로갈레 무리나)		클로드 판정(보조 2차 뜻: 원문 a kind of monkey는 원문 오류: 학명 Dendrogale murina는 원숭이가 아니라 나무두더지류. 학명 근거로 고침)
nhiễn	0		A		형	보조 2차: 원문 = nhuyễn (mashy)는 형용사 뜻(한국어도 형용사 꼴)인데 품사가 명
khanh	1		A		명	보조 2차: gloss는 고위 관리·고관이라는 명사 뜻인데 품사가 대명사로 되어 있음
khai tử	1		A	(회사가) 단종하다		보조 2차: 뜻풀이 문장을 통째로 옮김; 짧은 대응어 단종하다가 있음
khoảng cách	0		R			클로드: 지금 뜻이 맞음(보조 2차 뜻: gloss(distance, space)에 없는 격차가 덧붙음)
khuyên	2		A	동박새(눈 둘레에 흰 깃털이 있는 작은 새)		보조 2차: Zosteropidae는 동박새과이며 흰눈이새라는 이름은 쓰이지 않음
khuyết	2		A	(중부) 젓새우속의 작은 새우		보조 2차: full이 Acetes속 새우인데 작은 새우의 한 종류로 뭉뚱그림; 아세테스속은 젓새우속
khát nước	0		K	밤색날개뻐꾸기		클로드 판정(보조 2차 뜻: full의 종(Clamator coromandus)을 뻐꾸기류 새의 한 종으로 뭉뚱그림; 학명을 한글로 옮김)
khó dễ	0		A		명	보조 2차: gloss가 deliberately-caused difficulties or obstacles 명사구이고 ko도 트집(명사)
khĝ	1		A		감	보조 2차: 원문 품사 Interjection(= không)인데 부로 되어 있음
khĝ	2		A		조	보조 2차: 원문 품사 Particle(= không), 뜻도 의문 어기사인데 부로 되어 있음
khựa	0		A	(신조어, 속어, 비하, 모욕적 인종 비하) 중국의		보조 2차: 형용사 칸에 명사 중국인을 씀; gloss는 형용사 Chinese
kim hoàn	0		R			클로드: 지금 뜻이 맞음(보조 2차 뜻: gloss(silver and gold jewellery)에 없는 세공이 덧붙음)
kinh giới	0		A	향유(베트남 허브)		보조 2차: Elsholtzia ciliata는 향유; 형개는 다른 식물(Schizonepeta)
kim tuyến	0		R			클로드: 지금 뜻이 맞음(보조 2차 뜻: gloss(glitter)에 없는 금실이 덧붙음)
lót dạ	0		A	허기가 가실 만큼		보조 2차: 부사 칸에 동사 '요기하다'를 씀. 원문 decently enough that you stop feeling hungry (특히 아침 식사)
lúng búng	0		A	입에 뭔가 가득 문		보조 2차: 형용사 칸에 동사꼴 '물다'를 씀. 원문 to have one's mouth full
lục bát	1		A	(식물) 커스터드애플		보조 2차: 번려지(番荔枝)는 슈가애플(Annona squamosa) 쪽 이름이라 full의 Annona reticulata(custard apple)와 안 맞음
minh quyết	0		A	캐롭		보조 2차: '쥐엄나무 열매'는 다른 속(Gleditsia)과 혼동되는 덧붙임이고 원문은 식물 carob(Ceratonia siliqua)
muồng	0		A	카시아속(콩과) 식물		보조 2차: full은 Cassia속 식물인데 '(콩과) 나무 이름'은 뭉뚱그린 말
móp	1		A	(식물) 라시아 스피노사		보조 2차: full의 종(Lasia spinosa) 이름이 있는데 '한 종'으로 뭉뚱그림
mù u	0		A	(식물) 칼로필룸 이노필룸		보조 2차: full의 종(Calophyllum inophyllum) 이름이 있는데 '생물의 한 종'으로 뭉뚱그림
mắm	4		A	아비세니아속(맹그로브의 한 속)		보조 2차: full이 Avicennia(속)인데 한국어가 "(생물) 속"으로 뭉뚱그려 이름이 없음
mắm ruốc	0		A	새우 페이스트, 새우젓		보조 2차: 곤쟁이는 곤쟁이목의 별개 생물이고 원문은 젓새우속(Acetes) 새우로 만든 젓이라 곤쟁이젓은 부정확
mắc khén	0		A	산초나무속의 나무 한 종		보조 2차: full Zanthoxylum rhetsa인데 "생물의 한 종"으로 뭉뚱그림; 속 이름으로 좁힘(한국어 종명은 모름)
mắc mật	0		A	운향과의 나무 한 종		보조 2차: full Clausena indica(운향과)인데 "생물의 한 종"으로 뭉뚱그림
mắc cọp	0		A	배나무속의 나무 한 종		보조 2차: full Pyrus granulosa(배나무속)인데 "생물의 한 종"으로 뭉뚱그림
mắt mèo	0		A	미모사속의 식물 한 종		보조 2차: full Mimosa pigra(미모사속)인데 "생물의 한 종"으로 뭉뚱그림
mộc tê	0		A	목서속		보조 2차: full Osmanthus(목서속)인데 "생물의 한 속"으로 뭉뚱그림
mộc tặc	0		A	속새속		보조 2차: full Equisetum(속새속)인데 "생물의 한 속"으로 뭉뚱그림
một	3		A	유일한, 단 하나의		보조 2차: 형용사 칸에 부사 "오직"이 와서 꼴이 안 맞음
mở	4		A	개시하다, 개막하다		보조 2차: "낙성하다"는 건물 완공의 뜻이라 launch/inaugurate와 다름
mỡ	1		A	목련속의 일부 식물		보조 2차: full Magnolia(목련속)인데 "어떤 식물의 속"으로 속 이름이 빠짐
mợ	3		A	(순화된 욕설) 젠장		보조 2차: 감탄사 칸인데 "어머니"(명사 뜻)이고 원문은 mẹ (fuck) 곧 욕설
mức	1		A	협죽도과의 나무 한 종		보조 2차: full Wrightia annamensis(협죽도과)인데 "종" 한 글자로 뭉뚱그림
mực ống	2		R			클로드: 지금 뜻이 맞음(보조 2차 뜻: 같은 종(Uroteuthis chinensis, mitre squid)을 mực ghim(14617)에서는 다르게 적어 엇갈림; 이 종의 한국 )
mực ống	3		R			클로드: 지금 뜻이 맞음(보조 2차 ?: spear squid(Heterololigo bleekeri)를 여기선 창오징어류, mực kim(14616)에선 창꼴뚜기로 적어 엇갈리는데 어)
mực thẻ	0		R			클로드: 지금 뜻이 맞음(보조 2차 ?: swordtip squid(Uroteuthis edulis)를 "한치(창오징어)"로 적었는데 한치는 U. chinensis의 이름으로도 쓰이고 )
mực kim	0		R			클로드: 지금 뜻이 맞음(보조 2차 ?: spear squid(Heterololigo bleekeri)를 창꼴뚜기로 적었으나 14609.3에서는 창오징어류로 엇갈려 판단 불가)
mực ghim	0		R			클로드: 지금 뜻이 맞음(보조 2차 뜻: mitre squid(Uroteuthis chinensis)를 "창오징어의 한 종류"로 뭉뚱그림; 14609.2와 같은 종이며 한국 이름은 한치)
nghé ọ	0		A	잎으로 만든 물소 새끼 모양 장난감		보조 2차: 원문은 baby buffalo(물소 새끼)인데 송아지(소)로 바꿈
nguôi	0		A		동	보조 2차: 제목은 Adjective지만 gloss는 to calm down(동사 뜻); 한국어도 이미 "가라앉다"
nhuần	0		A	적시다		보조 2차: 원문에 합성어 표시가 없는데 (합성어)를 덧붙임
như đúng rồi	0		A	(구어) 마치 그게 사실인 양, 마치 그런 것처럼		보조 2차: 원문 as if that were true/the case인데 당연하다는 듯이·제가 옳은 양은 뜻이 다름
nhạc nhẽo	0		A	(구어, 못마땅함) 이놈의 음악		보조 2차: 원문 this goddamn music의 못마땅한 말맛이 빠지고 음악이라고 하는 것은 뜻이 어긋남
nhất gái hơn hai, nhì trai hơn một	0		K	아내가 남편보다 두 살 많은 것이 가장 좋고, 남편이 한 살 많은 것이 그다음이다		클로드 판정(보조 2차 ?: 원문 gloss(남편이 두 살 많거나 아내가 한 살 많은 쪽)가 속담 통설(nhất gái hơn hai = 아내가 두 살 많은 쪽이 으뜸, n)
nhặng	0		A	검정파리과의 파리		보조 2차: 원문 full Calliphoridae는 검정파리과인데 파리과로 씀(파리과는 Muscidae)
nhếch	0		A	(입꼬리 등을) 살짝 움직이다		보조 2차: 원문 to slightly move인데 입꼬리를 올리다로 좁히고 방향까지 지어냄
nhệch	0		K	장어류의 한 속(피소도노피스속) (다른 꼴)		클로드 판정(보조 2차 뜻: 원문은 Pisodonophis속 장어인데 뱀장어(Anguilla)로 읽히는 말을 씀)
náng	0		A	문주란		보조 2차: 원문 full Crinum asiaticum은 문주란. 거미백합은 다른 속(Hymenocallis)의 이름
nấm báo mưa	0		A	망태말뚝버섯		보조 2차: 원문 종 Phallus indusiatus를 뭉뚱그려 씀
nấm mối	0		A	마크롤레피오타 알부미노사		보조 2차: 원문 종 Macrolepiota albuminosa를 뭉뚱그려 씀
phúc bồn tử	0		K	라즈베리(산딸기류)		클로드 판정(보조 2차 뜻: 복분자는 다른 종(Rubus coreanus)이고 원문 종(Rubus idaeus)은 라즈베리)
qua mặt	0		R			클로드: 지금 뜻이 맞음(보조 2차 뜻: 원문 overlook에 없는 앞지르다 뜻이 덧붙음)
quao	0		A	스테레오스페르뭄속 나무(구세계 열대 지방)		보조 2차: 원문 full에 속 이름(Stereospermum)이 있는데 빠짐
quay xe	0		R			클로드: 지금 뜻이 맞음(보조 2차 뜻: 원문 뜻에 없는 '차를 돌리다'가 덧붙음)
quá sức	0		R			클로드: 지금 뜻이 맞음(보조 2차 뜻: 부사 뜻풀이에 없는 형용사 '힘에 부치는'이 덧붙음)
quéo	0		A	만기페라 레바(망고와 비슷하나 열매가 작고 덜 단 나무)		보조 2차: full의 종(Mangifera reba)이 빠지고 망고의 일종으로 뭉뚱그림
quế đơn	0		A	육계나무(계피나무)		보조 2차: Cinnamomum cassia는 육계나무이고 계수나무는 다른 종
quếch	0		A	키소케톤 파니쿨라투스		보조 2차: full의 종(Chisocheton paniculatus)을 생물의 한 종으로 뭉뚱그림
quỷ	0		R			클로드: 지금 뜻이 맞음(보조 2차 뜻: 원문에 없는 '장난꾸러기'(사람) 뜻이 덧붙음)
rau càng cua	0		A	페페로미아 펠루키다		보조 2차: full의 종(Peperomia pellucida) 대신 속 이름과 '물풀'이라는 근거 없는 설명
ruốc	0		A	젓새우속의 작은 새우		보조 2차: full에 속 이름(Acetes)이 있는데 '한 종류'로 뭉뚱그림
ráy	2		A	알로카시아 마크로리조스		보조 2차: full의 종(Alocasia macrorrhizos)이 토란의 일종으로 뭉뚱그려짐
ráy	3		A	천남성과의 비슷한 다른 식물		보조 2차: full의 과(Araceae)가 '같은 과'로 뭉뚱그려져 과 이름이 빠짐
rù rì	0		A	에메리타 에메리투스(갑각류)		보조 2차: full의 종(Emerita emeritus)이 '속 게의 한 종'으로 뭉뚱그려짐
rặn	0		A	(구어) 힘을 주어 몸 밖으로 내보내려 하다		보조 2차: 원문은 아래쪽 구멍으로 힘들게 내보내려 함인데 짜내다는 뜻이 어긋남
sá sùng	0		A	별벌레의 한 종(시푼쿨루스 누두스)		보조 2차: full에 학명이 있는데 생물의 한 종으로 뭉뚱그림
sâng	0		A	포메티아 피나타(나무)		보조 2차: full에 학명이 있는데 생물의 한 종으로 뭉뚱그림
sò điệp	0		A	미마클라미스 노빌리스(가리비의 한 종)		보조 2차: full에 학명이 있는데 생물의 한 종으로 뭉뚱그림
sò mai	0		A	키조개		보조 2차: full Atrina pectinata인데 생물의 한 종으로 뭉뚱그림
sú	0		A	검은맹그로브		보조 2차: full black mangrove(Aegiceras corniculatum)인데 맹그로브의 일종으로 뭉뚱그려 이름이 빠짐
sơn ca	0		R			클로드: 지금 뜻이 맞음(보조 2차 뜻: Alauda gulgula는 일반 종다리(Alauda arvensis)와 다른 종이라 종 이름이 안 맞음)
sơn vé	0		A	가르시니아 메르구엔시스(나무)		보조 2차: full에 학명이 있는데 생물의 한 종으로 뭉뚱그림
sưa	0		A	달베르기아속 나무(고급 목재)		보조 2차: 원문은 Dalbergia속 목재 나무인데 속 이름이 빠지고 뭉뚱그림
sống đời	1		A	칼랑코에 피나타(식물)		보조 2차: full Kalanchoe pinnata인데 공중 식물의 일종은 학명과 안 맞고 틸란드시아류로 오해하게 함
sừng sững	1		A	꼼짝 않고 서 있다	동	보조 2차: 원문 품사 Adverb지만 gloss 'to stand motionless'는 동사 뜻
thanh mai trúc mã	0		A	청매죽마 같은(어릴 적 이성 소꿉친구가 서로 사랑하게 된)		보조 2차: 형 칸인데 한국어가 명사 꼴
theo dõi	0		R			클로드: 지금 뜻이 맞음(보조 2차 뜻: '팔로우하다'·'뒤를 밟다'는 원문 뜻 범위 밖으로 덧붙음)
thiên lí	0		K	통킹재스민(텔로스마, 꽃을 먹는 덩굴 식물)		클로드 판정(보조 2차 뜻: 야래향은 한국에서 다른 식물(Cestrum nocturnum)을 가리키는 이름이라 종이 어긋날 수 있어 학명을 한글로 옮김)
thiên tuế	1		A	시카스 펙티나타(소철속 식물)		보조 2차: Cycas pectinata인데 '소철의 한 종류'로 뭉뚱그림
thiệp	0		A	초대장, 카드		보조 2차: '청첩장'은 결혼 초대장에 한정되어 원문(invitation card/letter)보다 좁고 '카드' 뜻은 순서가 뒤바뀜
thung	0		A	테트라멜레스 누디플로라(열대·아열대 아시아 원산의 큰 나무)		보조 2차: 종 이름(Tetrameles nudiflora)을 '큰 나무 이름'으로 뭉뚱그림
thuốc lào	0		R			클로드: 지금 뜻이 맞음(보조 2차 뜻: 원문 wild tobacco/makhorka(Nicotiana rustica) 종 이름이 빠지고 베트남어 음역만 씀)
thượng sĩ	1		R			클로드: 지금 뜻이 맞음(보조 2차 ?: gloss 'master sergeant'를 한국 계급 원사로 옮겼으나 베트남 thượng sĩ(상사 급)와 0번 칸 상사와 대응이 엇갈려 판단)
thượng sĩ	2		R			클로드: 지금 뜻이 맞음(보조 2차 ?: gloss 'chief petty officer'를 해군 원사로 옮겼으나 계급 대응이 불확실해 판단 불가)
thấm thoát	1		A	어느덧 (일정 시간이) 거의 다 되어		보조 2차: 영어 gloss는 일정 시간에 거의 이름. 한국어가 관형절 꼴로 부사에 안 맞음
thẩm mĩ	1		A		형	보조 2차: 원문 to be cosmetic/aesthetic 은 상태 뜻, 한국어도 형용사 꼴
thể khảm	0		A	(생물) 모자이크 현상		보조 2차: 원문은 mosaicism 뿐. 섞임증은 원문에 없는 덧붙임
truồng	0		A	(고정 표현) 아랫도리를 드러낸 채로		보조 2차: 부사 칸인데 한국어가 '벌거벗은' 형용사 꼴이고 '맨몸'은 원문(생식기를 가리지 않은)보다 넓음
trâm	1		K	자바자두(시지기움 쿠미니)		클로드 판정(보조 2차 뜻: '잠부'는 학명(자바자두류)과 맞는지 불확실하고 '한 종'은 뭉뚱그림 — 학명을 한글로 옮김)
trình bày	0		R			클로드: 지금 뜻이 맞음(보조 2차 뜻: 원문(to present; to set forth)에 없는 '배치하다, 꾸미다' 뜻이 · 로 덧붙음)
trích	1		K	자색쇠물닭(포르피리오 포르피리오)		클로드 판정(보조 2차 뜻: '물닭'은 다른 속(큰물닭속)이라 학명과 어긋날 수 있고 '한 종'은 뭉뚱그림 — 학명을 한글로 옮김)
trùn quế	0		A	페리오닉스 엑스카바투스		보조 2차: '생물의 한 종'은 뭉뚱그린 말 — full의 학명을 한글로 옮김
trùm gọng	0		A	(식물) 클레로덴드룸 이네르메		보조 2차: '해변 누리장나무 무리'는 종이 아닌 무리로 뭉뚱그림 — full의 학명을 한글로 옮김
trùng trục	1		A	(동물) 란세올라리아 프루스토르페리		보조 2차: '한 종'은 뭉뚱그린 말 — full의 학명을 한글로 옮김
trẩu	0		A	베르니시아 몬타나(기름을 짜는 나무)		보조 2차: '유동나무'는 보통 다른 종(Vernicia fordii)을 가리켜 full의 mu oil tree(Vernicia montana)와 어긋남 — 학명을 한글로 옮김
trắm	0		A	강꼬치고기		보조 2차: full은 Esox속(pike)인데 '육식성 민물고기의 한 종류'는 뭉뚱그린 말 — 대응 이름으로 씀
trệt	0		A	(남부) 땅에 붙은, 맨 아래의 (tầng trệt 1층)		보조 2차: 형용사 칸에 명사 '1층'이 앞에 놓임 — 원문(close to the ground; at the bottom)의 형용사 뜻으로 고침
trực khuẩn mủ xanh	0		A	녹농균		보조 2차: full은 Pseudomonas aeruginosa인데 '생물의 한 종'은 뭉뚱그린 말 — 한국어 종 이름으로 씀
tu hài	0		A	루트라리아 린카에나(개량조개속의 조개)		보조 2차: full은 Lutraria rhynchaena 종인데 '개량조개속의 조개 한 종'은 종을 뭉뚱그림 — 학명을 한글로 덧붙임
tàng hình	0		R			클로드: 지금 뜻이 맞음(보조 2차 뜻: 원문은 invisible뿐인데 '스텔스의'가 덧붙음)
táo ta	1		A	지지푸스 눔물라리아(대추속)		보조 2차: full은 jharber(Ziziphus nummularia)인데 '대추속 식물의 한 종'은 뭉뚱그림 — 학명을 한글로 옮김
táo mèo	0		A	도키니아 인디카		보조 2차: full은 Docynia indica인데 '도키니아속 식물의 한 종'은 종을 뭉뚱그림 — 학명을 한글로 옮김
tân kiến tạo	0		A	(지질) 신구조 시기		보조 2차: neotectonic period의 한국어 '신기 조구조기'는 어색한 조어 — 신구조(neotectonics) 시기로 고침
tí tách	0		A		부	보조 2차: 영어 뜻풀이가 소리(sound of…)를 그려 의성어이므로 부
tóc tiên	2		A	(식물) 유홍초		보조 2차: 학명 Ipomoea quamoclit 의 한국어 이름이 유홍초이므로 '~의 한 종'은 어색
xám	0		A	회색의, 잿빛의		보조 2차: 형용사 칸에 명사 '회색'
xép	0		R			클로드: 지금 뜻이 맞음(보조 2차 ?: gloss 'little haven'(작은 안식처?)과 ko '작은 곁방'이 어긋나는데 원문만으로는 판단 불가)
xóc	0		R			클로드: 지금 뜻이 맞음(보조 2차 뜻: 원문 꼬리표는 transitive뿐인데 ko에 '(남부)'가 덧붙음)
xô bồ	0		R			클로드: 지금 뜻이 맞음(보조 2차 뜻: gloss(grossly, boorishly)와 다르고 부 칸인데 형용사 꼴)
xăm xăm	0		A	재빠르고 거침없는		보조 2차: 형 칸인데 부사 꼴('성큼성큼 거침없이')
xạm	0		A	(피부가) 거무스름한(= sạm)		보조 2차: 형 칸인데 동사 꼴('거무스름해지다')
tay trên	0		A	(구어) 재빨리 가로채어 (phỗng tay trên 가로채다)		보조 2차: 부 칸인데 한국어가 명사 꼴 '가로채기'
Việt bính	0		K	광둥어 로마자 표기법(웨핑)		클로드: 한국어 칸에 로마자(화면에 영어 금지)
bả dột	0		K	약용 식물(아야파나 트리플리네르비스)		클로드: 한국어 칸에 로마자(화면에 영어 금지)
nằm lòng	0		A	외워서, 암기하여		보조 2차: 원문 by heart인데 줄줄이는 다른 뜻(차례로 이어서)
nổi danh	0		R			클로드: 지금 뜻이 맞음(보조 2차 품사: 원문 gloss가 to become famous(동사 풀이)인데 품사가 형)
nứa	0		R			클로드: 지금 뜻이 맞음(보조 2차 뜻: 원문 속 이름 Neohouzeaua를 뭉뚱그려 대나무의 일종으로 씀)
pho tượng	0		A	조각상, 동상		보조 2차: 조상(彫像)은 한국어에서 조상(祖先)과 헷갈려 statue/sculpture 뜻을 잘못 이끎
tin tặc	0		A	(컴퓨터) 악성 해커		보조 2차: 원문은 black hat hacker(악의적 해커)인데 한국어는 그냥 해커라 핵심(악의)이 빠짐
tiêu phí	0		R			클로드: 지금 뜻이 맞음(보조 2차 뜻: 원문은 consumption 뿐. 낭비는 원문에 없는 덧붙임)
toáng	0		A	(구어) 시끄러운, 떠들썩한		보조 2차: 형용사 칸인데 부사형 시끄럽게로 적혀 품사와 안 맞음
trai lí	0		K	베트남에 나는 가르시니아속 관목		클로드 판정(보조 2차 뜻: full의 종 이름을 뭉뚱그린 한 종으로 바꿈 — 학명을 한글로 옮겨 씀)
trai lí	1		A	템부수(동남아시아산)		보조 2차: full의 종 tembusu를 뭉뚱그린 한 종으로 바꿈 — 종 이름으로 씀
tạch	0		A	(작은 폭발에서 나는) 가볍게 갈라지는 소리	부	보조 2차: 영어 뜻풀이가 소리(of a light cracking sound)를 그리는 의성어이므로 부, 한국어도 소리 꼴로
tạp	0		A	조잡한, 저질의		보조 2차: 원문은 low quality; shoddy 뿐이라 접두사 꼴 잡(雜)-은 형용사 칸·원문에 안 맞음
tạp kĩ	0		K	(공연) 잡기 공연, 버라이어티 쇼		클로드 판정(보조 2차 뜻: 원문은 여러 공연 예술을 합친 공연이라 곡예만 가리키는 곡예는 좁고 어긋남)
tấn sĩ	0		K	박사 · (옛 과거 시험) 진사(= tiến sĩ)		클로드 판정(보조 2차 뜻: tiến sĩ 의 뜻은 박사이고, 진사는 조선 과거의 다른 등급이라 어긋남)
tồm tộp	0		K		부	클로드: 품사(보조 2차 품사: 뜻풀이가 sound of chewing food 로 소리를 그리는 의성어이므로 부)
tụi tui	0		R			클로드: 지금 뜻이 맞음(보조 2차 뜻: 원문은 대등한 화자 사이 we/us 뿐인데 듣는 이 제외가 덧붙고 대등한 사이 조건이 빠짐)
uỵch	0		K		부	클로드: 품사(보조 2차 품사: 뜻풀이가 소리를 그리는 의성어(onomatopoeia)이므로 부)
vịt giời	0		R			클로드: 지금 뜻이 맞음(보조 2차 뜻: gloss wigeon(오리속 홍머리오리류)인데 들오리는 뭉뚱그린 말)
vịt trời	0		R			클로드: 지금 뜻이 맞음(보조 2차 뜻: gloss a wigeon인데 들오리는 야생 오리 전체라 종이 다름)
xối xả	0		A	(물줄기가) 세찬, 매우 거센		보조 2차: 형 칸인데 부사 꼴(퍼붓듯)이고 원문 very intensive와 어긋남
ô môi	1		R			클로드: 지금 뜻이 맞음(보조 2차 ?: gloss는 일반 이름 pink shower뿐이고 full(학명)이 없는데 pink shower는 카시아 속 여러 종의 통용 이름이라, ko의 )
Đông Hồ	0		A	(지명) 박닌성 투언타인의 마을, 동호		보조 2차: 원문 Thuận Thành(투언타인)을 타인타인으로 잘못 옮김
Đông Nam Á Vận Hội	0		A	동남아시아 경기 대회		보조 2차: 한국어 칸에 영어(SEA) 남음
Đội ca	0		R			클로드: 지금 뜻이 맞음(보조 2차 ?: 원문 gloss가 역할 이름 조각("the formal role title of")뿐이라 노래라는 ko와 맞대 판단 불가)
đoác	0		K	사탕야자(야자나무의 한 종)		클로드 판정(보조 2차 뜻: 종 이름 대신 뭉뚱그린 말을 씀; full은 Arenga pinnata)
đì đùng	0		K		부	클로드: 품사(보조 2차 품사: 뜻풀이가 연달아 터지는 소리를 그리고 한국어도 부사 꼴(펑펑, 쿵쿵))
đôm đốp	0		K		부	클로드: 품사(보조 2차 품사: 의성어(연달아 나는 소리)를 그리는 뜻풀이이고 한국어도 부사 꼴(짝짝, 탁탁))
đầu ra	0		R			클로드: 지금 뜻이 맞음(보조 2차 뜻: 원문 output에 없는 판로를 덧붙임)
đẳng chu	0		R			클로드: 지금 뜻이 맞음(보조 2차 ?: 원문 isometric인데 한국어 등주는 isoperimetric 용어라 어긋남, 원문만으로 판단 불가)
đỏ cạch	0		K		형	클로드: 품사(보조 2차 품사: = đỏ quạch(형용사)인데 명사로 올라 있고 한국어는 형용사 꼴)
đỏ nọc	0		R			클로드: 지금 뜻이 맞음(보조 2차 뜻: 명사 칸에 '핏빛의'(관형 꼴)가 들어 있어 명사 꼴로 맞춤)
đốp	0		A	딱(크고 날카롭고 깨끗한 소리)	부	보조 2차: 소리를 그리는 의성어이므로 부사, 한국어도 부사 꼴로
đồm độp	0		K		부	클로드: 품사(보조 2차 품사: 소리를 그리는 의성어(Used to describe ... sounds)라 부사)
động vật có xương sống	0		R			클로드: 지금 뜻이 맞음(보조 2차 ?: 원문 Chordata(척삭동물)와 한국어 척추동물(Vertebrata)이 어긋남, 낱말 자체는 척추동물을 뜻함 — 원문만으로 판단 불가)
độp	0		A	퍽(작고 말랑하지만 묵직한 것이 바닥에 부딪힐 때 나는 둔탁한 소리)	부	보조 2차: 소리를 그리는 의성어이므로 부사
ươi	0		R			클로드: 지금 뜻이 맞음(보조 2차 뜻: 원문에 없는 '물에 불리면 부푸는 열매' 설명을 뺌)
ấp ôm	0		K		동	클로드: 품사(보조 2차 품사: = ôm ấp(동사)인데 명사로 올라 있고 한국어는 동사 꼴)
ầm	0		A	우르릉(크고 낮게 울리는 소리)	부	보조 2차: 소리를 그리는 의성어이므로 부사
ồm ồm	0		K		형	클로드: 품사(보조 2차 품사: gloss와 한국어가 형용사('쉰, 걸걸한')인데 부사로 올라 있음)
ở chưng	0		K		전	클로드: 품사(보조 2차 품사: gloss 'at, in'은 전치사 뜻이고 접속사가 아님)
cam	0		A	오렌지(광귤 등)		보조 2차: 원문(Citrus × sinensis, 광귤)에 없는 '귤'이 섞임
cam	1		A	탄고르(귤과 오렌지의 교잡종)(다른 꼴)		보조 2차: 원문은 탄고르(교잡종)인데 '귤의 한 종류'로 뭉뚱그림
hết	2		K		조	클로드: 품사(보조 2차 품사: 원문 제목은 Adverb지만 gloss가 final particle(조사))
mai	3		K	노란 꽃이 피는 오크나과 나무(베트남 설날 꽃)		클로드 판정(보조 2차 뜻: 종 이름이 빠지고 뭉뚱그림; full에 Ochna integerrima)
thị	0		A	누런 감(디오스피로스 데칸드라)		보조 2차: 종 이름 없이 감나무의 한 종으로 뭉뚱그림; full에 Diospyros decandra
cù kỳ	0		R			클로드: 지금 뜻이 맞음(보조 2차 ?: full 없이 species만 있어 원문이 잘림(학명 없음))
cồm	0		A	손발이 서툰, 네발로 기는		보조 2차: 원문 clumsy awkward 가 빠지고 on all fours 만 옮김
dẽ run	0		R			클로드: 지금 뜻이 맞음(보조 2차 ?: full 없이 genus 자리만 있어 원문이 잘림(속 이름 없음))
dẽ run	1		R			클로드: 지금 뜻이 맞음(보조 2차 ?: full 없이 genus 자리만 있어 원문이 잘림(속 이름 없음))
giẽ giun	0		R			클로드: 지금 뜻이 맞음(보조 2차 ?: full 없이 genus 자리만 있어 원문이 잘림(속 이름 없음))
giẽ giun	1		R			클로드: 지금 뜻이 맞음(보조 2차 ?: full 없이 genus 자리만 있어 원문이 잘림(속 이름 없음))
hỏa châu	1		R			클로드: 지금 뜻이 맞음(보조 2차 ?: full 없이 genus 자리만 있어 원문이 잘림(속 이름 없음))
kỳ tôm	0		R			클로드: 지금 뜻이 맞음(보조 2차 ?: full 없이 (species)만 있어 원문이 잘림; 종 이름 확인 불가)
seng	1		R			클로드: 지금 뜻이 맞음(보조 2차 ?: full 없이 (species)만 있어 원문이 잘림(학명 없음))
thin thít	0		K		부	클로드: 품사(보조 2차 품사: gloss completely, utterly 는 부사 뜻(형 제목과 어긋남))
thiên lý	0		R			클로드: 지금 뜻이 맞음(보조 2차 ?: full 없이 (species)만 있어 원문이 잘림; 한국어의 텔로스마·꽃을 먹는 덩굴은 원문에 없어 확인 불가)
trai lý	0		R			클로드: 지금 뜻이 맞음(보조 2차 ?: 원문이 'species species'로 잘려 종을 알 수 없음)
trai lý	1		R			클로드: 지금 뜻이 맞음(보조 2차 ?: 원문이 '(species)'로 잘려 종을 알 수 없음)
tự kỷ	1		K		형	클로드: 품사(보조 2차 품사: 제목은 Adverb이나 gloss 'resembling an introvert'는 형용 뜻)
đạo Da-tô	0		R			클로드: 지금 뜻이 맞음(보조 2차 뜻: 원문은 Christianity뿐인데 천주교(가톨릭)가 덧붙음)
ảnh hậu	0		R			클로드: 지금 뜻이 맞음(보조 2차 ?: 원문은 '가장 사진 잘 받는 여자'인데 ko는 여우주연상 수상자로, 실제 쓰임과 원문이 어긋나 판단 보류)
ảnh đế	0		R			클로드: 지금 뜻이 맞음(보조 2차 ?: 원문은 '가장 사진 잘 받는 남자'인데 ko는 남우주연상 수상자로, 실제 쓰임과 원문이 어긋나 판단 보류)
ái chà chà	0		R			클로드: 지금 뜻이 맞음(보조 2차 ?: 원문 뜻풀이가 '.'뿐이라 판단할 수 없음)
ảo tung chảo	0		A	믿기 어렵다		보조 2차: 형 칸인데 ko가 '느낌'이라는 명사 꼴
ắng họng	0		R			클로드: 지금 뜻이 맞음(보조 2차 ?: 원문 뜻풀이가 '.'뿐이라 판단할 수 없음)
ằng ặc	0		A	꺽꺽 · 캑캑	부	보조 2차: 'Từ mô phỏng âm thanh' 소리 흉내말이므로 부, 꼴도 맞춤
ầm ì	0		A	웅웅 · 우르르	부	보조 2차: 'Từ mô phỏng tiếng động' 소리 흉내말이므로 부
ăm ắp	0		R			클로드: 지금 뜻이 맞음(보조 2차 ?: 원문이 '(láy).'뿐이라 뜻을 알 수 없음)
ăng ẳng	0		K		부	클로드: 품사(보조 2차 품사: 'Nói tiếng chó kêu' 개 울음소리 흉내라 부)
ấn loát phẩm	0		R			클로드: 지금 뜻이 맞음(보조 2차 ?: 원문이 '(lỗi thời) .'뿐이라 판단할 수 없음)
ấm oái	0		A	시끌벅적	부	보조 2차: 'Từ mô phỏng tiếng nói, tiếng kêu' 소리 흉내말이므로 부
ấm êm	0		R			클로드: 지금 뜻이 맞음(보조 2차 ?: 원문이 '(văn chương) .'뿐이라 판단할 수 없음)
ậm oẹ	0		A	웅얼웅얼	부	보조 2차: 'Từ mô phỏng tiếng nói' 소리 흉내말이므로 부
bạch ngọc	0		K	(지명) 하장성 위쑤옌현의 박응옥 사		클로드 판정(보조 2차 ?: 원문 정의가 'H. Vị Xuyên,'로 쪼개진 조각이라 판단 보류)
bạch ngọc	1		K	-		클로드 판정(보조 2차 ?: 원문 정의가 'Hà Giang.'으로 쪼개진 조각이라 판단 보류)
bạch bạch	0		K		부	클로드: 품사(보조 2차 품사: 'Từ mô phỏng tiếng phát ra' 소리 흉내말이므로 부)
bãi miễn	0		R			클로드: 지금 뜻이 맞음(보조 2차 ?: 원문이 '(pháp luật)'뿐이라 뜻풀이가 없음)
bài bạc	0		R			클로드: 지금 뜻이 맞음(보조 2차 ?: 원문이 '(khẩu ngữ)'뿐이라 뜻풀이가 없음)
bán mạng	0		R			클로드: 지금 뜻이 맞음(보조 2차 ?: 원문이 '(khẩu ngữ)'뿐이라 뜻풀이가 없음)
bán trả dần	0		R			클로드: 지금 뜻이 맞음(보조 2차 ?: 원문 뜻풀이가 '.'뿐이라 판단할 수 없음)
bánh xích	0		R			클로드: 지금 뜻이 맞음(보조 2차 뜻: 원문은 사슬과 맞물리는 이 달린 바퀴뿐이라 무한궤도는 덧붙은 뜻)
bảo hòa	0		K	(지명) 동나이성 쑤언록현의 바오호아 사		클로드 판정(보조 2차 ?: 원문 정의가 'Đồng Nai.'로 쪼개진 조각이라 판단 보류)
bảo hòa	1		K	-		클로드 판정(보조 2차 ?: 원문 정의가 'Bảo Hoà (xã) h. Xuân Lộc,'로 쪼개진 조각이라 판단 보류)
bào tộc	0		K	포족(여러 씨족으로 이루어진 원시 사회 조직)		클로드 판정(보조 2차 뜻: 원문은 여러 thị tộc(씨족)로 이루어진 조직인데 ko는 씨족 집단이라 어긋남)
batê	0		R			클로드: 지금 뜻이 맞음(보조 2차 ?: 원문이 '(từ cũ)'뿐이라 뜻풀이가 없음)
bắt phạt	0		R			클로드: 지금 뜻이 맞음(보조 2차 ?: 원문 뜻풀이가 '.'뿐이라 판단할 수 없음)
bấy chày	0		R			클로드: 지금 뜻이 맞음(보조 2차 ?: 원문이 '(từ cũ|văn chương)'뿐이라 뜻풀이가 없음)
be be	1		A	메에	부	보조 2차: 'Tiếng dê kêu' 소리 흉내말이므로 부
béo nung núc	0		R			클로드: 지금 뜻이 맞음(보조 2차 ?: 원문이 '(nhưng ý nhấn mạnh hơn)'뿐인 조각이라 판단 보류)
bèo Nhật Bản	0		R			클로드: 지금 뜻이 맞음(보조 2차 ?: 원문 뜻풀이가 '.'뿐이라 판단할 수 없음)
bì bõm	0		A	첨벙첨벙	부	보조 2차: 'Từ mô phỏng tiếng lội nước' 소리 흉내말이므로 부
binh vực	0		R			클로드: 지금 뜻이 맞음(보조 2차 ?: 원문이 '(dated) .'뿐이라 뜻풀이가 없음)
bĩu môi	0		R			클로드: 지금 뜻이 맞음(보조 2차 ?: 원문 뜻풀이가 '.'뿐이라 판단할 수 없음)
bõm	0		K		부	클로드: 품사(보조 2차 품사: 'Tiếng một vật … rơi xuống nước' 소리 흉내말이므로 부)
boong boong	0		R			클로드: 지금 뜻이 맞음(보조 2차 ?: 원문이 (nhưng ý liên tiếp)뿐인 조각이라 판단 보류)
cá nguyệt	0		K	(옛) 한 달, 개월		클로드 판정(보조 2차 ?: 원문 뜻풀이가 "Tháng." 한 낱말뿐인 쪼개진 조각이라 판단 불가)
cam tuyền	0		K	(지명) 꽝찌성 깜로현의 깜뚜옌 사	고유	클로드 판정(보조 2차 품사: 원문이 지명(Cam Lộ 현)을 가리키는데 품사가 명사로 되어 있음)
cao tuổi	0		A	나이가 많다 · 늙다		보조 2차: 형용사 칸에 명사 고령만 있어 꼴이 안 맞음
chèo bẻo đen	0		R			클로드: 지금 뜻이 맞음(보조 2차 ?: 원문 뜻풀이가 "." 하나뿐이고 생물 이름도 없어 종을 확인할 수 없음)
chim khách	0		K	까치류의 새(검은 깃털에 꼬리가 긺)		클로드 판정(보조 2차 ?: 원문은 찌르레기 크기에 검은 깃털·긴 꼬리 새인데 한국어 까치(검정·흰색)와 같은 새인지 원문만으로 판단 불가)
chim xanh	0		A	소식을 전하는 사람 · 중매인		보조 2차: 원문은 전령·중매인 뜻인데 한국어에 원문에 없는 새 이름 파랑새가 붙음
chưa kể	0		A	아직 언급하지 않은		보조 2차: 형용사 칸인데 한국어가 명사 꼴(~것)
cố nhiên	0		R			클로드: 지금 뜻이 맞음(보조 2차 ?: 원문은 사물의 본래 자연스러운 본질이라는 명사 풀이인데 한국어 당연하다·물론(부사·형용사 쓰임)과 품사 명이 서로 어긋남, 원문만으로 판단 불가)
củ quẳn	0		K		동	클로드: 품사(보조 2차 품사: 원문이 바지를 걷는다는 동작 풀이인데 품사가 명사로 되어 있음, 한국어는 이미 동사 꼴)
dị dưỡng	0		A	타가영양 생물		보조 2차: 원문은 다른 생물을 먹는 생물의 한 종류인데 한국어는 영양 방식 이름만 씀
dịu nhẹ	0		R			클로드: 지금 뜻이 맞음(보조 2차 ?: 원문 뜻풀이가 '.' 하나뿐이라 대조할 수 없음)
dịch mã	0		A	번역하다(단백질 합성)		보조 2차: 동사 칸인데 명사 꼴
dubni	0		A	더브늄(원자 번호 105번 합성 원소)		보조 2차: 정의 문장을 옮겼고 짧은 대응어 더브늄이 있음
dự chiến	0		R			클로드: 지금 뜻이 맞음(보조 2차 ?: 원문 뜻풀이가 '.' 하나뿐이라 대조할 수 없음)
đa tính	0		A	(사회학) 여러 성별에 정서적·성적으로 끌리는		보조 2차: 형용사 칸인데 명사('성적 지향이나 성 정체성') 꼴로 끝남
đẳng tích	1		K		명	클로드: 품사(보조 2차 품사: 뜻풀이가 '과정'(명사)이고 한국어도 명사로 끝남)
đặc cầu	1		A	(속어, 비유) 어리석고 규격에 맞지 않는		보조 2차: 형용사 칸인데 '가리킴' 꼴
đằng hắng	0		R			클로드: 지금 뜻이 맞음(보조 2차 ?: 원문 뜻풀이가 '.' 하나뿐이라 대조할 수 없음)
đẳng nhiệt	0		K		명	클로드: 품사(보조 2차 품사: 뜻풀이가 '과정'(명사)이고 한국어도 명사로 끝남)
đầy dẫy	0		R			클로드: 지금 뜻이 맞음(보조 2차 ?: 원문에 꼬리표뿐이고 뜻풀이가 없음)
đế kinh	0		R			클로드: 지금 뜻이 맞음(보조 2차 ?: 원문에 꼬리표뿐이고 뜻풀이가 없음)
đẹp giai	0		R			클로드: 지금 뜻이 맞음(보조 2차 ?: 원문에 꼬리표뿐이고 뜻풀이가 없음)
để kháng	0		R			클로드: 지금 뜻이 맞음(보조 2차 ?: 원문에 꼬리표뿐이고 뜻풀이가 없음)
địa phủ	0		R			클로드: 지금 뜻이 맞음(보조 2차 ?: 원문에 꼬리표와 '.'뿐이고 뜻풀이가 없음)
ba xị đế	0		K	(방언·구어) 쌀 소주(= rượu đế)		클로드 판정(보조 2차 ?: 원문이 '(phương ngữ|khẩu ngữ)'뿐이라 뜻풀이가 없음)
dửng dưng	0		K	저절로, 절로		클로드 판정(보조 2차 뜻: 부사 칸인데 관형 꼴('생겨난'))
độ dài	0		R			클로드: 지금 뜻이 맞음(보조 2차 ?: 원문 뜻풀이가 '.' 하나뿐이라 대조할 수 없음)
đền bồi	0		R			클로드: 지금 뜻이 맞음(보조 2차 ?: 원문에 꼬리표뿐이고 뜻풀이가 없음)
đương cục	0		R			클로드: 지금 뜻이 맞음(보조 2차 ?: 원문에 꼬리표뿐이고 뜻풀이가 없음)
đơn tính	2		A	(사회학, 드묾) 이성애이거나 생물학적 성이 성 정체성과 일치하는, 동성애와 대립됨		보조 2차: 형용사 칸인데 '사람'(명사)으로 끝남
đường hoàng	0		R			클로드: 지금 뜻이 맞음(보조 2차 ?: 원문 뜻풀이가 '.' 하나뿐이라 대조할 수 없음)
đầu cắt moi	0		K		명	클로드: 품사(보조 2차 품사: 뜻풀이가 '머리 모양'(명사)이라 형용사 제목과 어긋남)
đắm chìm	0		R			클로드: 지금 뜻이 맞음(보조 2차 ?: 원문 뜻풀이가 '.' 하나뿐이라 대조할 수 없음)
đẩy tới	0		K		동	클로드: 품사(보조 2차 품사: 'Xem thúc đẩy'(동사 낱말 참조)인데 한국어도 동사 '추진하다')
điện lạnh	0		K	냉동·공조 설비(분야)		클로드 판정(보조 2차 뜻: 분야를 말하는 뜻풀이인데 설비로 옮겼고 난방은 원문에 없음)
đọc vị	0		A	접시 흔들기 놀이에서 말의 앞뒷면 상태로 결과를 알아맞히는 일		보조 2차: 원문에 없는 '주사위·던지기'가 덧붙음(xóc đĩa는 접시 흔들기)
đọc vị	1		K	(몸짓 등으로) 남의 속마음을 읽다	명	클로드 판정(보조 2차 품사: 뜻풀이가 '능력'(명사)이고 한국어도 명사로 끝남)
ẽo ợt	0		A	(방언) 평소와 달리 목소리를 꾸며 말하는		보조 2차: 형용사 칸인데 '투'(명사)로 끝남
ềnh ệch	0		K	(누운 꼴이) 큰대자로 퍼져 있다		클로드 판정: 베트남어판 원문 = ệch 의 강조, 용례 nằm ềnh ệch ra giữa nhà(집 한가운데 큰대자로 드러눕다) — 불룩하다는 틀림
gà sống	0		R			클로드: 지금 뜻이 맞음(보조 2차 ?: 원문에 꼬리표뿐이고 뜻풀이가 없음)
gà đá	0		R			클로드: 지금 뜻이 맞음(보조 2차 ?: 원문에 꼬리표와 '.'뿐이고 뜻풀이가 없음)
gác bếp	0		A	부엌 선반 · 치워 둠	명	보조 2차: 뜻풀이가 명사('Cái giá')와 동사('Bỏ đi')뿐인데 형용사 칸이고 한국어도 동사 꼴이 섞임
gả chồng	0		R			클로드: 지금 뜻이 맞음(보조 2차 ?: 원문 뜻풀이가 '.' 하나뿐이라 대조할 수 없음)
gậm	0		R			클로드: 지금 뜻이 맞음(보조 2차 ?: 원문에 꼬리표뿐이고 뜻풀이가 없음)
gâu gâu	0		K		부	클로드: 품사(보조 2차 품사: 'Tiếng chó sủa'(소리)이므로 부사(의성어))
gí	2		A	가만히 한곳에 납작 엎드려		보조 2차: 부사 칸인데 관형 꼴('-는')로 끝남
gia cường	0		R			클로드: 지금 뜻이 맞음(보조 2차 ?: 원문에 꼬리표뿐이고 뜻풀이가 없음)
giám	0		A	감독·조사·권한을 나타내는 말	접두	보조 2차: 'Là từ chỉ…'(감독·조사·권한을 가리키는 말)이라 부사가 아니며 동사 '감독하다'도 맞지 않음
góc thước thợ	0		R			클로드: 지금 뜻이 맞음(보조 2차 ?: 원문 뜻풀이가 비어 있어 직각자(자)인지 각인지 판단 불가)
ha hả	0		A	껄껄	부	보조 2차: 뜻풀이가 웃음소리를 그리는 의성어(Từ gợi tả tiếng cười)라 부사
háu ăn	0		A	식탐이 많다 · 게걸스럽다		보조 2차: 먹보이다는 어색한 형태(원문 Tham ăn, phàm ăn)
hắc búa	0		K	(구어) 까다롭다, 풀기 어렵다(= hóc búa)		클로드 판정(보조 2차 ?: 원문 뜻풀이가 비어 있어 거칠다·억세다가 맞는지 판단 불가)
he	2		A	바르보니무스속의 민물고기		보조 2차: 원문에 속(Barbonymus)이 있는데 한 종류로 뭉뚱그려 속 정보가 빠짐
hắt hiu	0		K		동	클로드: 품사(보조 2차 품사: 뜻풀이(Lay động nhè nhẹ)와 한국어가 동사 꼴인데 부사로 되어 있음)
hăng tiết	0		R			클로드: 지금 뜻이 맞음(보조 2차 ?: 원문 뜻풀이가 비어 있어 화가 치밀다가 맞는지 판단 불가)
hiềm oán	0		A	원망하다 · 미워하다(옛)		보조 2차: 동사 칸인데 한국어가 명사(원한·미움)
hề hấn	0		K	(구어, 부정문에서) 해를 입다 (không hề hấn gì 아무 탈 없다)	동	클로드 판정(보조 2차 ?: 원문이 우두머리로 풀이하나 실제 쓰임(해를 입다, 영향받다)과 어긋나 보여 판단 불가)
hình nộ	0		A	딴띤(đàn tính)이라는 현악기를 뜯는 도구		보조 2차: 탄금은 다른 뜻이라 악기 이름이 틀림, 원문은 đàn tính을 뜯는 도구
hoại thư	0		A	괴저가 생기다 · 썩다		보조 2차: 형용사 칸에 명사 괴저만 있어 꼴이 안 맞음
hoà Man	0		R			클로드: 지금 뜻이 맞음(보조 2차 ?: 원문이 앞 문맥에 기댄 조각(고유 칸인데 동사 뜻)이라 판단 불가)
hoàng đới	1		A	황도대(천구에서 황도 양쪽의 띠 모양 구역, 해가 지나는 열두 별자리 포함)		보조 2차: 정의 문장을 옮겼고 짧은 대응어 황도대가 있음
hồng hộc	0		K		형	클로드: 품사(보조 2차 품사: 원문이 Nói 로 상태를 그려 형(소리 흉내 Tiếng 아님))
hợp lý hóa	0		A	합리화(생산 등을 빠르고 낭비 없이 조직하는 방식)		보조 2차: 정의 문장을 어색하게 옮김, 짧은 대응어 합리화가 있음
húng hắng	0		A	가볍게 드문드문 기침하다	형	보조 2차: 원문이 Nói 로 상태를 그려 형, 한국어도 -다 꼴로
hùng hoàng	0		K	계관석(웅황, 붉은 비소 황화 광물)		클로드 판정(보조 2차 뜻: 실제 한국어 이름은 웅황(석황은 일반 이름 아님), 붉은 비소 황화물)
i ôn	1		A	이온		보조 2차: 정의 문장을 옮겼고 짧은 대응어 이온이 있음
hyđrô	0		A	수소(가장 가벼운 원소)		보조 2차: 정의 문장을 옮겼고 짧은 대응어 수소가 있음
ỉ ê	0		A	칭얼칭얼 · 훌쩍훌쩍	부	보조 2차: 뜻풀이가 울음소리를 그리는 말(Từ gợi tả tiếng khóc)이라 부사
karate	0		A	가라테(오키나와 전통 무술)		보조 2차: 정의 문장을 길게 옮겼고 짧은 대응어가 있음
khả	0		A	가능한 · ~할 수 있는		보조 2차: 한국어가 어색하고(이룰 수 있고) 문법이 맞지 않음
kết xuất	0		A	렌더링하다		보조 2차: 정의 문장을 옮겼고 짧은 대응어 렌더링이 있음
khán	0		A	"khán thủ"(마을 순찰 담당)의 줄임말(옛)		보조 2차: 같은 낱말 khán thủ의 뜻(마을 순찰 담당)과 어긋나게 간수로 적음
khanh khách	0		K		부	클로드: 품사(보조 2차 품사: 뜻풀이가 웃음소리를 그리는 말(Từ gợi tả tiếng cười)이라 부사)
kham khổ	0		K		형	클로드: 품사(보조 2차 품사: 뜻풀이(Thiếu thốn; Khổ sở)와 한국어가 형용사 꼴인데 부사로 되어 있음)
khảo luận	0		A	고찰하다 · 논하다		보조 2차: 동사 칸에 명사(논고)가 덧붙음
khe khẽ	0		R			클로드: 지금 뜻이 맞음(보조 2차 ?: gloss가 '(nhưng ý nhấn mạnh)' 조각뿐이라 판단 불가(한국어는 khẽ의 강조 뜻으로 보이나 원문엔 근거 없음))
khét mù	0		K		형	클로드: 품사(보조 2차 품사: 'Nói mùi khét…'로 상태를 그림 → 형)
khẩu truyền	0		A	구전하다	동	보조 2차: gloss가 'Truyền lại cho nhau bằng miệng' 동사 뜻 → 동, 한국어도 동사 꼴
khét nghẹt	0		R			클로드: 지금 뜻이 맞음(보조 2차 ?: gloss가 '(miền Nam) .'뿐이라 뜻 근거 없음)
khi quân	0		K	(옛) 임금을 속이다 · 업신여기다 (tội khi quân 임금을 속인 죄)	동	클로드 판정(보조 2차 둘: gloss 'Khinh vua.'는 동사 뜻인데 명사로 표시됨)
khích tướng	0		K		동	클로드: 품사(보조 2차 품사: 한국어는 동사 꼴(자극하다)인데 형으로 표시됨. 낱말은 동사)
khí thực	0		K	실제 기체(이상 기체와 대비되는, 자연에 실제로 있는 기체)		클로드 판정(보조 2차 뜻: '천연 기체'는 khí thiên nhiên(천연가스)과 혼동됨. gloss는 자연에 실제로 존재하는 기체(실재 기체))
khóa tay	0		R			클로드: 지금 뜻이 맞음(보조 2차 ?: gloss가 'Khoá tay.' 되풀이뿐이고 정의 문장이 쪼개져 다음 칸으로 넘어간 듯함. '수갑을 채우다'는 원문 근거 없음)
khóa xuân	0		R			클로드: 지금 뜻이 맞음(보조 2차 ?: gloss가 '.'뿐이라 뜻 근거 없음)
khố bện	0		A	여러 번 덧대 기운 허리 두르는 천		보조 2차: khố(허리에 두르는 천)는 씨름 샅바가 아님. '샅바'는 khố bao에만 해당
khốc hại	0		K		동	클로드: 품사(보조 2차 품사: gloss 'Gây tai họa lớn'은 동사 뜻인데 부로 표시됨)
khụ	0		K		형	클로드: 품사(보조 2차 품사: 'Nói già yếu quá'로 상태를 그림 → 형)
khúc nhạc	0		R			클로드: 지금 뜻이 맞음(보조 2차 ?: gloss가 '.'뿐이라 뜻 근거 없음(한국어 '곡'은 낱말 뜻으로 그럴듯함))
khử độc	0		A	해독하다 · 독을 없애다		보조 2차: '소독하다'는 독을 없애는 gloss에 없는 뜻(살균)
ki-lô-oát giờ	0		K	킬로와트시(전력량 단위)		클로드 판정(보조 2차 ?: gloss가 '출력이 정해진 …'에서 잘린 조각이라 판단 불가)
kìn kìn	0		A	줄줄이 끊임없이 이어지다	형	보조 2차: 'Nói …'로 상태를 그리는 뜻풀이 → 형 (1차에서 배운 의태어 기준)
lạch tạch	0		A	따닥따닥(작은 폭죽 터지는 소리)	부	보조 2차: 'Tiếng …'(소리) 뜻풀이 → 부
lạch đạch	0		A	걷는 모습이 무겁다	형	보조 2차: 'Nói đi nặng nề'로 모양을 그리는 뜻풀이 → 형
lái buôn	0		A	큰 장사꾼 · 원거리 상인		보조 2차: '중간 상인'은 gloss(큰 장사, 먼 길 장사)에 없는 뜻
lạm	0		A	분수를 넘다 · 남용하다	동	보조 2차: gloss가 'Lấn quá giới hạn…, làm quá quyền hạn' 동사 뜻인데 부로 표시됨
lãi thuần	0		R			클로드: 지금 뜻이 맞음(보조 2차 ?: gloss가 '.'뿐이라 뜻 근거 없음(한국어 '순이익'은 lãi ròng과 같은 말로 보임))
làm mướn	0		R			클로드: 지금 뜻이 맞음(보조 2차 ?: gloss가 '.'뿐이라 뜻 근거 없음)
làm ngơ	0		R			클로드: 지금 뜻이 맞음(보조 2차 ?: gloss가 '.'뿐이라 뜻 근거 없음)
làm xằng	0		R			클로드: 지금 뜻이 맞음(보조 2차 ?: gloss가 '.'뿐이라 뜻 근거 없음)
lảnh	1		A	소리가 높고 맑다	형	보조 2차: 'Nói tiếng cao và trong'으로 상태를 그림 → 형
lạnh gáy	0		R			클로드: 지금 뜻이 맞음(보조 2차 ?: gloss가 '.'뿐이라 뜻 근거 없음)
lạt lẽo	0		R			클로드: 지금 뜻이 맞음(보조 2차 ?: gloss가 '(phương ngữ) .'뿐이라 뜻 근거 없음)
làu làu	0		A	막힘없이 술술 나오다	형	보조 2차: 'Nói đọc hay nói rất trơn tru'로 모양을 그림 → 형
lạo xạo	0		A	사각사각(모래 비벼지는 소리)	부	보조 2차: 'Tiếng …'(소리) 뜻풀이인데 동사로 옮김 → 부
láo lếu	0		R			클로드: 지금 뜻이 맞음(보조 2차 ?: gloss가 '.'뿐이라 뜻 근거 없음)
lặn ngụp	0		K	자맥질하다(물속에 들어갔다 나왔다 하다)		클로드 판정(보조 2차 ?: gloss가 '(hiếm)'뿐이라 뜻 근거 없음('헤엄치다'도 lặn ngụp(잠수)와 어긋나 보임))
lâm học	0		R			클로드: 지금 뜻이 맞음(보조 2차 ?: gloss가 '.'뿐이라 뜻 근거 없음)
lề luật	0		R			클로드: 지금 뜻이 맞음(보조 2차 ?: gloss가 '.'뿐이라 뜻 근거 없음)
lệ luật	0		R			클로드: 지금 뜻이 맞음(보조 2차 ?: gloss가 '(ít dùng) .'뿐이라 뜻 근거 없음)
lệ khệ	0		A	걸음과 움직임이 무겁고 힘겹다	형	보조 2차: 'Nói đi đứng, cử động nặng nề…'로 모양을 그림 → 형
lễ tang	0		R			클로드: 지금 뜻이 맞음(보조 2차 ?: gloss가 '.'뿐이라 뜻 근거 없음)
liến láu	0		A	약삭빠르다 · 날쌔고 영리하다		보조 2차: '재잘대다'는 gloss(Nhanh và tỏ ra tinh khôn, láu lỉnh)에 없는 뜻
lếu	0		K		형	클로드: 품사(보조 2차 품사: 한국어가 형용사 꼴이고 gloss(Hỗn láo, xằng bậy)도 상태 뜻이라 부가 아님)
li tâm	0		R			클로드: 지금 뜻이 맞음(보조 2차 ?: gloss가 '.'뿐이라 뜻 근거 없음)
lìm lịm	0		K	(정신이) 조금 아득해지다		클로드 판정(보조 2차 ?: gloss가 'Hơi lịm'(조금 lịm)뿐이라 판단 불가. '어렴풋하다'는 근거 없음)
liêu điêu	0		A	불빛이 희미하다		보조 2차: 형 칸에 명사 꼴('희미한 불빛'). gloss는 Ánh lửa le lói
long nhong	0		K		부	클로드: 품사(보조 2차 품사: 'Tiếng …'(소리) 뜻풀이 → 부)
lòe bịp	0		R			클로드: 지금 뜻이 맞음(보조 2차 ?: gloss가 '.'뿐이라 뜻 근거 없음)
long tong	0		A	통통(작은 북소리)	부	보조 2차: 'Tiếng trống con'(소리) → 부, 명사 꼴도 소리시늉말로
long tóc gáy	0		A	죽어라 달아나다		보조 2차: 동사 칸에 부사·명사 꼴('~하는 모양으로')
lọt lưới	0		A	(범인이) 법망을 빠져나가다		보조 2차: '그물'만 쓰면 gloss의 핵심(죄지은 자가 추적을 피함)이 빠짐
lỗ đáo	0		A	땅에 판 놀이용 작은 구멍		보조 2차: '구슬치기'는 gloss에 없는 놀이 이름(đánh đáo는 동전 놀이)
lổm ngổm	0		A	엉금엉금 기다	형	보조 2차: 'Nói bò nghênh ngang…'로 모양을 그림 → 형
lụn	1		K		부	클로드: 품사(보조 2차 품사: "Cho đến hết, đến cuối cùng"는 부사 뜻풀이, 한국어도 부사꼴)
lúy	0		K		대	클로드: 품사(보조 2차 품사: "Ngôi thứ hai"는 2인칭 대명사 뜻풀이)
lướt thướt	0		A	(옷이) 너무 길어 질질 끌리다	형	보조 2차: "Nói áo quần dài quá…"는 옷의 상태를 그리는 말이라 부사보다 형용사
mạn đàm	0		A	한담하다 · 담소하다		보조 2차: 동사 칸에 명사 "한담"이 섞임
mạn vàng	0		K		동	클로드: 품사(보조 2차 품사: "Đãi cát tìm vàng"은 동작 뜻풀이, 한국어도 동사꼴)
mãn khóa	0		K		동	클로드: 품사(보조 2차 품사: "Kết thúc một khóa học"는 동작 뜻풀이, 한국어도 동사꼴)
măng sữa	0		K		형	클로드: 품사(보조 2차 품사: "Bé dại"는 상태 뜻풀이, 한국어 "철없이 어리다"도 형용사꼴)
mặn mòi	0		R			클로드: 지금 뜻이 맞음(보조 2차 뜻: "Vị mặn"는 명사 뜻, 형용사 "짭짤하다"는 덧붙은 뜻)
méo xệch	0		K		형	클로드: 품사(보조 2차 품사: "Méo lệch hẳn đi"는 상태 뜻풀이, 한국어도 형용사꼴)
mấy khi	0		A	좀처럼 ~않다		보조 2차: 부사 칸에 명사구 "기회"를 씀, 같은 계열 mấy thuở와 맞춤
mịt mờ	0		K		형	클로드: 품사(보조 2차 둘: "Tối tăm không trông thấy rõ"는 상태 뜻풀이라 부사보다 형용사, 원문에 없는 "막연하다"는 뺌)
móc hàm	0		A	(무게가) 털과 내장을 뺀 도축 상태이다		보조 2차: 형용사 칸에 명사꼴 "도축 무게"를 씀, 원문은 "Nói trọng lượng…"로 무게를 꾸미는 말
mốc xì	0		K		구	클로드: 품사(보조 2차 품사: "Chẳng có một tý, một vật nào"는 절 뜻풀이, 한국어 "아무것도 없다"도 서술구라 명사 칸에 안 맞음)
mới hay	0		A	겪어 보고서야 비로소		보조 2차: 부사 칸인데 한국어가 서술꼴(알다)
một lần	0		A	한 번뿐이다		보조 2차: 형용사 칸인데 한국어가 명사꼴(한 번)
múp míp	0		K		형	클로드: 품사(보조 2차 품사: "Nói béo tròn trùng trục"은 모양을 그리는 말이라 부사 아닌 형용사)
nầm nập	0		A	(사람이) 북적북적하다	형	보조 2차: "Nói người đi rất đông"은 상태를 그리는 말이라 부사 아닌 형용사
nâu non	0		K		명	클로드: 품사(보조 2차 품사: "Màu nâu nhạt"은 명사 뜻풀이, 한국어 "연한 갈색"도 명사꼴)
ngày rằm	0		R			클로드: 지금 뜻이 맞음(보조 2차 ?: 원문이 "Ngày."로 쪼개진 조각이고 품사도 비어 있음 (한국어 "음력 보름날"은 낱말의 실제 뜻으로 보임))
ngặt nghẽo	0		A	숨넘어가듯 웃다(울기도 함)		보조 2차: 형용사 칸에 "모양"이라는 명사꼴로 끝나고 뜻풀이를 문장째 옮김
ngấu	0		A	허겁지겁 덤벼들어		보조 2차: 부사 칸인데 한국어가 서술꼴(먹다)
nghĩa hẹp	0		A	뜻의 범위가 좁다		보조 2차: 형용사 칸에 명사꼴(좁은 뜻, 협의)을 씀
nghìn trùng	0		R			클로드: 지금 뜻이 맞음(보조 2차 ?: 원문 뜻풀이가 비어 있어 판단 불가(품사는 명인데 한국어는 형용사 꼴 섞임))
ngoam ngoáp	0		A	입을 크게 벌리는	형	보조 2차: 'Nói …'로 모양을 그림 → 형(의태), 한국어도 형 꼴로
ngoao	0		K		부	클로드: 품사(보조 2차 품사: 'Tiếng mèo kêu' 소리 흉내 → 부)
ngoại ngạch	0		A	정원 외의		보조 2차: 형 칸에 명사구 '정원 밖'
ngoe	1		K		부	클로드: 품사(보조 2차 품사: 'Tiếng khóc …' 소리 흉내 → 부)
ngoe ngoé	0		K		부	클로드: 품사(보조 2차 품사: 'Tiếng nhái kêu' 소리 흉내 → 부)
ngồng	2		K	높이 불쑥 솟은	형	클로드 판정(보조 2차 품사: 'Nói cao vồng lên' 모양을 그림 → 형(한국어는 이미 -는 꼴))
ngúng nguẩy	0		A	토라져 손발을 휘젓고 고개를 흔들고 홱 돌아서다		보조 2차: 동사 칸에 '~하는 모양'(명사꼴)을 씀
nhay nhay	0		A	무딘 칼로 아무리 썰어도 안 썰리는	형	보조 2차: 'Nói …'로 상태를 그림 → 형(의태), 한국어도 형 꼴로(명사 '모양' 뺌)
nhằng nhằng	1		K	(일이) 질질 끌리는	형	클로드 판정(보조 2차 품사: 'Nói việc gì kéo dài ra' 상태를 그림 → 형(한국어는 이미 -는 꼴))
nhếu nháo	0		A	대충 씹는	형	보조 2차: 'Nói nhai qua loa' 상태를 그림 → 형, 한국어도 형 꼴로
nhồm nhàm	0		A	게걸스레 입 가득 씹는	형	보조 2차: 'Nói nhai đầy mồm…' 상태를 그림 → 형, 한국어도 형 꼴로(명사 '모양' 뺌)
nhúc nhắc	1		K	(구어) 꼼짝하다(= nhúc nhích)		클로드 판정(보조 2차 ?: 원문 뜻풀이가 꼬리표 '(khẩu ngữ)'뿐이고 한국어도 '(구어)'뿐이라 뜻을 판단할 수 없음)
nói miệng	0		K	말로 하다(글이 아니라 입으로)		클로드 판정(보조 2차 ?: 원문 뜻풀이가 비어 있고 '말로만 하다'가 이 낱말의 뜻(말로 하다)인지 확인할 수 없음)
ò e	0		K		부	클로드: 품사(보조 2차 품사: 'Tiếng …' 소리 흉내 → 부)
oác oác	0		K		부	클로드: 품사(보조 2차 품사: 'Tiếng …' 소리 흉내 → 부)
oa oa	0		K		부	클로드: 품사(보조 2차 품사: 'Tiếng …' 소리 흉내 → 부)
o oe	0		K		부	클로드: 품사(보조 2차 품사: 'Tiếng …' 소리 흉내 → 부)
oe oé	0		K		부	클로드: 품사(보조 2차 품사: 'Tiếng …' 소리 흉내 → 부)
oang oác	0		K		부	클로드: 품사(보조 2차 품사: 'Tiếng …' 소리 흉내 → 부)
oàng	0		K		부	클로드: 품사(보조 2차 품사: 'Từ mô phỏng tiếng nổ' 소리 흉내 → 부)
oe oe	0		K		부	클로드: 품사(보조 2차 품사: 'Tiếng khóc …' 소리 흉내 → 부)
oe oe	1		K		부	클로드: 품사(보조 2차 품사: 'Từ mô phỏng tiếng khóc' 소리 흉내 → 부)
ốc lồi	0		K	(방언) 우렁이(= ốc nhồi)		클로드 판정(보조 2차 ?: 원문 뜻풀이가 꼬리표 '(phương ngữ)'뿐이라 '달팽이'가 맞는지 확인할 수 없음)
ống phóng	0		K	(방언) 타구, 침 뱉는 그릇(= ống nhổ)		클로드 판정(보조 2차 ?: 원문 뜻풀이가 꼬리표 '(phương ngữ)'뿐이라 '발사관'이 맞는지 확인할 수 없음)
ồm ộp	0		K		부	클로드: 품사(보조 2차 품사: 'Từ mô phỏng tiếng ếch kêu' 소리 흉내 → 부)
phạch	0		K		부	클로드: 품사(보조 2차 품사: 'Tiếng đập …' 소리 흉내 → 부)
phạng	0		K		동	클로드: 품사(보조 2차 품사: 'như phang'(phang의 다른 꼴)이고 한국어가 동사 꼴이라 명사 칸과 안 맞음)
phản lực	0		A	반작용, 반력		보조 2차: 뜻풀이 문장을 통째로 옮김 → 짧은 대응어로
phản lực	1		A	반동으로 추진되는		보조 2차: 정의 문장을 옮김(괄호의 '제트식'은 원문에 없음)
phản nghịch	0		K		동	클로드: 품사(보조 2차 품사: 제목은 형용사이나 'Chống lại…'는 동사 뜻풀이)
phanh phách	0		K		부	클로드: 품사(보조 2차 품사: 'Từ mô phỏng tiếng…' 의성어는 부)
phân điểm	1		A	춘분 · 추분		보조 2차: 정의 문장을 옮김; 원문은 해와 적도면이 만나 봄·가을이 시작되는 때(춘분·추분)
phân cực	1		A	편광시키다		보조 2차: 뜻풀이 문장을 통째로 옮김 → 대응어로
phân cực	2		A	분극시키다		보조 2차: 뜻풀이 문장을 통째로 옮김 → 대응어로
phân tách	0		K	나누다, 분리하다 · 분석하다		클로드 판정(보조 2차 ?: gloss가 비어 있어 판단 불가; 분석하다는 phân tích 뜻이고 phân tách는 '나누다'일 수 있음)
phân kì	0		K		동	클로드: 품사(보조 2차 품사: 제목은 형용사이나 'Người này tạm xa người kia'는 동사 뜻풀이)
phong nhị	0		K	(꽃술이 아직 그대로인 꽃처럼) 처녀의 순결		클로드 판정(보조 2차 ?: 원문이 예문 조각이라 '꽃술이 싱싱한 꽃'을 뒷받침하지 못함)
phó bản	1		A	인스턴스 던전		보조 2차: 게임 용어 정의 문장을 옮김; 원문이 'instance dungeon' 개념과 같다고 함
pi	0		A	원주율		보조 2차: 정의 문장을 옮김 → 짧은 대응어로
prô-tit	1		A	단백질		보조 2차: 정의 문장을 옮김 → 짧은 대응어로
qua ngày	0		K	하루하루 겨우, 그럭저럭		클로드 판정(보조 2차 ?: gloss('그저 했다고 할 만큼')가 '하루하루 넘기다'를 뒷받침하지 못하고 부사 칸에 동사 꼴이 들어 있어 판단 불가)
quác	0		K		부	클로드: 품사(보조 2차 품사: 'Tiếng gà, vịt kêu' 의성어는 부)
quác	1		A	쿼크		보조 2차: 입자물리학 정의 문장을 옮김 → 낱말 뜻만
quan sát viên	1		A	참관인 · 옵서버		보조 2차: 정의 문장을 옮김 → 짧은 대응어로
quàng quạc	0		K		부	클로드: 품사(보조 2차 품사: 'Từ mô phỏng tiếng kêu' 의성어는 부)
quang quác	0		K		부	클로드: 품사(보조 2차 품사: 'Từ mô phỏng tiếng kêu' 의성어는 부)
quen thân	0		K	(구어) 버릇이 되다(= quen thói, 흔히 꾸짖는 말 끝에 씀)		클로드 판정(보조 2차 ?: gloss가 '(꾸짖는 말로 쓰임)'이라는 쪼개진 조각뿐이라 뜻을 판단할 수 없음)
quầy quậy	0		R			클로드: 지금 뜻이 맞음(보조 2차 ?: gloss가 '(nhưng nghĩa nhấn mạnh hơn)' 조각뿐이고 동사 칸에 부사 꼴 '절레절레'가 들어 있어 판단 불가)
quĩ đạo	0		A	궤도		보조 2차: 정의 문장을 옮김 → 짧은 대응어로
quĩ đạo	1		A	궤도		보조 2차: 정의 문장을 옮김 → 짧은 대응어로
quốc thư	0		A	신임장		보조 2차: 정의 문장을 옮김 → 외교 용어 대응어로
quốc thư	1		A	신임장		보조 2차: 정의 문장을 옮김 → 외교 용어 대응어로
quy chụp	0		K		동	클로드: 품사(보조 2차 품사: 제목은 형용사이나 'quy lỗi cho người khác'는 동사 뜻풀이)
rậm rịch	0		K		부	클로드: 품사(보조 2차 품사: 'Từ gợi tả những tiếng động…' 소리 시늉말은 부)
ren rén	0		R			클로드: 지금 뜻이 맞음(보조 2차 ?: gloss가 '(nhưng ý mức độ nhiều hơn)' 조각뿐이라 뜻을 판단할 수 없음)
rì rỉ	1		K		부	클로드: 품사(보조 2차 품사: 'Từ mô phỏng tiếng kêu, khóc…' 의성어는 부)
ro ro	0		K		부	클로드: 품사(보조 2차 품사: 'Từ mô phỏng những tiếng động…' 의성어는 부)
sầm sầm	0		R			클로드: 지금 뜻이 맞음(보조 2차 품사: gloss가 'Nói đi rất nhanh…'(모양·상태를 그림)이라 의성어 규칙상 형. 한국어는 그대로)
sâm thương	0		A	삼성과 상성 두 별, 비유로 서로 멀리 떨어져 영영 만나지 못하는 사이	명	보조 2차: gloss 주 뜻은 두 별(명사)이고 비유가 덧붙음. 동사 꼴로 비유만 옮겨 두 별 뜻이 빠짐
se chỉ đào	0		K		동	클로드: 품사(보조 2차 품사: 속담 제목이나 gloss(Kết hôn…)는 동사 뜻)
siêu hư cấu	1		A	메타픽션(창작 과정을 스스로 드러내는 글쓰기)		보조 2차: 정의 문장을 옮김. 짧은 대응어 메타픽션 있음
siêu hư cấu	2		A	메타픽션(소설이 소설 자체를 논하는 글쓰기)		보조 2차: 정의 문장을 옮김. 짧은 대응어 메타픽션 있음
siêu hư cấu	3		A	메타픽션(쓰는 과정을 설명·논의하는 글쓰기)		보조 2차: 정의 문장을 옮김. 짧은 대응어 메타픽션 있음
sóng ngầm	0		K		명	클로드: 품사(보조 2차 품사: 속담 제목이나 gloss(Xung đột trong gia đình)는 명사 뜻)
sóng lòng	0		K		형	클로드: 품사(보조 2차 품사: 속담 제목이나 gloss(Lòng còn băn khoăn điều gì)는 상태를 서술하는 뜻)
tạo nét	0		K		동	클로드: 품사(보조 2차 품사: 속담 제목이나 gloss(Chứng tỏ bản thân)는 동사 뜻)
tạo nét	1		K		동	클로드: 품사(보조 2차 품사: 속담 제목이나 gloss(Khoe mẽ)는 동사 뜻)
táng mạng	0		K		동	클로드: 품사(보조 2차 품사: 속담 제목이나 gloss((cổ) chết)는 동사 뜻)
tâng tâng	0		A	통통 튀는		보조 2차: 형용사 칸인데 한국어가 명사 꼴(모양)
tây riêng	0		A	한 사람만의		보조 2차: 형용사 칸인데 한국어가 명사 꼴(몫)
thần hôn	1		A	(옛) 자식이 아침저녁으로 부모를 보살피는 일		보조 2차: 명사 칸인데 한국어가 동사 꼴(보살피다)
thậm thịch	0		A	쿵쿵	부	보조 2차: gloss가 (Âm thanh) 낮고 무거운 소리가 이어짐(의성어)이므로 부. 한국어도 부사 꼴로
thịt heo	0		R			클로드: 지금 뜻이 맞음(보조 2차 ?: 뜻풀이가 비어 있어 원문으로는 확인할 수 없음(한국어 뜻은 통상 뜻과 어긋나 보이지 않음))
thời nay	0		R			클로드: 지금 뜻이 맞음(보조 2차 ?: 뜻풀이가 비어 있어 원문으로는 확인할 수 없음(한국어 뜻은 통상 뜻과 어긋나 보이지 않음))
thù phụng	0		A	술을 권하며 접대하다	동	보조 2차: 품사 제목은 형용사인데 뜻풀이(접대하고 맞이한다는 뜻)는 동사
thù hận	0		R			클로드: 지금 뜻이 맞음(보조 2차 ?: 뜻풀이가 비어 있어 원문으로는 확인할 수 없음(한국어 뜻은 통상 뜻과 어긋나 보이지 않음))
thuần phác	0		R			클로드: 지금 뜻이 맞음(보조 2차 ?: 뜻풀이가 비어 있어 원문으로는 확인할 수 없음(한국어 뜻은 통상 뜻과 어긋나 보이지 않음))
thù tạc	1		R			클로드: 지금 뜻이 맞음(보조 2차 ?: 뜻풀이(형제의 정이 끈끈함)가 표제어 thù tạc와 무관한 다른 낱말 조각으로 보임)
thuế lệ	0		R			클로드: 지금 뜻이 맞음(보조 2차 ?: 뜻풀이가 비어 있어 원문으로는 확인할 수 없음(한국어 뜻은 통상 뜻과 어긋나 보이지 않음))
thùy mị	0		R			클로드: 지금 뜻이 맞음(보조 2차 ?: 뜻풀이가 비어 있어 원문으로는 확인할 수 없음(한국어 뜻은 통상 뜻과 어긋나 보이지 않음))
thư thư	0		R			클로드: 지금 뜻이 맞음(보조 2차 ?: 뜻풀이가 다른 항목을 가리키는 조각(Thư, ngh. 2.)뿐이라 뜻을 확인할 수 없음)
thượng huyền	1		K	-		클로드 판정(보조 2차 ?: 뜻풀이가 앞 뜻풀이의 잘린 조각(음력)이라 독립된 뜻으로 판단할 수 없음)
tích cóp	0		K	조금씩 모으다		클로드 판정(보조 2차 ?: 뜻풀이에 꼬리표(구어)뿐이고 뜻이 없어 판단할 수 없음)
tín dụng thư	0		R			클로드: 지금 뜻이 맞음(보조 2차 ?: 뜻풀이에 꼬리표(ít dùng)뿐이고 뜻이 없어 판단할 수 없음)
tĩnh khí tầng	0		K	(옛) 성층권		클로드 판정(보조 2차 ?: 뜻풀이가 한 문장(지상 몇 km에서 75km까지의 공기층)을 둘로 쪼갠 앞 조각이라 단독으로 판단 불가)
tĩnh khí tầng	1		K	-		클로드 판정(보조 2차 ?: 뜻풀이가 한 문장을 쪼갠 뒤 조각(75km까지, 그 위는 바람 없음)이라 단독으로 판단 불가)
tinh luyện	0		R			클로드: 지금 뜻이 맞음(보조 2차 ?: 뜻풀이가 비어 있어 원문으로는 확인할 수 없음(한국어 뜻은 통상 뜻과 어긋나 보이지 않음))
tinh thạch	0		A	유성체		보조 2차: 뜻풀이는 대기에 들어가 별똥별을 일으키는 우주의 작은 광물 덩어리인데 운석은 땅에 떨어진 것을 가리킴
tốc lực	0		R			클로드: 지금 뜻이 맞음(보조 2차 ?: 뜻풀이가 비어 있어 원문으로는 확인할 수 없음(한국어 뜻은 통상 뜻과 어긋나 보이지 않음))
trả ân	0		R			클로드: 지금 뜻이 맞음(보조 2차 ?: 뜻풀이가 비어 있어 원문으로는 확인할 수 없음(한국어 뜻은 통상 뜻과 어긋나 보이지 않음))
tra xét	0		R			클로드: 지금 뜻이 맞음(보조 2차 ?: 뜻풀이가 비어 있어 원문으로는 확인할 수 없음(한국어 뜻은 통상 뜻과 어긋나 보이지 않음))
trắng chiếu	0		A	이미 패가 드러나 물릴 수 없다(도박)		보조 2차: 한국어가 명사꼴인데 품사는 형. 원문은 패가 이미 공개되어 되돌릴 수 없다는 상태
trận tuyến	0		A	전선		보조 2차: 정의 문장을 그대로 옮김. 짧은 대응어 있음
trận tuyến	1		A	(정치적) 전선 · 연합 조직		보조 2차: 정의 문장을 그대로 옮김
trẻ ranh	1		A	장난스럽고 버릇없다		보조 2차: 정의 문장을 그대로 옮김
trần tình	0		A	사정을 아뢰다		보조 2차: '진정하다'는 마음을 가라앉힌다는 뜻으로 읽혀 원문(윗사람에게 사정을 아룀)과 어긋남
trần trùng trục	0		A	웃통을 벗고 있다		보조 2차: 형 품사에 명사꼴('모양')
trèo trẹo	0		K		부	클로드: 품사(보조 2차 품사: 의성어(소리 흉내)라 부)
tréo ngoe	1		A	다리가 꼬여 곧지 않다		보조 2차: khoeo는 오금(무릎 뒤)이지 정강이가 아님
trống con	0		A	목에 거는 작은 북		보조 2차: 소고는 손에 드는 한국 악기라 '목에 거는 작은 북'이라는 원문과 다름
trộn thư	0		A	편지 병합하다		보조 2차: 동사 칸에 명사꼴. 원문은 '하는 행동'
trung đẳng	0		A	중간 등급에 속하다, (옛) 초등학교 둘째 학급		보조 2차: 원문 lớp nhì는 '둘째 반'이며 2학년이라고 단정할 근거 없음
tu tu	0		K		부	클로드: 품사(보조 2차 품사: 뜻풀이가 소리('Tiếng còi tàu') 흉내라 부)
tũm	0		K		부	클로드: 품사(보조 2차 품사: 뜻풀이가 물에 떨어지는 소리 흉내라 부)
tùm	1		A	풍덩	부	보조 2차: 의성어(소리 흉내)인데 형 품사. 소리를 문장으로 풀어 옮김
tuế sai	1		A	세차 운동(지구 자전축의 원뿔 운동)		보조 2차: 정의 문장을 그대로 옮김. 대응어 세차가 있음
tuế sai	2		A	분점 세차(춘분점이 거꾸로 옮겨 가는 현상)		보조 2차: 정의 문장을 그대로 옮김. 대응어 세차가 있음
u ơ	0		A	작고 끊기는 불분명한 울음소리	부	보조 2차: 의성어('Từ mô phỏng tiếng')인데 형 품사. 설명을 문장으로 옮김
u ơ	1		K		부	클로드: 품사(보조 2차 품사: 의성어('Từ mô phỏng tiếng')라 부)
tương tế	0		A	서로 돕는		보조 2차: 형 품사에 명사('조직')를 붙임
u u	0		K		부	클로드: 품사(보조 2차 품사: 의성어('Từ mô phỏng âm thanh')라 부)
uốn khúc	1		A	직선이 아니다		보조 2차: 형 품사에 명사꼴('것')
uỳnh uỵch	0		K		부	클로드: 품사(보조 2차 품사: 의성어('Từ mô phỏng tiếng')라 부)
ục	3		A	퍽(터지거나 깨질 때의 둔탁한 소리)	부	보조 2차: 의성어('Từ mô phỏng tiếng')인데 형 품사. 문장째 옮김
ư ử	0		K		부	클로드: 품사(보조 2차 품사: 의성어('Từ mô phỏng tiếng')라 부)
ừng ực	0		K		부	클로드: 품사(보조 2차 품사: 의성어('Từ mô phỏng tiếng')라 부)
ưu thương	2		A	슬프고 아프다		보조 2차: 형 품사에 설명하는 말(명사꼴). 원문은 우=슬픔, 상=아픔
vanh vánh	0		K	(외우거나 말하는 것이) 또렷하고 막힘없다		클로드 판정(보조 2차 ?: 원문이 'Xem tất cả'뿐이라 판단 불가. 한국어 '모두'는 형 품사와도 안 맞음)
vi vút	0		K		부	클로드: 품사(보조 2차 품사: 의성어('Từ mô phỏng tiếng')라 부)
vu hồi	1		A	우회 작전을 하다		보조 2차: 정의 문장을 옮겼고 동사 칸에 명사꼴('작전')로 끝남
vướng víu	0		A	얽혀서 거치적거리다		보조 2차: 동사 칸인데 한국어가 형용사('거추장스럽다'). 원문은 '얽혀서 방해가 됨'
xóc dĩa	0		R			클로드: 지금 뜻이 맞음(보조 2차 ?: 원문에 꼬리표 '(Miền Nam)'만 있고 뜻풀이가 없어 판단 불가)
xung huyết	0		R			클로드: 지금 뜻이 맞음(보조 2차 ?: 원문 뜻풀이가 '.' 뿐이라 판단 불가)
xui giục	0		R			클로드: 지금 뜻이 맞음(보조 2차 ?: 원문에 꼬리표 '(ít dùng)'만 있고 뜻풀이가 없어 판단 불가)
ậm à ậm ạch	0		R			클로드: 지금 뜻이 맞음(보조 2차 ?: 원문이 '(nhưng ý mức độ nhiều)' 조각뿐이라 판단 불가)
ấm a ấm ớ	0		R			클로드: 지금 뜻이 맞음(보조 2차 ?: 원문 뜻풀이가 '.' 뿐이라 판단 불가)
bãi bể nương dâu	0		R			클로드: 지금 뜻이 맞음(보조 2차 ?: 원문에 꼬리표 '(cũ|văn chương) .'만 있고 뜻풀이가 없어 판단 불가)
bán tống bán táng	0		R			클로드: 지금 뜻이 맞음(보조 2차 ?: 원문에 꼬리표 '(khẩu ngữ)'만 있고 뜻풀이가 없어 판단 불가)
bạt vía kinh hồn	0		R			클로드: 지금 뜻이 맞음(보조 2차 ?: 원문이 '(nhưng nghĩa mạnh hơn)' 조각뿐이라 판단 불가)
bố láo bố lếu	0		R			클로드: 지금 뜻이 맞음(보조 2차 ?: 원문이 '(nhưng nghĩa mạnh hơn)' 조각뿐이라 판단 불가)
biết tỏng tòng tong	0		R			클로드: 지금 뜻이 맞음(보조 2차 ?: 원문이 '(nhưng ý nhấn mạnh hơn)' 조각뿐이라 판단 불가)
cầm đuốc chơi đêm	0		R			클로드: 지금 뜻이 맞음(보조 2차 ?: 원문에 꼬리표 '(không còn dùng) .'만 있고 뜻풀이가 없어 한국어 뜻 판단 불가)
cắm đầu cắm cổ	0		R			클로드: 지금 뜻이 맞음(보조 2차 ?: 원문이 '(nhưng nghĩa mạnh hơn)' 조각뿐이라 판단 불가)
cằn nhà cằn nhằn	0		R			클로드: 지금 뜻이 맞음(보조 2차 ?: 원문이 '(nhưng ý liên tiếp và kéo dài)' 조각뿐이라 판단 불가)
chậm chà chậm chạp	0		R			클로드: 지금 뜻이 맞음(보조 2차 ?: 원문이 '(Nhưng nghĩa nhẫn mạnh hơn)' 조각뿐이라 판단 불가)
chập chà chập chờn	0		R			클로드: 지금 뜻이 맞음(보조 2차 ?: 원문이 '(nhưng ý liên tiếp và kéo dài hơn)' 조각뿐이라 판단 불가)
con hư tại mẹ	0		R			클로드: 지금 뜻이 맞음(보조 2차 ?: 원문 뜻풀이가 '.' 뿐이라 판단 불가)
chuột sa hũ nếp	0		R			클로드: 지금 뜻이 맞음(보조 2차 ?: 원문 뜻풀이가 '(nghĩa bóng) .' 뿐이라 판단 불가)
chó săn chim mồi	0		R			클로드: 지금 뜻이 맞음(보조 2차 ?: 원문에 꼬리표 '(Từ cũ)'만 있고 뜻풀이가 없어 판단 불가)
cốt nhục tử sinh	0		R			클로드: 지금 뜻이 맞음(보조 2차 ?: 원문은 출전('Do chữ sinh tử nhục cốt. Tả Truyện.')만 있고 뜻풀이가 없어 한국어 '은혜가 큼'을 판단 불가)
cơm áo gạo tiền	0		R			클로드: 지금 뜻이 맞음(보조 2차 ?: 원문이 '(nhưng nghĩa mạnh hơn)' 조각뿐이라 판단 불가)
cưỡi đầu cưỡi cổ	0		R			클로드: 지금 뜻이 맞음(보조 2차 ?: 원문이 '(nhưng nghĩa mạnh hơn)' 조각뿐이라 판단 불가)
dở hơi dở hồn	0		R			클로드: 지금 뜻이 맞음(보조 2차 ?: 원문이 '(Nhưng nghĩa nhấn mạnh hơn)' 조각뿐이라 품사·뜻 판단 불가)
đứt ruột đứt gan	0		R			클로드: 지금 뜻이 맞음(보조 2차 ?: 원문에 꼬리표 '(khẩu ngữ)'만 있고 뜻풀이가 없어 판단 불가)
độ lệch tiêu chuẩn	0		R			클로드: 지금 뜻이 맞음(보조 2차 ?: 원문 뜻풀이가 '(Toán học) .' 뿐이라 판단 불가)
gà sống nuôi con	0		R			클로드: 지금 뜻이 맞음(보조 2차 ?: 원문 뜻풀이가 '(miền Bắc|nghĩa bóng) .' 뿐이라 판단 불가)
học thêm học nếm	0		R			클로드: 지금 뜻이 맞음(보조 2차 ?: 원문이 '(nhưng nghĩa nhấn mạnh hơn…)' 조각뿐이라 판단 불가)
góc biển chân trời	0		R			클로드: 지금 뜻이 맞음(보조 2차 ?: 원문에 꼬리표 '(văn chương)'만 있고 뜻풀이가 없어 판단 불가)
kẻ Việt người Tần	0		R			클로드: 지금 뜻이 맞음(보조 2차 ?: 원문 뜻풀이가 'Việt.' 한 단어뿐이라 판단 불가)
khập khà khập khiễng	0		R			클로드: 지금 뜻이 맞음(보조 2차 ?: 원문 뜻풀이가 '.' 뿐이라 판단 불가)
hồng nhan bạc phận	0		R			클로드: 지금 뜻이 맞음(보조 2차 ?: 원문이 '(ng1).' 참조 표시뿐이라 판단 불가)
kĩ thuật lâm sinh	0		R			클로드: 지금 뜻이 맞음(보조 2차 ?: 원문 뜻풀이가 '.' 뿐이라 판단 불가)
kĩ thuật di truyền	0		R			클로드: 지금 뜻이 맞음(보조 2차 ?: 원문 뜻풀이가 '.' 뿐이라 판단 불가)
láu tôm láu cá	0		R			클로드: 지금 뜻이 맞음(보조 2차 ?: 원문이 '(nhưng nghĩa nhấn mạnh hơn)' 조각뿐이라 판단 불가)
lanh cha lanh chanh	0		R			클로드: 지금 뜻이 맞음(보조 2차 ?: 원문이 '(nhưng nghĩa nhấn mạnh hơn)' 조각뿐이라 판단 불가)
lau cha lau chau	0		R			클로드: 지금 뜻이 맞음(보조 2차 ?: 원문이 '(Nhưng nghĩa nhấn mạnh hơn)' 조각뿐이라 판단 불가)
lằng nhà lằng nhằng	0		R			클로드: 지금 뜻이 맞음(보조 2차 ?: 원문이 '(nhưng ý mức độ nhiều)' 조각뿐이라 판단 불가)
lử đử lừ đừ	0		R			클로드: 지금 뜻이 맞음(보조 2차 ?: 원문 뜻풀이가 '.' 뿐이라 판단 불가)
má hồng mệnh mỏng	0		R			클로드: 지금 뜻이 맞음(보조 2차 ?: 원문이 '(ng2).' 참조 표시뿐이라 판단 불가)
mình đồng da sắt	0		R			클로드: 지금 뜻이 맞음(보조 2차 ?: 원문 뜻풀이가 '.' 뿐이라 판단 불가)
nẫu ruột nhầu gan	0		R			클로드: 지금 뜻이 맞음(보조 2차 ?: 원문이 '(nhưng ý nhấn mạnh hơn)' 조각뿐이라 판단 불가)
ngón tay đeo nhẫn	0		R			클로드: 지금 뜻이 맞음(보조 2차 ?: 원문 뜻풀이가 '.' 뿐이라 판단 불가)
nhân giống chọn lọc	0		R			클로드: 지금 뜻이 맞음(보조 2차 ?: 원문 뜻풀이가 '.' 뿐이라 판단 불가)
nhấp nha nhấp nháy	0		R			클로드: 지금 뜻이 맞음(보조 2차 ?: 원문이 '(nhưng ý liên tiếp và mức độ nhiều)' 조각뿐이라 판단 불가)
nguyên sinh động vật	0		R			클로드: 지금 뜻이 맞음(보조 2차 ?: 원문 뜻풀이가 '.' 뿐이라 판단 불가)
núng na núng nính	0		R			클로드: 지금 뜻이 맞음(보조 2차 ?: 원문이 '(nhưng mức độ nhiều hơn)' 조각뿐이라 판단 불가)
ông tơ bà nguyệt	0		R			클로드: 지금 뜻이 맞음(보조 2차 ?: 원문 뜻풀이가 '.' 뿐이라 판단 불가)
quan san cách trở	0		R			클로드: 지금 뜻이 맞음(보조 2차 ?: 원문 뜻풀이가 '.' 뿐이라 판단 불가)
quạ đội lốt công	0		R			클로드: 지금 뜻이 맞음(보조 2차 ?: 원문 뜻풀이가 '.' 뿐이라 판단 불가)
rày đây mai đó	0		R			클로드: 지금 뜻이 맞음(보조 2차 ?: 원문 뜻풀이가 '.' 뿐이라 판단 불가)
rối rít tít mù	0		R			클로드: 지금 뜻이 맞음(보조 2차 ?: 원문이 '(nhưng nghĩa mạnh hơn)' 조각뿐이라 판단 불가)
rối tinh rối mù	0		R			클로드: 지금 뜻이 맞음(보조 2차 ?: 원문이 '(nhưng nghĩa mạnh hơn)' 조각뿐이라 판단 불가)
rộng chân rộng cẳng	0		R			클로드: 지금 뜻이 맞음(보조 2차 ?: 원문이 '(nhưng ý nhấn mạnh hơn)' 조각뿐이라 판단 불가)
rộng huếch rộng hoác	0		R			클로드: 지금 뜻이 맞음(보조 2차 ?: 원문이 '(nhưng ý mức độ nhiều hơn)' 조각뿐이라 판단 불가)
tả xông hữu đột	0		R			클로드: 지금 뜻이 맞음(보조 2차 ?: 원문에 꼬리표 '(từ cũ)'만 있고 뜻풀이가 없어 판단 불가)
tá hoả tam tinh	0		R			클로드: 지금 뜻이 맞음(보조 2차 ?: 원문 뜻풀이가 '(phương ngữ|khẩu ngữ) .' 뿐이라 판단 불가)
tái xanh tái xám	0		R			클로드: 지금 뜻이 맞음(보조 2차 ?: 원문 뜻풀이가 '.' 뿐이라 판단 불가)
thất đảm kinh hồn	0		R			클로드: 지금 뜻이 맞음(보조 2차 ?: 원문에 꼬리표 '(từ cũ) .'만 있고 뜻풀이가 없어 판단 불가)
tím ruột bầm gan	0		R			클로드: 지금 뜻이 맞음(보조 2차 ?: 원문 뜻풀이가 '.' 한 글자뿐이라 대조할 근거가 없음)
tí ta tí toét	0		R			클로드: 지금 뜻이 맞음(보조 2차 ?: 원문 뜻풀이가 '(nhưng ý nhấn mạnh hơn)' 조각뿐이라 대조할 근거가 없음)
tí toe tí toét	0		R			클로드: 지금 뜻이 맞음(보조 2차 ?: 원문 뜻풀이가 '(hiếm)' 조각뿐이라 대조할 근거가 없음)
tía lia tía lịa	0		R			클로드: 지금 뜻이 맞음(보조 2차 ?: 원문 뜻풀이가 '(nhưng ý mức độ nhiều)' 조각뿐이라 대조할 근거가 없음)
u u minh minh	0		R			클로드: 지금 뜻이 맞음(보조 2차 ?: 원문 뜻풀이가 '(ng1; nhưng ý nhấn mạnh hơn)' 조각뿐이라 대조할 근거가 없음)
ưỡn a ưỡn ẹo	0		R			클로드: 지금 뜻이 맞음(보조 2차 ?: 원문 뜻풀이가 '(nhưng ý mức độ nhiều hơn)' 조각뿐이라 대조할 근거가 없음)
ưỡn à ưỡn ẹo	0		R			클로드: 지금 뜻이 맞음(보조 2차 ?: 원문 뜻풀이가 '.' 한 글자뿐이라 대조할 근거가 없음)
ụt à ụt ịt	0		R			클로드: 지금 뜻이 맞음(보조 2차 ?: 원문 뜻풀이가 '(nhưng ý mức độ nhiều và liên tiếp)' 조각뿐이라 대조할 근거가 없음)
vô duyên vô dạng	0		R			클로드: 지금 뜻이 맞음(보조 2차 ?: 원문 뜻풀이가 '(nhưng nghĩa mạnh hơn)' 조각뿐이라 대조할 근거가 없음)
vận tốc căn quân phương	0		R			클로드: 지금 뜻이 맞음(보조 2차 ?: 원문 뜻풀이가 '(vật lý) .' 뿐이라 대조할 근거가 없음)
bí thơ	0		R			클로드: 지금 뜻이 맞음(보조 2차 ?: 원문 뜻풀이가 '(phương ngữ)' 조각뿐이라 대조할 근거가 없음 ('서기'는 원문에 없음))
đỏ chon chót	0		R			클로드: 지금 뜻이 맞음(보조 2차 ?: 원문 뜻풀이가 '(nhưng nghĩa mạnh hơn)' 조각뿐이라 대조할 근거가 없음)
hành chánh	0		R			클로드: 지금 뜻이 맞음(보조 2차 ?: 원문 뜻풀이가 '(chiefly|southern Vietnam)' 꼬리표뿐이라 뜻을 대조할 근거가 없음)
hợi	0		R			클로드: 지금 뜻이 맞음(보조 2차 ?: 원문 뜻풀이가 '.' 한 글자뿐이라 대조할 근거가 없음)
mân đàn	0		R			클로드: 지금 뜻이 맞음(보조 2차 ?: 원문 뜻풀이가 '.' 한 글자뿐이라 대조할 근거가 없음)
õng a õng ẹo	0		R			클로드: 지금 뜻이 맞음(보조 2차 ?: 원문 뜻풀이가 '(nhưng ý mức độ nhiều hơn)' 조각뿐이라 대조할 근거가 없음)
tuất	0		R			클로드: 지금 뜻이 맞음(보조 2차 ?: 원문 뜻풀이가 '.' 한 글자뿐이라 대조할 근거가 없음)
ba bó một giạ	0		K	(속담) 볏단 셋에 벼 한 말 — 일한 만큼 반드시 좋은 결과가 남, 풍작		클로드 판정(보조 2차 ?: 원문이 쪼개진 조각('Ng. (giạ là…'))
ba bó một giạ	1		K	-		클로드 판정(보조 2차 ?: 원문이 쪼개진 조각('Lít) ý nói…'))
bì bà bì bõm	0		R			클로드: 지금 뜻이 맞음(보조 2차 ?: 원문이 '(nhấn mạnh hơn từ bì bõm)' 조각뿐이라 품사(동)·뜻 판단 불가; 한국어는 부사형)
bổ túc tay lái	0		A	(운전 감을 되찾기 위해) 운전 보충 연습을 하다		보조 2차: 동사 칸인데 한국어가 명사꼴
cao sơn lưu thủy	0		K		명	클로드: 품사(보조 2차 품사: 뜻풀이가 이름이 아닌 일반 명사('높은 산과 깊은 못'))
cao sơn lưu thủy	1		K		명	클로드: 품사(보조 2차 품사: 뜻풀이가 이름이 아닌 일반 명사(경치))
các cụ có câu	0		K		구	클로드: 품사(보조 2차 품사: 뜻풀이가 접두사가 아니라 '옛 어른들 말씀이'라는 구)
chiến lược quân sự	0		A	군사 전략		보조 2차: 정의 문장을 통째로 옮김
chiến lược quân sự	1		A	군사 전략(군사술의 주요 분야)		보조 2차: 정의 문장을 통째로 옮김, 'nghệ thuật quân sự'를 군사 기술로 옮겨 어긋남
chế độ chuyên chế	0		A	전제 정치		보조 2차: '학정'은 원문(권력이 한 사람에게 있는 정치 형태)에 없는 뜻
công nghệ tri thức	0		A	지식 공학(정보를 처리해 지식으로 만드는 연구 분야)		보조 2차: 정의 문장을 통째로 옮김
công nghệ tri thức	1		A	지식 공학(지식을 컴퓨터 시스템에 통합하는 기술 분야)		보조 2차: 정의 문장을 통째로 옮김
hổ báo cáo chồn	0		K	(해학) 깡패처럼 거칠게 구는		클로드 판정(보조 2차 ?: 원문 뜻풀이가 '(hài hước) .' 뿐이라 판단 불가(한국어 뜻풀이는 근거 없음))
hải âu cổ rụt	0		R			클로드: 지금 뜻이 맞음(보조 2차 ?: 원문이 'thuộc chi ,'로 속(屬) 이름이 잘려 있고 full도 없어 판단 불가)
hải âu cổ rụt Đại Tây Dương	0		A	대서양 퍼핀		보조 2차: hải âu cổ rụt은 퍼핀인데 '바다오리'(Uria)로 옮겨 종이 어긋남
khoan hỡi hồ khoan	0		A	(뱃사공·일꾼이 일하며 외치는) 어기여차	부	보조 2차: 뜻풀이가 Tiếng hò …(소리 말)이므로 품사는 부
lò lửa mũi lông	0		A	격문을 빠르고 급하게 전하다		보조 2차: 원문에 없는 '(횃불·연기로)'가 덧붙음
lực lượng vũ trang	0		A	무장 병력		보조 2차: '무장 세력'은 반군 등 무장 단체로 읽혀 원문(국가의 전투 군사 조직)과 어긋남
ò e í e	0		A	장례 나팔 소리를 흉내 내는 말	부	보조 2차: 뜻풀이가 'Tiếng 소리'(의성어)이므로 품사는 부
rì rà rì rầm	0		A	소곤소곤	부	보조 2차: 뜻풀이가 'Từ mô phỏng tiếng …'(소리를 흉내 낸 말)이므로 품사는 부
tao khang chi thê	1		K	-		클로드 판정(보조 2차 ?: 원문이 어원 설명 조각이며 'thức ăn kham kh'에서 잘려 있어 판단 불가)
vương tằng tôn nữ	0		A	왕위 계승자의 손녀에게 주는 작위 (유럽 왕실)		보조 2차: 원문은 '저군(왕위 계승자)의 손녀'를 위한 작위인데 '왕가의 증손녀'는 원문에 없는 풀이
một lúc	0		K		부	클로드: 품사(보조 2차 품사: 원문은 '어떤 정해진 시간을 가리키는 말'로 형용사 뜻이 아니고, 한국어 '한동안, 잠시'도 부사 꼴)
thông tầm	1		K	-		클로드 판정(보조 2차 ?: 원문 뜻풀이가 'Giờ sáng đến.' 조각이라 대조할 근거가 없음 (한 항목의 정의가 칸마다 쪼개진 것))
thông tầm	2		K	-		클로드 판정(보조 2차 ?: 원문 뜻풀이가 'Giờ.' 한 낱말 조각이라 대조할 근거가 없음)
thông tầm	3		K	-		클로드 판정(보조 2차 ?: 원문 뜻풀이가 'Chiều giữa có nửa giờ nghỉ.' 조각이라 대조할 근거가 없음)
âu	4		A	아마도, 필시		보조 2차: 부사 칸인데 한국어가 서술어 꼴('그럴 것이다')
á	2		A	두 번째인		보조 2차: 형용사 칸에 명사 '둘째'
â	0		A	베트남 문자의 셋째 글자, '어'에 가깝게 발음		보조 2차: 원문은 'ớ'(어 소리)에 가깝다고 하는데 '으'는 맞지 않음
chí tái, chí tam	0		A	두세 번에 이르도록		보조 2차: 부사 칸인데 한국어가 동사 꼴('이르다')
đại	3		K		부	클로드: 품사(보조 2차 품사: 한국어 '더없이, 매우'는 부사 꼴이고 원문도 '매우, 극히'의 정도 뜻이라 형용사가 아님)
kiệt	0		A	남김없이, 모조리		보조 2차: 부사 칸인데 한국어가 동사 꼴('다하다')
mông	2		K	-		클로드 판정(보조 2차 ?: 원문 뜻풀이가 'Tên gọi của một trong số.' 조각이라 대조할 근거가 없음)
quyên	0		K	(문학) 두견새 · 뜸부기(= chim cuốc)		클로드 판정(보조 2차 ?: 원문 'chim cuốc'(뜸부기류로 풀리는 새)와 '두견새'(뻐꾸기류)가 같은 새인지 원문만으로 판단할 수 없음)
quách	2		K	운향과의 나무(우드애플)		클로드 판정(보조 2차 ?: 원문 뜻풀이에 학명이 빠져 있고 'họ Cửu lý hương'을 '구리향과'로 옮긴 것이 맞는지 판단할 수 없음)
quế	0		A	녹나무과 나무, 껍질이 향긋하고 매워 약으로 쓴다, 육계나무		보조 2차: 원문은 녹나무과의 약재 나무인데 '계수나무'는 한국어에서 녹나무과가 아닌 다른 나무라 어긋남
thà	0		A	차라리		보조 2차: 부사 칸인데 뜻풀이 문장을 옮겼고 짧은 대응어 '차라리'가 있음
sình sịch	0		K		부	클로드: 품사(보조 2차 품사: 원문이 'Tiếng động…'(소리)로 의성어이므로 부)
thiên lôi	0		A	(민간 신앙) 천둥·번개를 일으키는 신		보조 2차: 원문에 없는 '도끼'가 덧붙었고 '천뢰'는 신 이름으로 맞지 않음
tùng	1		K		부	클로드: 품사(보조 2차 품사: 원문이 'Tiếng trống cái'(북소리)로 의성어이므로 부)
toe	0		K		부	클로드: 품사(보조 2차 품사: 원문이 'Tiếng còi, tiếng kèn'(소리)으로 의성어이므로 부)
thông tầm	0		K	(일을) 아침부터 오후까지 이어서 하는(중간에 반 시간만 쉼)		클로드 판정: 원문 한 정의가 네 칸으로 쪼개짐(Nói lao động mỗi ngày liền một buổi. Giờ sáng đến. Giờ. Chiều giữa có nửa giờ nghỉ.) — 하나로 합치고 나머지 칸은 뺌
