gáy	목덜미 · (책) 등 · (닭이) 울다
gân	힘줄 · (잎의) 잎맥
gâu	멍멍(개 짖는 소리)
gây	일으키다, 야기하다 · 만들어 내다
gầm	포효하다 · (침대 등의) 밑
gần	가까운 · 거의
gầu	(소의) 차돌박이 · 비듬(= gàu)
gầy	마른, 여윈
gấc	각(붉은 열매, 목별자)
gấm	비단(무늬 비단)
gấp	급한 · 접다
gấu	곰 · 애인(속어) · (옷) 단
gấy	-
gẫm	곰곰이 생각하다
gẫu	한가롭게(tán gẫu 수다)
gẫy	부러진(= gãy)
gẩm	-
gã	녀석, 그 작자(낮잡음)
gãi	긁다
gãy	부러진
găm	핀 · 찌르다, 꽂다 · (물건을) 쟁여 두다
găng	장갑 · 팽팽한, 긴장된
gằn	(목소리가) 거친
gắm	-
gắn	붙이다, 달다 · 잇다
gắng	애쓰다
gắp	(젓가락·집게로) 집다 · 집게
gắt	꾸짖다 · (볕·맛이) 강한 · 신경질적인
gả	시집보내다
gảy	(현악기를) 뜯다
gạ	꾀다, 조르다
gạc	(사슴) 뿔 · 거즈
gạch	벽돌 · 타일 · 줄을 긋다 · 줄표
gạn	(찌꺼기를) 걸러 내다 · 캐묻다
gạt	밀어내다 · 닦아 내다 · (스위치를) 켜고 끄다 · 속이다
gập	접다, 닫다
gật	(고개를) 끄덕이다
gậy	지팡이, 막대기
gặc	끄덕이다(= gật)
gặm	갉아 먹다
gặng	캐묻다
gặp	만나다
gặt	(벼를) 베다, 수확하다
gen	유전자
ghe	(작은) 배
ghen	질투하다
ghè	작은 항아리 · 두들겨 패다(구어)
ghèn	눈곱
ghé	잠깐 들르다
ghém	생채소
ghép	잇다, 붙이다 · 접붙이다
ghét	미워하다, 싫어하다 · 때
ghê	무서운 · 징그러운 · 몹시
ghềnh	여울(급류)
ghế	의자
ghếch	(발을) 올려 걸치다
ghẽ	-
ghẻ	옴(피부병) · 딱지 · 형편없는(속어)
ghẹ	꽃게 · (남의 것에) 빌붙다
ghẹo	놀리다, 집적대다
ghệ	여자 친구(남부 구어)
ghệt	각반
ghi	적다, 기록하다 · 회색
ghiền	중독되다(중·남부)
ghim	핀, 클립 · 핀으로 꽂다
ghì	꽉 껴안다, 꽉 잡다
ghìm	(말을) 붙잡다 · (감정을) 억누르다
ghín	-
gi	자음 gi(글자 이름)
giai	-
giam	가두다, 구금하다
gian	칸, 방 · 간사한, 부정직한
giao	넘겨주다, 배달하다 · 패스하다 · 교집합
già	늙은 · 노련한 · 너무 익은
giàn	시렁, 덩굴 받침 · 선반 · 비계
Giàng	하늘 신(소수민족 신앙)
giành	다투어 차지하다, 쟁취하다
giày	신발, 구두 · 짓밟다
giá	값, 가격 · 숙주나물 · 선반
giái	-
gián	바퀴벌레 · 간첩(= gián điệp)
giáng	(음악) 플랫 · (벌을) 내리다
giáo	창 · 종교 · 가르치다(합성어)
Giáp	갑(천간의 첫째)
Giáy	자이족(베트남 소수민족)
giâm	꺾꽂이하다
giâu	-
giây	초(시간) · 줄(= dây)
giầm	노(메콩 델타 방언)
giần	체 · 체질하다
giầu	부유한(= giàu)
giầy	신발(= giày)
giấm	식초
giấu	숨기다
giấy	종이 · 휴지
giẫm	밟다
giã	찧다, 빻다 · (술을) 깨게 하다 · 작별하다(옛)
giãi	(속마음을) 털어놓다
giãn	느슨해진 · 늘어나다 · 이완하다
giãy	버둥거리다 · (뜨거워) 움찔하다
Giăng	요한(= Gio-an)
giằm	으깨다
giằng	잡아채다 · 당기다
giắt	꽂다, 끼우다
giả	가짜의 · 인조의 · ~인 척하다
giải	상 · 대회 · 풀다, 해결하다
giảm	줄다, 줄이다
giảng	설명하다, 강의하다
giảnh	(귀를) 쫑긋하다
giạ	되(곡식 되는 그릇, 중·남부)
giại	(대나무) 가리개
giạng	(다리를) 벌리다
giạt	떠밀려 가다
giạy	-
giậm	발을 구르다, 밟다
giận	화나다
giập	멍이 들다, 짓이겨지다
giật	잡아당기다 · 움찔하다 · (상을) 타다
giậu	울타리
giặc	적, 침략자
giặt	빨다, 세탁하다
gieo	(씨를) 뿌리다 · 던지다
gièm	헐뜯다
gié	(벼의) 이삭 갈래
giêng	정월(tháng giêng)
giền	비름
giềng	(그물) 벼릿줄 · 이웃(láng giềng)
giếm	숨기다(구어)
giếng	우물
giết	죽이다
giễu	놀리다, 조롱하다
giẻ	걸레
giẹp	납작한
gio	재(= tro)
Gioan	요한(= Gio-an)
gioăng	고무 패킹
giong	(징·북을) 치다 · 대나무 장대
giò	다리(동물) · 햄, 소시지(giò lụa)
giòi	구더기
giòn	바삭한 · (웃음이) 경쾌한
gió	바람
gióc	(머리를) 땋다
gióng	(대나무) 마디 · (징을) 치다
Gióp	욥(성경 인물)
giông	뇌우(= dông) · 재수 없는(합성어)
giồi	(분을) 바르다 · 갈고닦다
giồng	(메콩 델타) 둔덕 땅 · 심다(= trồng)
giốc	-
giống	닮다, 같다 · 품종, 종 · (문법) 성
giỗ	제사(기일)
giõi	-
giỏ	바구니
giơ	들어 올리다
giờ	시, 시간 · 지금(= bây giờ)
giời	하늘(= trời)
giới	계, 분야 · 성별(= giới tính) · (생물) 계
giỡn	장난치다, 농담하다(중·남부)
giở	펴다, 펼치다
giọi	(빛이) 비치다
giọng	목소리 · 억양, 말투
giọt	방울
giội	(물을) 끼얹다
giun	지렁이, 벌레
giuống	-
giuộc	자루 달린 되(국자) · 한패(낮잡음)
giuýp	치마
giùi	송곳 · 뚫다
giùm	대신 해 주다(중·남부)
giú	(과일을 덮어) 익히다 · 숨기다(중·남부)
giúp	돕다
giũ	(털어서) 떨다
giũa	줄(연장) · 줄질하다
giủi	-
giương	(활을) 당기다 · (눈을) 크게 뜨다 · 치켜들다
giường	침대
giừ	-
giữ	지키다, 유지하다 · 보관하다
giữa	가운데, 사이
giựt	잡아당기다(= giật)
giục	재촉하다
gì	무엇 · 아무것
gìn	지키다(문어)
gỉ	녹 · 코딱지, 눈곱(북부)
go	(베틀의) 씨실
goá	홀아비·과부가 된
gom	모으다
gò	언덕, 둔덕 · 구부리다
gòn	케이폭 나무 · 솜
góa	과부·홀아비가 된(= goá)
góc	모퉁이, 구석 · 각(도)
gói	꾸러미, 봉지 · 싸다
góp	보태다, 기여하다 · 할부로 내다
gót	뒤꿈치
gô	묶다
gôm	지우개
gôn	골프 · 골(구어)
gông	칼(죄인 목에 씌우는 형틀)
gồm	포함하다, 이루어지다
gồng	(몸에) 힘을 주다
gốc	밑동, 뿌리 · 기원, 원래의
gối	베개 · 무릎(합성어)
gốm	도자기
gỗ	나무, 목재
gõ	두드리다 · (자판을) 치다
gỏi	고이(베트남식 무침 요리)
gơ	-
gờ	돌출된 턱
gờm	꺼리다, 무서워하다
gớm	징그러운, 끔찍한 · 어머나(구어)
gỡ	풀다, 떼어 내다
gở	불길한
gởi	보내다(= gửi)
gợi	불러일으키다
gợn	잔물결 · (마음이) 살짝 걸리다
gọ	-
gọi	부르다 · 전화하다 · 주문하다
gọn	깔끔한, 간결한
gọng	테(안경) · 뼈대
gọt	(칼로) 깎다
gộc	(대나무 등) 밑동 · 굵은
gội	(머리를) 감다
gộp	합치다
gu	취향
guồng	물레, 얼레 · (기계의) 체계
guốc	나막신 · 굽 높은 신 · 발굽
guột	고사리의 일종
gù	꾸꾸(비둘기 소리) · 등이 굽은
gùi	등바구니 · 등에 지다
gùn	(천의) 보풀, 매듭
gút	통풍(병) · 매듭(방언)
gươm	검, 칼
gương	거울 · 본보기
gưởi	-
gượm	잠깐 기다리다
gượng	억지의, 어색한
gừng	생강
gửi	보내다 · 맡기다, 예금하다
gục	(머리를) 푹 숙이다 · 쓰러지다
ha	헥타르 · 그렇지?(남부 구어) · 하하
hai	둘, 2 · 맏이(남부)
ham	탐내다, 좋아하다
han	(녹이) 슬기 시작한
hang	동굴 · 굴
hanh	(공기가) 건조한
hao	소모하다
hay	재미있는, 좋은 · 또는 · 자주
hài	웃긴 · 코미디
hàm	턱 · 계급 · 함수 · 포함하다
Hàn	한국(= Hàn Quốc)
hành	파 · 양파(= hành tây) · 괴롭히다(= hành hạ) · 행하다(합성어)
